Firma Adı;Sektör;Telefon;Web Sitesi;Domain;Adres
01 ALÜMİNYUM GERİ DÖNÜŞÜM METAL İNŞAAT VE SANAYİ TİCARET LİMİTED ŞİRKETİ;Fabrikasyon Metal Ürünleri İmalatı;+90 (532)262-1923;https://www.01aluminyum.com/;01aluminyum.com;Acidereosb Mahallesi Cumhuriyet Bulvari No: 9
4 K PLASTİK AMB. TURZ. TAŞ. PET. ÜRÜN. DAY. TÜK. MAL. TEKS. GIDA VE TAR. ÜRÜN. İNŞ. İTH. İHR. SAN. TİC. LTD. ŞTİ.;Kauçuk ve Plastik Ürünlerin İmalatı;+90 (322)346-1225;http://www.4kplastik.com;4kplastik.com;Acidereosb Mahallesi Lokman Hekim Caddesi No: 2
A-TEKS MÜHENDİSLİK TEKSTİL İNŞ. TURZ. MAD. PAZ. İML. TAAH. İÇ VE DIŞ TİC. LTD. ŞTİ.;Diğer Ulaşım Araçlarının İmalatı;+90 322 459 7926;https://www.ateks.international/;ateks.international;Acıdereosb Mahallesi Çukurova Caddesi 3 Adana Sarıçam
ABDİOĞULLARI  PLASTİK VE AMB.SAN. A.Ş.;Kauçuk ve Plastik Ürünlerin İmalatı;+90 (322)394-3627;http://www.abco.com.tr;abco.com.tr;Acidereosb Mahallesi Sabanci Caddesi No: 8
ACN KİMYASAL MAD. İNŞ. OTO. TEKS. KONF. SAN. VE TİC. A.Ş.;Kimyasalların ve Kimyasal Ürünlerin İmalatı;+90 (322)394-4591;http://www.acnkimya.com;acnkimya.com;Acidereosb Mahallesi Inönü Bulvari No: 24
ADAFER GÜBRE VE TARIM İLÇ. SAN. VE TİC. LTD. ŞTİ.;Diğer Metalik Olmayan Mineral Ürünlerin İmalatı;+90 (322)394-3601;http://www.adafergubre.com;adafergubre.com;Acidereosb Mahallesi Oğuz Kağan Köksal Caddesi No: 23
ADANA ANBARLARI TAŞIMACILIK TİC. VE SAN. LTD. ŞTİ.;Diğer İmalatlar;+90 (322)394-3318;http://www.adanatasimacilik.com.tr;adanatasimacilik.com.tr;Acidereosb Mahallesi Yaşar Doğu Caddesi No: 13
ADANA BORU PROFİL SAC DEMİR ÇELİK HIRD. SAN. VE TİC. LTD. ŞTİ.;Fabrikasyon Metal Ürünleri İmalatı;+90 (322)394-5001;http://www.adanasac.com.tr;adanasac.com.tr;Acidereosb Mahallesi Çanakkale Caddesi No: 8
ADANA ÇELİK HASIR PAZ.SAN.VE TİC. A.Ş.;Fabrikasyon Metal Ürünleri İmalatı;+90 (322)394-3530;http://www.adanacelikhasir.com;adanacelikhasir.com;Acidereosb Mahallesi Çanakkale Caddesi No: 19
ADANA DÖKÜM SAN. A.Ş.;Fabrikasyon Metal Ürünleri İmalatı;+90 (322)394-3330;http://www.adanadokum.com.tr;adanadokum.com.tr;Acidereosb Mahallesi Nilüfer Sokak No: 4
ADANA MENSUCAT SAN.TİC. A.Ş.;Tekstil Ürünlerinin İmalatı;+90 (322)394-3838;http://www.adanamensucat.com.tr;adanamensucat.com.tr;Acidereosb Mahallesi Süleyman Demirel Bulvari No: 6
ADANUS PLASTİK GERİ KAZANIM İTH. İHR. SAN. TİC. LTD. ŞTİ.;Diğer İmalatlar;+90 (322)394-4050;http://www.adanusplastik.com.tr;adanusplastik.com.tr;Acidereosb Mahallesi Vatan Caddesi No: 1
ADM BESİN VE TARIM A. Ş.;Gıda Ürünleri İmalatı;+90 (322)355-4073;https://www.adm.com/;adm.com;Acidereosb Mahallesi 5 Ocak Caddesi No: 2
ADM WİLD GIDA SAN. VE TİC.LTD.ŞTİ.;İçeceklerin İmalatı;+90 (322)394-5280;http://www.wild.de;wild.de;Acidereosb Mahallesi D-400 Karayolu Üzeri No: 41
Adya Mühendislik San. ve Tic. Ltd. Şti.;Fabrikasyon Metal Ürünleri İmalatı;+90(549)141-0400;https://www.adya.com.tr/;adya.com.tr;Yeni Mahalle 4398 Sokak Ercan Demir Sanayi Sitesi A Blok No:6/1b3 Adana Sarıçam
AFM GIDA KİMYA İTH. İHR. TİC. LTD. ŞTİ.;Kimyasalların ve Kimyasal Ürünlerin İmalatı;+90 (322)221-0001;http://www.afmtrade.com;afmtrade.com;Acidereosb Mahallesi Abdullah Gül Bulvari No: 17
AGROCAN TARIMSAL ÜRÜNLER SANAYİ VE TİCARET ANONİM ŞİRKETİ;Kauçuk ve Plastik Ürünlerin İmalatı;+90 (322)394-5506;http://www.agrocansulama.com;agrocansulama.com;Acidereosb Mahallesi Çanakkale Caddesi No: 5
AGROTİME GÜBRE TARIM ÜRN. SAN. VE TİC. LTD. ŞTİ.;Diğer Metalik Olmayan Mineral Ürünlerin İmalatı;+90 (322)248-5248;http://www.agrotimegubre.com.tr;agrotimegubre.com.tr;Acidereosb Mahallesi Taşköprü Caddesi No: 1
AGROVA TARIMSAL ÜRETİM PAZARLAMA VE SANAYİ LİMİTED ŞİRKETİ;Diğer Metalik Olmayan Mineral Ürünlerin İmalatı;+90 (322)394-4658;https://agrova.com.tr/;agrova.com.tr;Acidereosb Mahallesi Seyhan Caddesi No: 6
AHSEN TÜTÜN VE TÜTÜN MAMÜLLERİ SİGARA ÇAY GIDA TARIM MAD. İNŞ. İTH. İHR. SAN. VE DIŞ TİC. LTD. ŞTİ.;Tütün Ürünleri İmalatı;+90 (322)510-1010;http://www.ahsentobacco.com;ahsentobacco.com;Acidereosb Mahallesi Ordu Caddesi No: 17
AKBANK T.A.Ş. HACI SABANCI ORGANİZE SANAYİ BÖLGESİ ŞUBESİ;Diğer İmalatlar;+90 (322)394-4204;http://www.akbank.com.tr;akbank.com.tr;Acidereosb Mahallesi Turgut Özal Bulvari No: 7
Akdeniz Otomotiv Ticaret ve Sanayi Limited Şirketi;Fabrikasyon Metal Ürünleri İmalatı;+90(322)441-2223;https://denizegzoz.com/;denizegzoz.com;Büyükdikili Mahallesi 93025 Sokak No: 9/A Adana Seyhan
AKMETAL METAL VE İZL. TİC. VE TAAH. LTD. ŞTİ.;Fabrikasyon Metal Ürünleri İmalatı;+90 (322)394-3536;http://www.akmetalltd.com.tr;akmetalltd.com.tr;Acidereosb Mahallesi Çanakkale Caddesi No: 7
AKO MERMER KABLO TAŞIMACILIK SAN. VE TİC. LTD. ŞTİ.;Diğer İmalatlar;+90 (322)394-4190;http://www.akomermer.com.tr;akomermer.com.tr;Acidereosb Mahallesi Atatürk Bulvari No: 40
AKUS AMBALAJ PLASTİK VE TEKSTİL A. Ş.;Kauçuk ve Plastik Ürünlerin İmalatı;0322 394 3745;https://www.ursa.com.tr/;ursa.com.tr;Acıdereosb Mahallesi Zübeyde Hanım Caddesi No: 3  Sarıçam / Adana
Al Jazıra Kimya İnş. İhr. İth. San. ve Tic. Ltd. Şti.;Kimyasalların ve Kimyasal Ürünlerin İmalatı;+90(212)999-9280;https://alwazirgroup.com/;alwazirgroup.com;Acıdereosb Mahallesi Oğuz Kağan Köksal Caddesi 17 Adana Sarıçam
ALBARAKA TÜRK KATILIM BANKASI A.Ş.;Diğer İmalatlar;+90 (322)394-5329;http://www.albaraka.com.tr;albaraka.com.tr;Acidereosb Mahallesi Turgut Özal Bulvari No: 17
ALÇA YAPI İNŞAAT SAN. TİC. LTD. ŞTİ.;Kauçuk ve Plastik Ürünlerin İmalatı;+90 (212)843-2529;http://www.alcayapi.com.tr;alcayapi.com.tr;Acidereosb Mahallesi Toros Caddesi No: 11
Aldanmaz İnşaat Taahhüt Tesisat Plastik Tar. Boya İth. İhr. San. Tic. Ltd. Şti.;Kauçuk ve Plastik Ürünlerin İmalatı;+90(322)332-7726;https://www.valdes.com.tr/;valdes.com.tr;Acıdereosb Mahallesi Hilal Caddesi 11 Adana Sarıçam
ALPA İNŞAAT MALZ. TAAH. SAN. VE TİC. A. Ş.;Kimyasalların ve Kimyasal Ürünlerin İmalatı;+90 (322)346-5956;http://www.tortoise.com.tr;tortoise.com.tr;Acidereosb Mahallesi Çinar Caddesi No: 6
ALPASLAN YOL İNŞAAT TAAHHÜT METAL SAN. VE TİC. A.Ş.;Fabrikasyon Metal Ürünleri İmalatı;+90 (322)324-5040;http://www.alpaslanyol.com;alpaslanyol.com;Acidereosb Mahallesi Şehitler Caddesi No: 15
ALPHA DOKUMA SAN. VE TİC. LTD. ŞTİ.;Tekstil Ürünlerinin İmalatı;03223944518;https://alphadokuma.com/;alphadokuma.com;Acıdere Osb Mh. Cumhuriyet Bul. No: 18/1 Sarıçam / Adana / Türkiye
ALPLA PLASTİK SAN.VE TİC.LTD.ŞTİ.;Kauçuk ve Plastik Ürünlerin İmalatı;+90 (322)455-1200;http://www.alpla.com;alpla.com;Acidereosb Mahallesi Istiklal Caddesi No: 13
Alset Plastik Ambalaj Sanayi Ticaret Limited Şirketi;Kauçuk ve Plastik Ürünlerin İmalatı;;https://www.alsetplastik.com.tr/;alsetplastik.com.tr;Acıdereosb Mahallesi Oğuz Kağan Köksal Caddesi 25 Adana Sarıçam
ALSİS GALVANİZ METAL SAN. VE TİC. LTD.ŞTİ.;Fabrikasyon Metal Ürünleri İmalatı;+90 (322)341-4128;http://www.alsisgalvaniz.com;alsisgalvaniz.com;Acidereosb Mahallesi Toros Caddesi No: 15
Altek Yapı Market San. Tic. Ltd. Şti.;Temel Eczacılık Ürünlerinin ve Eczacılığa İlişkin;+90(322)380-0000;https://altekyapimarket.com.tr/;altekyapimarket.com.tr;Acıdereosb Mahallesi Celal Bayar Bulvarı 44 Adana Sarıçam
ALTIN BİLYA SAN. VE TİC. LTD. ŞTİ.;Fabrikasyon Metal Ürünleri İmalatı;+90 (322)394-3963;http://www.altinbilya.com.tr;altinbilya.com.tr;Acidereosb Mahallesi Istiklal Caddesi No: 15
ALTIN NAR GIDA TARIM İNŞAAT PLASTİK AMB. İTH. İHR. SAN. VE TİC. LTD. ŞTİ.;Gıda Ürünleri İmalatı;+90 (322)502-2580;http://www.narsnack.com.tr;narsnack.com.tr;Acidereosb Mahallesi Sümbül Sokak No: 5
ANADOLU AKRİLİK ELYAF İPL.TEKS.SAN.TİC.LTD.ŞTİ.;Tekstil Ürünlerinin İmalatı;+90 (322)394-4550;http://www.anadoluakrilikelyaf.com;anadoluakrilikelyaf.com;Acidereosb Mahallesi Anafartalar Caddesi No: 9
ANADOLU ANTİMON MADEN SAN. VE TİC. LTD. ŞTİ.;Diğer Metalik Olmayan Mineral Ürünlerin İmalatı;+90 (322)394-3936;http://www.anadoluantimon.com;anadoluantimon.com;Acidereosb Mahallesi Istiklal Caddesi No: 5
ANADOLU DÜNYA KAHVE SAN. VE TİC. LTD. ŞTİ.;Gıda Ürünleri İmalatı;+90 (322)394-3410;http://www.anakur.com;anakur.com;Acidereosb Mahallesi Lokman Hekim Caddesi No: 4
ANKUTSAN ANTALYA KUTU SANAYİ OLUKLU MUKAVVA KAĞIT TİCARET ANONİM ŞİRKETİ;Kağıt ve Kağıt Ürünlerinin İmalatı;+90 (242)249-7700;http://www.ankutsan.com;ankutsan.com;Acidereosb Mahallesi Anafartalar Caddesi No: 1
APRO ALÜMİNYUM SANAYİ VE TİCARET A.Ş.;Fabrikasyon Metal Ürünleri İmalatı;+90 (322)394-5373;https://www.aproaluminium.com/;aproaluminium.com;Acidereosb Mahallesi Çanakkale Caddesi No: 22
ARES ISI TRANSFER SİSTEMLERİ SAN. VE TİC. A.Ş.;Fabrikasyon Metal Ürünleri İmalatı;+90 (322)394-3285;http://www.aresphe.com;aresphe.com;Acidereosb Mahallesi Ordu Caddesi No: 4
ARES PLAKALI EŞANJÖR SAN.VE TİC.LTD.ŞTİ.;Fabrikasyon Metal Ürünleri İmalatı;+90 (322)394-3200;http://www.aresphe.com;aresphe.com;Acidereosb Mahallesi Ordu Caddesi No: 4
Argema Endüstriyel Kimya A. Ş.;Kok Kömürü ve Rafine Edilmiş Petrol Ürünleri İmalatı;+90(322)502-4431;https://argema.com.tr/;argema.com.tr;Acıdereosb Mahallesi Yaşar Doğu Caddesi No: 15 Adana Sarıçam
ARİFOĞLU DOKUMA TEKSTİL İPLİK PAZARLAMA SAN. VE TİC. A.Ş.;Tekstil Ürünlerinin İmalatı;+90 (322)394-3022;http://www.arifogluiplik.com.tr;arifogluiplik.com.tr;Acidereosb Mahallesi Atatürk Bulvari No: 51
ARSLAN YAPI KİMYASALLARI END.MAK.İNŞ.SAN.VE TİC.LTD.ŞTİ.;Diğer Metalik Olmayan Mineral Ürünlerin İmalatı;+90 (322)346-6187;http://www.cemix.com.tr;cemix.com.tr;Acidereosb Mahallesi Hilal Caddesi No: 1
ARTEK İNŞAAT TAAHHÜT TURİZM TEKSTİL TARIM GIDA SANAYİ VE TİCARET LİMİTED ŞİRKETİ;Fabrikasyon Metal Ürünleri İmalatı;+90 (322)454-5354;http://www.artekcons.com;artekcons.com;Acidereosb Mahallesi Celal Bayar Bulvari No: 31
ARTEK KİMYA TEKSTİL MAK. ÇEVRE SAN. VE TİC. LTD. ŞTİ.;Kimyasalların ve Kimyasal Ürünlerin İmalatı;+90 (322)394-3604;http://www.artekkimya.com;artekkimya.com;Acidereosb Mahallesi Şehitler Sokak No: 4
ASFA PLASTİK VE METAL SAN.PAZ.DIŞ.TİC.A.Ş.;Kauçuk ve Plastik Ürünlerin İmalatı;+90 (322)394-3440;http://www.asfagroup.com;asfagroup.com;Acidereosb Mahallesi Atatürk Bulvari No :49
ASFA ULUSLAR ARASI İNŞAAT SAN. VE TİC. A.Ş.;Tekstil Ürünlerinin İmalatı;+90 322 458 2416;https://www.asfagroup.com/;asfagroup.com;Acıdereosb Mahallesi Atatürk Bulvarı No: 49  Sarıçam / Adana
ASLANBAŞ ÇİVİ TEL ÇELİK HASIR GIDA TARIM İNŞ. VE TAAH. SAN. VE TİC. A.Ş.;Fabrikasyon Metal Ürünleri İmalatı;+90 (322)311-0482;http://www.aslanbas.com.tr;aslanbas.com.tr;Acidereosb Mahallesi Inönü Bulvari No: 16
ASLANKAYA MADENCİLİK VE ENERJİ SAN. TİC. LTD. ŞTİ.;Diğer Metalik Olmayan Mineral Ürünlerin İmalatı;0342 325 6555;https://aslankaya.com/;aslankaya.com;Acıdereosb Mah. Yaşar Doğu Cad. No:9/1 Sarıçam / ADANA
ASLANLAR METAL ALÜMİNYUM ANONİM ŞİRKETİ;Fabrikasyon Metal Ürünleri İmalatı;+90 (322)394-4510;http://www.aslanlarmetal.com;aslanlarmetal.com;Acidereosb Mahallesi Mevlana Caddesi No: 2
Astronergy Solar Panel Üretim ve Tic. A. Ş.;Elektrikli Teçhizat İmalatı;+90(216)621-0055;https://astronergy.com.tr/;astronergy.com.tr;Acıdereosb Mahallesi Sedef Caddesi 1 Adana Sarıçam
ATESA TEKS. İNŞ. SAN. VE TİC. A.Ş;Tekstil Ürünlerinin İmalatı;+90 (322)394-3542;http://www.atesa.com.tr;atesa.com.tr;Acidereosb Mahallesi Cumhuriyet Bulvari No: 17
ATLANTİK MOBİLYA PLASTİK AMB. ÜRÜN. VE İTH. İHR. SAN. TİC. LTD. ŞTİ.;Kauçuk ve Plastik Ürünlerin İmalatı;+90 532 203 0564;http://atlantikplastik.com.tr;atlantikplastik.com.tr;Acidereosb Mahallesi Lale Sokak No: 5
ATLAS TOHUM ZİRAAT LTD.ŞTİ.;Diğer Metalik Olmayan Mineral Ürünlerin İmalatı;+90 (322)351-0964;http://www.atlastohum.com;atlastohum.com;Acidereosb Mahallesi Hilal Caddesi No: 19
ATLASDENİM TEKSTİL SANAYİ VE TİCARET ANONİM ŞİRKETİ;Giyim Eşyalarının İmalatı, Tekstil Ürünlerinin İmalatı;+90 (322)550-0500;https://www.atlasdenim.com.tr/;atlasdenim.com.tr;Acidereosb Mahallesi Misis Caddesi No: 11
AYDOS KİMYA SAN. VE TİC. A.Ş. ADANA ŞUBESİ;Kimyasalların ve Kimyasal Ürünlerin İmalatı;+90(322)394-4833;https://www.aydos.com.tr/tr;aydos.com.tr;Acidereosb Mahallesi Çanakkale Caddesi No: 7
AYPAKS GIDA AMB.SAN.LTD.ŞTİ.;Kağıt ve Kağıt Ürünlerinin İmalatı;+90 (322)394-4970;http://www.aypaks.com.tr;aypaks.com.tr;Acidereosb Mahallesi Atatürk Bulvari No: 22
Aysan Tarım Ürünleri Lisanslı Depoculuk A. Ş.;Gıda Ürünleri İmalatı;+90(322)394-4929;https://www.aysanas.com/;aysanas.com;Acıdereosb Mahallesi Fuzuli Caddesi 5 Adana Sarıçam
Aytek Dokuma Tekstil İnşaat San. ve Tic. Ltd. Şti.;Tekstil Ürünlerinin İmalatı;+90 532 130 20 01;https://aytekdokuma.com;aytekdokuma.com;Acıdere Osb Mh. Sedef Cd. No:5 Sarıçam / Adana / Türkiye
BAKIRLAR TEKSTİL SAN. VE TİC. A.Ş.;Tekstil Ürünlerinin İmalatı;+90 (322)394-4545;http://www.bakirlar.com.tr;bakirlar.com.tr;Acidereosb Mahallesi Sanayi Caddesi No: 1
BARIŞ ENDÜSTRİYEL ENERJİ SİSTEMLERİ A.Ş.;Fabrikasyon Metal Ürünleri İmalatı;+90 (322)456-1414;https://www.barisenerji.com/;barisenerji.com;Acidereosb Mahallesi Magarsuz Caddesi No: 8
BAŞAK SİLO SİSTEMLERİ İNŞAAT SANAYİ VE TİCARET ANONİM ŞİRKETİ;Fabrikasyon Metal Ürünleri İmalatı;+90 (322)394-3630;http://www.basaksilo.com;basaksilo.com;Acidereosb Mahallesi Hilal Caddesi No: 17
BAŞDOĞAN HALI TEKS.SAN.VE TİC. LTD. ŞTİ.;Tekstil Ürünlerinin İmalatı;+90 (322)394-3356;http://www.basdoganhali.com;basdoganhali.com;Acidereosb Mahallesi Karacaoğlan Caddesi No: 10
BAŞERGÜN BOYA VE KİMYA İNŞ. SAN. TİC. A.Ş.;Kimyasalların ve Kimyasal Ürünlerin İmalatı;0242 258 16 30;https://cubo.com.tr/;cubo.com.tr;ACIDEREOSB MAH. NİLÜFER SK. NO: 5 SARIÇAM / ADANA
BCN TEKSTİL SAN. TİC. LTD. ŞTİ.;Tekstil Ürünlerinin İmalatı;+90 (322)394-3711;http://www.bcntextile.com;bcntextile.com;Acidereosb Mahallesi Atatürk Bulvari No: 27
BESEN PLASTİK VE AMB. SAN. VE TİC. LTD. ŞTİ.;Kauçuk ve Plastik Ürünlerin İmalatı;+90 (322)394-5156;http://www.besenplastik.com.tr;besenplastik.com.tr;Acidereosb Mahallesi Oğuz Kağan Köksal Caddesi No: 25
BETA ENERJİ TEKNOLOJİ A.Ş.;Elektrikli Teçhizat İmalatı;03223944253;https://betaenerji.com/;betaenerji.com;Beta Enerji, Adana, Türkiye, Suluca, Adana, Turkey 01350
BETA GIDA SAN.VE TİC. A.Ş.;İçeceklerin İmalatı;+90 (322)457-7207;http://www.beta.com.tr;beta.com.tr;Acidereosb Mahallesi Fuzuli Caddesi No: 1
BEYAZ KAĞIT VE HİJ. ÜRN. TEM. İNŞ. SAN. TİC. A.Ş.;Kağıt ve Kağıt Ürünlerinin İmalatı;+90 (322)394-4111;http://www.beyazkagit.com.tr;beyazkagit.com.tr;Acidereosb Mahallesi Anavarza Caddesi No: 3
BEYTEKS TİCARET PAZARLAMA LİMİTED ŞİRKETİ;Tekstil Ürünlerinin İmalatı;+90 (322)394-3991;https://www.beyteks.com/;beyteks.com;Acidereosb Mahallesi Ceyhan Caddesi No: 7
Bİ-PLAST PLASTİK MÜHENDİSLİK LOJ. TAŞ. TUR. İNŞ. İTH. İHR. SAN. LTD. ŞTİ;Kauçuk ve Plastik Ürünlerin İmalatı;+90 (322)394-5433;http://www.bi-plast.com.tr;bi-plast.com.tr;Acidereosb Mahallesi Süleyman Demirel Bulvari No: 40
BİLGÜN TEKSTİL SAN.VE TİC. A.Ş.;Tekstil Ürünlerinin İmalatı;+90 (322)394-3637;http://www.bilguntekstil.com;bilguntekstil.com;Acidereosb Mahallesi Atatürk Bulvari No: 5
BİLİCİ YATIRIM SAN.VE TİC. A. Ş.;Tekstil Ürünlerinin İmalatı;+90 (322)394-4410;http://www.biliciyatirim.com;biliciyatirim.com;Acidereosb Mahallesi Atatürk Bulvari No: 7
BİLSEN KİMYA SAN.TİC.LTD.ŞTİ.;Kimyasalların ve Kimyasal Ürünlerin İmalatı;+90 (322)394-3734;http://www.bilsenkimya.com;bilsenkimya.com;Acidereosb Mahallesi Ismet Atli Caddesi No: 1
BİM BİRLEŞİK MAĞAZALAR A.Ş.;Gıda Ürünleri İmalatı;+90 (322)394-4243;http://www.bim.com.tr;bim.com.tr;Acidereosb Mahallesi Istiklal Caddesi No: 21
BİRAY KİMYA SAN. VE TİC. A. Ş.;Kimyasalların ve Kimyasal Ürünlerin İmalatı;+90(533)4608792;http://biraykimya.com.tr/;biraykimya.com.tr;Acidereosb Mahallesi Zafer Caddesi No: 12
BİSMAK MEKANİK KUMLAMA BOYA İNŞ. İTH. İHR. SAN. TİC. A.Ş;Fabrikasyon Metal Ürünleri İmalatı;05525362922;https://bismakmekanik.com/;bismakmekanik.com;Acıdere OSB, 01350 Sarıçam/Adana
BİZİM TOPTAN SATIŞ MAĞAZALARI A.Ş.;Diğer İmalatlar;+90 (322)457-7269;http://www.bizimtoptan.com.tr;bizimtoptan.com.tr;Kuşbakişi Caddesi Altunizade No:19
Boler Tekstil San. ve Tic. Ltd. Şti.;Tekstil Ürünlerinin İmalatı;+90(549)737-1855;https://www.boler.com.tr/;boler.com.tr;Acıdereosb Mahallesi Ceyhan Caddesi No: 10 Adana Sarıçam
BORŞEN BORU SANAYİ VE TİCARET ANONİM ŞİRKETİ;Fabrikasyon Metal Ürünleri İmalatı;+90 (322)502-0205;http://www.borsenboru.com;borsenboru.com;Dudullu Organize Sanayi Bölgesi 3. Cadde No: 20
BOSSA TİCARET VE SANAYİ İŞLETMELERİ T.A.Ş. DENİM İŞLETMELERİ ŞUBESİ;Tekstil Ürünlerinin İmalatı;+90 (322)394-3030;http://www.bossa.com.tr;bossa.com.tr;Acidereosb Mahallesi Celal Bayar Bulvari No: 3
BOSSKİM KİMYASAL MADDELER TEKS. İNŞ. OTOM. LOJ. SAN. VE TİC. PAZ. LTD. ŞTİ.;Kimyasalların ve Kimyasal Ürünlerin İmalatı;0322- 346 20 28;http://www.bosskim.com;bosskim.com;ACIDERE OSB MAH.ŞEHİTLER CAD.NO:6 SARIÇAM/ADANA
BPS PETROL ÜRN. MAD. YAĞ  SAN. TİC. LTD. ŞTİ.;Diğer İmalatlar;+90 (322)394-3552;http://www.bpsyag.com;bpsyag.com;Acidereosb Mahallesi Yaşar Doğu Caddesi No: 11
BTD TEKSTİL SAN.VE TİC. A.Ş.;Tekstil Ürünlerinin İmalatı;+90 (322)394-4578;http://www.btdtextile.com;btdtextile.com;Acidereosb Mahallesi Atatürk Bulvari No: 28
BTV KİMYA SAN.VE TİC. A.Ş.;Diğer İmalatlar;+90 322 394 4482;http://www.btvkimya.com.tr;btvkimya.com.tr;Acıdereosb Mahallesi Ordu Caddesi No: 3
BURAK INOX SOLAR ISI SİS.SAN.TİC.A.Ş.;Fabrikasyon Metal Ürünleri İmalatı;+90 (322)394-4030;http://www.burakinoks.com.tr;burakinoks.com.tr;Acidereosb Mahallesi Oğuz Kağan Köksal Caddesi No: 11
BYS KİMYA SANAYİ VE TİCARET ANONİM ŞİRKETİ;Kimyasalların ve Kimyasal Ürünlerin İmalatı;+90 (322)394-4666;http://www.asparaffin.com;asparaffin.com;Acidereosb Mahallesi Atatürk Bulvari No: 16
CAMSU PLASTİK TEKNOLOJİ SAN. TİC. A. Ş.;Kauçuk ve Plastik Ürünlerin İmalatı;+90 (322)504-2277;https://camsuplastik.com/;camsuplastik.com;
CAN KİMYEVİ MADDELER GERİ KAZANIM ARITMA BERTARAF NAK.SAN.VE TİC.LTD.ŞTİ.;Kimyasalların ve Kimyasal Ürünlerin İmalatı;+90 (322)394-3622;http://www.sonmezlergroup.com;sonmezlergroup.com;Acidereosb Mahallesi Atatürk Bulvari No: 16
CANADA GREEN GATE KOZMETİK ÜRÜNLERİ SAN. VE TİC.A.Ş.;Kimyasalların ve Kimyasal Ürünlerin İmalatı;+90 (322)394-4850;http://www.canadagreengate.com;canadagreengate.com;Acidereosb Mahallesi Çanakkale Caddesi No: 6
Cen Ak İş Makinaları ve Yedek Parça San. Tic. A.Ş.;Başka Yerde Sınıflandırılmamış Makina ve Ekipman İmalatı;+90(322)351-1438;https://www.cen-ak.com/;cen-ak.com;Acıdereosb Mahallesi Magarsus Caddesi No: 4 Adana Sarıçam
CEYTECH MAKİNA SANAYİ VE TİCARET ANONİM ŞİRKETİ;Motorlu Kara Taşıtı, Treyler (Römork) ve Yarı Treylerin İmalatı;+90 (322)394-3900;http://www.ceylangroup.com.tr;ceylangroup.com.tr;Acidereosb Mahallesi Celal Bayar Bulvari No: 8
CHC MERMER İNŞ. MÜH. EML. PET. TURZ. GIDA TAR. TEKS. SAN. VE TİC. A.Ş.;Diğer İmalatlar;+90 (322)453-7606;http://www.chcmermer.com.tr;chcmermer.com.tr;Acidereosb Mahallesi Menekşe Sokak No: 16
CHRYSO-KAT KATKI MALZ.SAN.VE TİC.A.Ş. ADANA ŞUBESİ;Kimyasalların ve Kimyasal Ürünlerin İmalatı;+90 (322)503-0154;http://www.chryso.com.tr;chryso.com.tr;Acidereosb Mahallesi Hilal Caddesi No: 13
CMA MAKİNA İMALAT İTH. İHR. SAN. VE TİC. LTD. ŞTİ.;Başka Yerde Sınıflandırılmamış Makina ve Ekipman İmalatı;+90 (322)346-1544;http://www.cmamakine.com.tr;cmamakine.com.tr;Acidereosb Mahallesi Ordu Caddesi No: 19
CON-IMEX PRE.İNŞ.SAN.VE TİC.LTD.ŞTİ.;Fabrikasyon Metal Ürünleri İmalatı;+90 (322)394-4753;http://www.con-imex.com;con-imex.com;Acidereosb Mahallesi 23 Nisan Caddesi No: 8
Coruk Hurdacılık ve Tekstil Ticareti;Kağıt ve Kağıt Ürünlerinin İmalatı;+90(322)394-3825;https://corukambalaj.com/;corukambalaj.com;Acıdereosb Mahallesi İsmet Atlı Caddesi 17 Adana Sarıçam
Ctn Makina Sanayi Ve Ticaret Anonim Şirket;Fabrikasyon Metal Ürünleri İmalatı;+90 (322)394-4990;http://www.ctn-group.com;ctn-group.com;Acidereosb Mahallesi Ismet Atli Caddesi No: 20
Çatalbaş Elektrik Enerji San. Tic. Ltd. Şti.;Elektrikli Teçhizat İmalatı;+90(322)503-3398;https://ctbelektrik.com.tr;ctbelektrik.com.tr;Acıdereosb Mahallesi Baklalı Caddesi No: 17 Adana Sarıçam
Çeliksan Ticari Araçlar San. ve Tic. Ltd. Şti.;Motorlu Kara Taşıtı, Treyler (Römork) ve Yarı Treylerin İmalatı;+90(322)394-3301;https://celiksantreyler.com;celiksantreyler.com;Acıdere Mahallesi 6695 Sokak No: 29 Adana Sarıçam
ÇİMSA ÇİMENTO SAN.VE TİC.A.Ş.;Diğer Metalik Olmayan Mineral Ürünlerin İmalatı;+90 (322)394-3420;http://www.cimsa.com.tr;cimsa.com.tr;Acidereosb Mahallesi Çanakkale Caddesi No: 15
ÇOKYAŞAR TEL ÖRME VE DOK. TEL GAL. ÇİVİ SAN. TİC. A. Ş.;Fabrikasyon Metal Ürünleri İmalatı;+90 (322)394-4535;http://www.cokyasar.com.tr;cokyasar.com.tr;Acidereosb Mahallesi Inönü Bulvari No: 19
ÇÖZÜMÇELİK İNŞAAT TAAH. İML. SAN. VE TİC. LTD.ŞTİ.;Fabrikasyon Metal Ürünleri İmalatı;+90 (541)950-1270;https://www.cozumcelik.com/tr;cozumcelik.com;Acidereosb Mahallesi Toros Caddesi No:17
ÇUKUROVA BOMBE VE MAKİNA SAN. TİC. LTD. ŞTİ.;Fabrikasyon Metal Ürünleri İmalatı;+90 (532)798-8360;http://www.cukurovabombe.com;cukurovabombe.com;Acidereosb Mahallesi 23 Nisan Caddesi No: 6
ÇUKUROVA POLİSTREN MADEN HURDA AKARYAKIT İNŞ. TURZ. SAN. VE TİC. LTD. ŞTİ.;Kauçuk ve Plastik Ürünlerin İmalatı;+90 (322)428-2951;http://www.cukurovapolistren.com;cukurovapolistren.com;Acidereosb Mahallesi Fuzuli Caddesi No: 4
ÇUKUROVA SİLO İŞLETMECİLİĞİ VE MAK. SAN. İNŞ. TİC. LTD. ŞTİ.;Fabrikasyon Metal Ürünleri İmalatı;+90 (322)394-5460;https://www.cukurovasilo.com;cukurovasilo.com;Acidereosb Mahallesi Oğuz Kağan Köksal Caddesi No: 7
DAVULCU BOYA TİC.LTD.ŞTİ.;Kimyasalların ve Kimyasal Ürünlerin İmalatı;+90 (322)394-4161;http://www.davulcuboya.com;davulcuboya.com;Acidereosb Mahallesi Sümbül Sokak No: 3
DAVUT PANEL VE SAC SAN.TİC. A.Ş.;Fabrikasyon Metal Ürünleri İmalatı;+90 (322)550-5001;http://www.davutpanel.com.tr;davutpanel.com.tr;Acidereosb Mahallesi Baklali Caddesi No: 22
DCT TARIM DIŞ TİCARET ANONİM ŞİRKETİ;Başka Yerde Sınıflandırılmamış Makina ve Ekipman İmalatı;+90 (322)311-4048;http://www.dcttarim.com.tr;dcttarim.com.tr;Acidereosb Mahallesi Cumhuriyet Bulvari No: 6
DELLA GIDA SAN. VE TİC. A. Ş.;Gıda Ürünleri İmalatı, İçeceklerin İmalatı;+90(850)221-1200;https://www.dydodrinco.com.tr/;dydodrinco.com.tr;Acıdere OSB, Celal Bayar Cd. No:15, 01410 Sarıçam/Adana
Dem Çatı İnşaat Hafr. San. ve Tic. Ltd. Şti.;Fabrikasyon Metal Ürünleri İmalatı;;https://www.deminsaatadana.com/;deminsaatadana.com;Acıdereosb Mahallesi Ordu Caddesi No:1 Adana Sarıçam
DEMİRAĞLAR ORM.ÜRN.SAN VE TİC.LTD.ŞTİ.;Ağaç, Ağaç Ürünleri ve Mantar Ürünleri İmalatı;+90 (322)394-4444;http://www.demiraglar.com.tr;demiraglar.com.tr;Acidereosb Mahallesi Ceyhan Caddesi No: 14
DENLİ DİPÇİK KERESTE TURİZM TİC.A.Ş.;Ağaç, Ağaç Ürünleri ve Mantar Ürünleri İmalatı;+90 (322)394-3788;http://www.denli.ch;denli.ch;Acidereosb Mahallesi Çukurova Caddesi No: 5
DENTAŞ AMBALAJ VE KAĞIT SAN. A.Ş.;Kağıt ve Kağıt Ürünlerinin İmalatı;+90 (322)394-4710;http://www.dentas.com.tr;dentas.com.tr;Acidereosb Mahallesi Yunus Emre Caddesi No: 4
Dexcon Yapı İnşaat ve Sanayi A.Ş.;Fabrikasyon Metal Ürünleri İmalatı;+90(546)806 8800;https://dexcon.com.tr/;dexcon.com.tr;Acıdereosb Mahallesi Dökümcüler Caddesi No:7/A Adana Sarıçam
DİNÇKAN MAKİNA İNŞAAT TURİZM VE TEKSTİL LİMİTED ŞİRKET;Tekstil Ürünlerinin İmalatı;+90 (322)394-4772;http://www.dinckan.com;dinckan.com;Acidereosb Mahallesi Süleyman Demirel Bulvari No: 3
DİSTON ALÜMİNYUM SANAYİ TİCARET LİMİTED ŞİRKETİ;Kauçuk ve Plastik Ürünlerin İmalatı;+90 (322)394-5320;https://distonaluminyum.com/;distonaluminyum.com;Acidereosb Mahallesi Süleyman Demirel Bulvari No: 17
DOĞAN MAKİNA VE TRAKTÖR YEDEK PARÇA İML. VE İTH. İHR. PAZ. VE TİC. LTD. ŞTİ.;Başka Yerde Sınıflandırılmamış Makina ve Ekipman İmalatı;+90 (322)321-6405;https://www.doganmakinasan.com/;doganmakinasan.com;Acidereosb Mahallesi Oğuz Kağan Köksal Caddesi No: 17
DOĞANAY GIDA TARIM VE HAYVANCILIK SAN.VE TİC. A.Ş;İçeceklerin İmalatı;+90 (322)394-3777;http://www.doganaygida.com.tr;doganaygida.com.tr;Acidereosb Mahallesi Süleyman Demirel Bulvari No: 13
DRK TÜTÜN SANAYİ VE TİCARET LİMİTED ŞİRKETİ;Tütün Ürünleri İmalatı;+90 (322)394-4728;http://www.drktutun.com;drktutun.com;Acıdere OSB, Yaşar Doğu Cd., 01790 Sarıçam/Adana
DÜNYA POLİSTREN GRUP  SAN.VE TİC. LTD.ŞTİ.;Kauçuk ve Plastik Ürünlerin İmalatı;+90 (322)394-4910;http://www.dunyadekor.com.tr;dunyadekor.com.tr;Acidereosb Mahallesi Süleyman Demirel Bulvari No: 26
Ekol Boru ve Ekipm. İml. Sıhhi Tes. Ürün. Boya İnş. İnş. Malz. İth. İhr. San. ve Tic. Paz. Ltd. Şti;Kauçuk ve Plastik Ürünlerin İmalatı;+90 322 225 96 31;https://www.ekolboru.com/;ekolboru.com;Acıdereosb Mahallesi Dökümcüler Caddesi No: 11/1 Adana Sarıçam
EKSOY KİMYA SAN.VE TİC. A.Ş.;Kimyasalların ve Kimyasal Ürünlerin İmalatı;+90 (322)394-3995;http://www.eksoy.com;eksoy.com;Acidereosb Mahallesi Zübeyde Hanim Caddesi No: 4
ELİTAŞ GRUP PLASTİK SAN. TİC. LTD. ŞTİ.;Kauçuk ve Plastik Ürünlerin İmalatı;+90 (322)328-8888;https://elitasgrup.com/;elitasgrup.com;Acidereosb Mahallesi Abdullah Gül Bulvari No: 4
ELZ MAKİNE NAKLİYE İNŞ. SAN. VE TİC. LTD. ŞTİ.;Fabrikasyon Metal Ürünleri İmalatı;0322 259 0303;https://www.elz.com.tr/;elz.com.tr;Acıdere OSB, Baklalı Cad. No:14, 01410 Sarıçam/Adana
EMS PLASTİK BORU SIH. TES. MALZ. GÜNEŞ ENER. İML. İNŞ. İTH. SAN. VE TİC. PAZ. LTD. ŞTİ.;Kauçuk ve Plastik Ürünlerin İmalatı;+90 (322)394-5494;http://www.emsplastic.com.tr;emsplastic.com.tr;Acidereosb Mahallesi Inönü Bulvari No: 30
EMSAN ELEKTRİK PROJE TAAH.VE TİC A.Ş.;Elektrikli Teçhizat İmalatı;+90 (322)394-3738;http://www.emsanelk.com.tr;emsanelk.com.tr;Acidereosb Mahallesi Çanakkale Caddesi No: 12
EPAŞ DÖKÜM VE PLASTİK SANAYİ TİCARET A.Ş.;Fabrikasyon Metal Ürünleri İmalatı;+90 (322)394-3909;http://www.epasdokum.com.tr;epasdokum.com.tr;Acidereosb Mahallesi Çiğdem Sokak No: 4
ERLER BOYA SANAYİ VE TİCARET LİMİTED ŞİRKETİ;Kimyasalların ve Kimyasal Ürünlerin İmalatı;+90 (322)394-3444;https://saselboya.com/;saselboya.com;Acidereosb Mahallesi Menekşe Sokak No: 11
Ersatlas Plastik San. Tic. Ltd. Şti.;Kauçuk ve Plastik Ürünlerin İmalatı;;https://www.sinanatlasplastik.com/;sinanatlasplastik.com;Acıdereosb Mahallesi Anafartalar Caddesi No: 7 Adana Sarıçam
ERSOPLAST PLASTİK SANAYİ VE TİCARET ANONİM ŞİRKETİ;Kauçuk ve Plastik Ürünlerin İmalatı;+90 (322)341-4141;http://www.ersoplast.com;ersoplast.com;Acidereosb Mahallesi Atatürk Bulvari No: 43
ERTAR KİMYA TARIM ÜRÜNLERİ VE ALETLERİ İMALAT PAZARLAMA SANAYİ VE TİCARET LİMİTED ŞİRKETi;Kimyasalların ve Kimyasal Ürünlerin İmalatı;+90 (322)394-4903;http://www.ertarkimya.com;ertarkimya.com;Acidereosb Mahallesi Zafer Caddesi No: 8
ESEN PLASTİK SANAYİ TİCARET ANONİM ŞİRKETİ;Kauçuk ve Plastik Ürünlerin İmalatı;+90 (505)190-4231;http://www.esenctp.com;esenctp.com;Acidereosb Mahallesi Atatürk Bulvari No: 55
ESKA GERİ DÖNÜŞÜM SAN. ve TİC. LTD. ŞTİ.;Kağıt ve Kağıt Ürünlerinin İmalatı;+90 532 113 41 44;https://www.eskageridonusum.com/;eskageridonusum.com;Acıdereosb Mah. Süleyman Demirel Blv. No: 28 Sarıçam / ADANA
EVREN GIDA SAN.VE TİC.LTD.ŞTİ.;Gıda Ürünleri İmalatı;+90 (322)394-5151;http://www.evrengida.com;evrengida.com;Acidereosb Mahallesi Toros Caddesi No: 19
EXPEL İLAÇ SANAYİ VE TİCARET ANONİM ŞİRKETİ;Kimyasalların ve Kimyasal Ürünlerin İmalatı;444-1993;http://www.expel.com.tr;expel.com.tr;Acidereosb Mahallesi Zafer Caddesi No: 10
EZER TEKSTİL İML. SAN. TİC. LTD. ŞTİ.;Tekstil Ürünlerinin İmalatı;+90 (322)394-3450;http://www.ezertekstil.com.tr;ezertekstil.com.tr;Acidereosb Mahallesi Süleyman Demirel Bulvari No: 32
F.K.F. TEKSTİL SAN.VE TİC.LTD.ŞTİ.;Tekstil Ürünlerinin İmalatı;+90 (322)503-0001;http://www.fkf.com.tr;fkf.com.tr;Acidereosb Mahallesi Hilal Caddesi No: 4
FARADAY PETROL KİMYA A. Ş.;Diğer İmalatlar;+90 (322)502-2595;https://lubrix.com.tr/;lubrix.com.tr;Acidereosb Mahallesi Anafartalar Caddesi No: 15
FİLPA AMBALAJ VE DIŞ TİC. A. Ş.;Kauçuk ve Plastik Ürünlerin İmalatı;;https://www.filpa.com.tr/;filpa.com.tr;
FİXA YAPI KİMYASALLARI SAN.VE TİC.LTD.ŞTİ.;Kimyasalların ve Kimyasal Ürünlerin İmalatı;+90 (322)394-4242;http://www.fixa.com.tr;fixa.com.tr;Acidereosb Mahallesi Süleyman Demirel Bulvari No: 30
FORM STYROPOR YATILIM AMB. SAN. VE TİC. LTD. ŞTİ.;Diğer İmalatlar;+90 352 322 0030;https://www.formpor.com/;formpor.com;
FURTEKS ENERJİ İNŞAAT TEKSTİL ÜRÜNLERİ SAN. VE TİC. LTD. ŞTİ.;Tekstil Ürünlerinin İmalatı;+90 (322)394-4787;http://www.furteksdokuma.com.tr;furteksdokuma.com.tr;Acidereosb Mahallesi Çinar Caddesi No: 3
GALMETSAN GALVANİZLİ METALLER ÇELİK KONS. SAN.VE TİC. LTD. ŞTİ.;Fabrikasyon Metal Ürünleri İmalatı;+90 (322)394-4686;http://www.galmetsan.com.tr;galmetsan.com.tr;Acidereosb Mahallesi Zafer Caddesi No: 14
GAP ÇAY GIDA SANAYİ İTHALAT İHRACAT PAZARLAMA TİCARET LİMİTED ŞİRKETİ;İçeceklerin İmalatı;+90 (322)394-4624;http://www.gapcay.com;gapcay.com;Acidereosb Mahallesi Cumhuriyet Bulvari No: 24
GARANTİ BANKASI A.Ş.;Diğer İmalatlar;+90 (322)355-5350;http://www.garanti.com.tr;garanti.com.tr;Acidereosb Mahallesi Turgut Özal Bulvari No: 11
GE-TA TARIM VE GIDA SAN. TİC. A.Ş.;İçeceklerin İmalatı;+90 (322)394-4741;http://www.exotic.com.tr;exotic.com.tr;Acidereosb Mahallesi Ordu Caddesi No: 11
GEMSA BOYA SAN.VE TİC.LTD.ŞTİ.;Kimyasalların ve Kimyasal Ürünlerin İmalatı;+90 (322)394-3776;http://www.gemsaboya.com.tr;gemsaboya.com.tr;Acidereosb Mahallesi Ismet Atli Caddesi No: 22
GENTA MAK. İNŞ. TURZ. VE HAY. SAN. TİC. LTD. ŞTİ.;Fabrikasyon Metal Ürünleri İmalatı;+90 (322)394-3714;http://www.gentamakina.com;gentamakina.com;Acidereosb Mahallesi Taşköprü Caddesi No: 7
GER MÜHENDİSLİK İMALAT VE TİCARET ANONİM ŞİRKETİ;Fabrikasyon Metal Ürünleri İmalatı;+90 (322)394-5420;http://www.germuhendislik.com.tr;germuhendislik.com.tr;Acidereosb Mahallesi Anafartalar Caddesi No: 8
GERMAKSAN MAKİNA SANAYİ VE TİCARET ANONİM ŞİRKETİ;Başka Yerde Sınıflandırılmamış Makina ve Ekipman İmalatı;+90 (322)346-4225;http://www.germaksan.com.tr;germaksan.com.tr;Acidereosb Mahallesi Toros Caddesi No: 27
GİZEM ZEYTİNCİLİK GIDA İTH. İHR. SAN. TİC. A.Ş.;Gıda Ürünleri İmalatı;+90 (322)502-1166;http://www.gizemzeytin.com;gizemzeytin.com;Acidereosb Mahallesi Hilal Caddesi No: 8
GİZİR AHŞAP İNŞ. TURİZM SAN. TİC. A.Ş.;Ağaç, Ağaç Ürünleri ve Mantar Ürünleri İmalatı;+90 (322)394-4340;https://www.gizir.com/;gizir.com;Acidereosb Mahallesi Çanakkale Caddesi No: 16
GÖKNUR PLASTİK AMBALAJ KİMYA SANAYİ VE TİCARET ANONİM ŞİRKETİ;Kauçuk ve Plastik Ürünlerin İmalatı;+90 322 429 1053;https://goknurplastik.com.tr;goknurplastik.com.tr;Acidereosb Mahallesi Ismet Atli Caddesi No: 10
GPS PLASTİK LOJİSTİK PAZ. SAN. VE TİC. A.Ş.;Kauçuk ve Plastik Ürünlerin İmalatı;+90 (322)394-4935;http://www.fgplast.com;fgplast.com;Acidereosb Mahallesi Oğuz Kağan Köksal Caddesi No: 14
GREENBRIER VAGON SAN. VE TİC. LTD. ŞTİ.;Diğer Ulaşım Araçlarının İmalatı;0322 503 53 33;https://www.greenbrier-europe.com/tr;greenbrier-europe.com;Acıdere OSB Mahallesi, Toroslar Cad. No:15
Gülezler Metal Sanayi İnşaat Nakliyat Ticaret Limited Şirketi;Fabrikasyon Metal Ürünleri İmalatı;+90(322)429-3131;https://gulezler.com;gulezler.com;Onur Mahallesi 4. Cadde No: 9/A Adana Seyhan
GÜNEY ÇELİK HASIR VE DEMİR MAMÜLLERİ SANAYİ TİCARET ANONİM ŞİRKETİ;Fabrikasyon Metal Ürünleri İmalatı;+90 (322)394-5030;http://www.guneycelik.com.tr;guneycelik.com.tr;Acidereosb Mahallesi Süleyman Demirel Bulvari No: 2
GÜNEY ODAK ENERJİ İNŞ.SAN.VE TİC.LTD.ŞTİ.;Fabrikasyon Metal Ürünleri İmalatı;+90 (322)429-5555;http://www.guneyodak.com.tr;guneyodak.com.tr;Acidereosb Mahallesi Süleyman Demirel Bulvari No: 44
GÜR-SU PLASTİK SAN. VE TİC.LTD.ŞTİ.;Kauçuk ve Plastik Ürünlerin İmalatı;+90 (322)394-3415;http://www.gursupvcboru.com;gursupvcboru.com;Acidereosb Mahallesi Sanayi Caddesi No: 8
GÜR-TUĞ ÇELİK KONS.END.ÜRN.İNŞ.ELK.SAN.TİC.LTD.ŞTİ.;Fabrikasyon Metal Ürünleri İmalatı;+90 (322)394-5416;http://www.gurtug.com;gurtug.com;Acidereosb Mahallesi Menekşe Sokak No: 13
GÜRSOY YEM GIDA VE HAYVANCILIK SANAYİ TİCARET ANONİM ŞİRKETİ;Diğer Metalik Olmayan Mineral Ürünlerin İmalatı;+90 (322)394-3393;http://www.torosyem.com.tr;torosyem.com.tr;Acidereosb Mahallesi Cumhuriyet Bulvari No: 5
GÜVEN TEKSTİL SAN.VE TİC.LTD.ŞTİ.;Tekstil Ürünlerinin İmalatı;+90 (322)394-3528;http://www.guventekstil.com.tr;guventekstil.com.tr;Acidereosb Mahallesi Sabanci Caddesi No: 3
HALK HİJYENİK ÜRÜNLER DET.SAN.VE TİC.A.Ş.;Kağıt ve Kağıt Ürünlerinin İmalatı;+90 (322)394-4980;http://www.halkhijyenik.com.tr;halkhijyenik.com.tr;Acidereosb Mahallesi Baklali Caddesi No: 19
HAS TÜTÜNCÜLÜK VE MAKARON SAN.TİC.LTD.ŞTİ.;Tütün Ürünleri İmalatı;+90 (322)394-4728;http://www.hastobacco.com;hastobacco.com;Acidereosb Mahallesi Cumhuriyet Bulvari No: 22
HEKTAŞ TİCARET TÜRK ANONİM ŞİRKETİ;Diğer Metalik Olmayan Mineral Ürünlerin İmalatı;+90 (322)394-3315;http://www.hektas.com.tr;hektas.com.tr;Acidereosb Mahallesi 5 Ocak Caddesi No: 6
HİSAR YAPI MALZ.SAN.VE TİC.LTD.ŞTİ.;Mobilya İmalatı;+90 (322)394-4046;http://www.hisaryapi.com;hisaryapi.com;Acidereosb Mahallesi Vatan Caddesi No: 7
HRT ULUSLARARASI İTH. İHR. İNŞ. TAR. HAYV. GIDA SAN. VE TİC. A.Ş.;Gıda Ürünleri İmalatı;;http://www.hrtfood.com;hrtfood.com;Acidereosb Mahallesi Baklali Caddesi No: 20
Ids Enerji Mühendislik Danışmanlık Proje Yatırım Taah. San. ve Tic. Ltd. Şti.;Elektrikli Teçhizat İmalatı;+90(322)503-0222;https://idsenerji.com;idsenerji.com;Acıdereosb Mahallesi Şehit Ömer Halisdemir No:38 Adana Sarıçam
IMGI İNTERNATIONAL MARBLE GRA. İND. SAN. TİC. LTD. ŞTİ.;Diğer İmalatlar;+90 (322)394-4620;http://www.imgimermer.com;imgimermer.com;Acidereosb Mahallesi D-400 Karayolu Üzeri No: 37
ISLAND DENIM TEKSTİL A. Ş.;Tekstil Ürünlerinin İmalatı;+90 (322)394-3969;http://www.island-denim.com;island-denim.com;Acidereosb Mahallesi Çukurova Caddesi No: 18
İLHAN PLASTİK SAN.VE TİC.LTD.ŞTİ.;Kauçuk ve Plastik Ürünlerin İmalatı;+90 (322)394-3990;http://www.ilhanplastik.com.tr;ilhanplastik.com.tr;Acidereosb Mahallesi Ordu Caddesi No: 5
İLSAN TEKSTİL SAN. VE TİC. A. Ş.;Tekstil Ürünlerinin İmalatı;+90 (324)651-4421;https://www.ilsantex.com;ilsantex.com;Acidereosb Mahallesi Çanakkale Caddesi No: 14
İMKO BETON ANONİM ŞİRKETİ;Diğer Metalik Olmayan Mineral Ürünlerin İmalatı;+90 (322)394-3002;http://www.imkobeton.com;imkobeton.com;Acidereosb Mahallesi Atatürk Bulvari No: 33
İNDİGO TÜNEL TEKSTİL SAN. TİC. A. Ş.;Tekstil Ürünlerinin İmalatı;;http://www.indigotunel.com;indigotunel.com;Acidereosb Mahallesi Ceyhan Caddesi No: 9
İNPA RAF SİSTEMLERİ SAN. VE TİC. LTD. ŞTİ.;Fabrikasyon Metal Ürünleri İmalatı;+90 (322)351-7143;http://www.inparaf.com;inparaf.com;Kuruköprü Mahallesi Bakimyurdu Caddesi No: 15
İntegral İnşaat Tes. ve San. Ltd. Şti.;Elektrikli Teçhizat İmalatı;+90(322)352-0893;https://www.integralmgs.com/;integralmgs.com;Yenidoğan Mahallesi Demirciler Sitesi 2104 Sokak No: 22 Adana Yüreğir
İNTERGLASS OTO CAM OTOM.SAN.LTD.ŞTİ.;Diğer Metalik Olmayan Mineral Ürünlerin İmalatı;+90 (322)394-3728;http://www.interglass.com.tr;interglass.com.tr;Acidereosb Mahallesi Magarsus Caddesi No: 2
KAAN CIVATA TEKNİK HIRDAVAT İTH. İHR. SAN. VE TİC. LTD. ŞTİ.;Diğer İmalatlar;+90 532 559 2280;https://kaanhirdavat.com/;kaanhirdavat.com;Acıdereosb Mahallesi Turgut Özal Bulvarı No: 6 Z-11 Sarıçam / Adana
Kadıteks Tekstil San. ve Tic. A. Ş.;Tekstil Ürünlerinin İmalatı;+90(322)394-3334;https://kaditeks.com.tr/;kaditeks.com.tr;Acıdereosb Mahallesi Karacaoğlan Caddesi No: 6 Adana Sarıçam
KAHYALAR TEKSTİL TİC. VE PAZ.LTD.ŞTİ.;Mobilya İmalatı;+90 (322)550-5555;http://www.lesahome.com.tr;lesahome.com.tr;Acidereosb Mahallesi Celal Bayar Bulvari No: 42
KAMAS GALVANİZ KAPLAMA SAN.VE TİC. LTD.ŞTİ.;Fabrikasyon Metal Ürünleri İmalatı;+90 (322)394-4015;http://www.kamasgalvaniz.com.tr;kamasgalvaniz.com.tr;Acidereosb Mahallesi Ordu Caddesi No: 8
KARINCA TEKSTİL SANAYİ VE DIŞ TİCARET LİMİTED ŞİRKETİ;Tekstil Ürünlerinin İmalatı;+90 (212)231-2003;http://www.karincatekstil.com;karincatekstil.com;Acidereosb Mahallesi Vatan Caddesi No: 9
Karmis Tekstil San. ve Tic. A. Ş.;Tekstil Ürünlerinin İmalatı;+90(322)394-4597;https://karmistekstil.com.tr/;karmistekstil.com.tr;Acıdereosb Mahallesi Atatürk Bulvarı No: 3 Adana Sarıçam
KARSU AMBALAJ PLASTİK VE TEKSTİL A. Ş.;Kauçuk ve Plastik Ürünlerin İmalatı;+90 322 394 3745;https://www.ursa.com.tr/;ursa.com.tr;Acıdereosb Mahallesi Sabancı Caddesi No: 6  Sarıçam / Adana
KARTEKS TEKSTİL SAN.VE TİC.A.Ş.;Tekstil Ürünlerinin İmalatı;+90 (322)394-4597;https://karteks.com.tr/;karteks.com.tr;Acidereosb Mahallesi Atatürk Bulvari No: 3
KASTAMONU ENTEGRE AĞAÇ SAN.VE TİC.A.Ş.;Ağaç, Ağaç Ürünleri ve Mantar Ürünleri İmalatı;+90 (322)394-5308;http://www.keas.com.tr;keas.com.tr;Acidereosb Mahallesi Celal Bayar Bulvari No: 21
Kayalar Tekstil Konfeksiyon Plastik Amb. İthalat İhracat San. ve Tic. Ltd. Şti.;Tekstil Ürünlerinin İmalatı;+90(322)346-8030;https://bigazzi.com.tr/;bigazzi.com.tr;Acıdereosb Mahallesi Vatan Caddesi 8 Adana Sarıçam
KESKİN KURUMSAL PLASTİK SAN. VE TİC. LTD. ŞTİ.;Kauçuk ve Plastik Ürünlerin İmalatı;+90 (322)394-4542;https://www.keskinkurumsal.com/;keskinkurumsal.com;Acidereosb Mahallesi Cumhuriyet Bulvari No: 20
KIRMIZIDAM GIDA ORG.TARIM VE TURZ.TİC.LTD.ŞTİ.;Gıda Ürünleri İmalatı;+90 (322)394-3939;http://www.kirmizidam.com.tr;kirmizidam.com.tr;Acidereosb Mahallesi Yunus Emre Caddesi No: 6
Kızılay Doğal Gıda Üretim Anonim Şirketi;İçeceklerin İmalatı;;https://www.kizilay.org.tr/;kizilay.org.tr;Acıdereosb Mahallesi Sabancı Caddesi No: 1 Adana Sarıçam
KİLİKYA ŞALGAM İÇECEK SAN.VE TİC. A.Ş.;İçeceklerin İmalatı;+90 (322)550-5050;https://kilikya.com.tr/;kilikya.com.tr;Acidereosb Mahallesi Suluca Caddesi No: 2
KİMSOY BOYA SAN.VE TİC.A.Ş.;Kimyasalların ve Kimyasal Ürünlerin İmalatı;+90 (322)394-3885;https://www.kimsoy.com/;kimsoy.com;Acidereosb Mahallesi Vatan Caddesi No: 11
Kimteks İplik Enerji San. ve Tic. A.Ş.;Tekstil Ürünlerinin İmalatı;+90(322)394-3049;https://kimtex.com/;kimtex.com;Acıdereosb Mahallesi Turgut Özal Bulvarı No: 3 Adana Sarıçam
KİMTEKS TEKSTİL İNŞ.TİC. VE SAN. A.Ş.;Tekstil Ürünlerinin İmalatı;+90 (322)394-3049;http://www.kimtex.com;kimtex.com;Acidereosb Mahallesi Turgut Özal Bulvari No: 3
KOLİSAN OLUKLU MUKAVVA KUTU VE AMB.SAN.LTD.ŞTİ.;Kağıt ve Kağıt Ürünlerinin İmalatı;+90 (322)394-5152;http://www.kolisan.com.tr;kolisan.com.tr;Acidereosb Mahallesi Inönü Bulvari No: 10
KONEKS BOYA VE KİMYA MAD.MADENİ YAĞ İNŞ.PLS.TURZ.SEY.SAN.TİC.LTD.ŞTİ.;Kimyasalların ve Kimyasal Ürünlerin İmalatı;+90 (322)444-2058;http://www.koneksboya.com;koneksboya.com;Acidereosb Mahallesi 5 Ocak Caddesi No: 8
KONİL HALI İÇ VE DIŞ TİCARET LİMİTED ŞİRKETİ;Kağıt ve Kağıt Ürünlerinin İmalatı;+90 (324)337-4630;http://www.konilhali.com;konilhali.com;Acidereosb Mahallesi Anafartalar Caddesi No: 15
KORAY KİMYA SAN. VE TİC. A. Ş;Kimyasalların ve Kimyasal Ürünlerin İmalatı;+90 (288)443-9390;http://www.koraykimya.com;koraykimya.com;Acidereosb Mahallesi Turgut Özal Bulvari No: 14
KULA YAĞ VE EMEK YEM SANAYİ TİCARET A.Ş.;Gıda Ürünleri İmalatı;+90 (266) 249-6800;https://www.kulayag.com.tr/;kulayag.com.tr;Acidereosb Mahallesi Abdullah Gül Bulvari No: 24
Kyb Kimyasal Tekstil Plastik San. ve Tic. A. Ş.;Kimyasalların ve Kimyasal Ürünlerin İmalatı;+90(322)394-3838;https://bigazzi.com.tr/;bigazzi.com.tr;Acıdereosb Mahallesi Süleyman Demirel Bulvarı No: 6 Adana Sarıçam
KYK YAPI KİMYASALLARI SAN. VE TİC.A.Ş.;Diğer Metalik Olmayan Mineral Ürünlerin İmalatı;+90 (322)394-5242;http://www.kyk.com.tr;kyk.com.tr;Acidereosb Mahallesi Zübeyde Hanim Caddesi No: 7
LARA CAM VE PVC ALM.PRO.İTH.İHR.İML.SAN.TİC.LTD.ŞTİ.;Fabrikasyon Metal Ürünleri İmalatı;+90 (322)394-4960;http://www.larasolar.com;larasolar.com;Acidereosb Mahallesi Ceyhan Caddesi No: 6
Lider Solar Tekstil Enerji San. ve Tic. A. Ş.;Elektrikli Teçhizat İmalatı;+90(322)454-0310;https://www.lidersolarenerji.com/;lidersolarenerji.com;Acıdereosb Mahallesi İnönü Bulvarı 11 Adana Sarıçam
Limkon Gıda San.Ve Tic.A.Ş.;İçeceklerin İmalatı;+90(322)394-4777;https://limkon.com/;limkon.com;Acıdereosb Mahallesi D-400 Karayolu 39 Adana Sarıçam
LİNK PANO İMALAT MÜHENDİSLİK SAN. VE TİC. LTD. ŞTİ.;Elektrikli Teçhizat İmalatı;+90 535 454 57 05;https://www.linkpano.com.tr/;linkpano.com.tr;Acıdereosb Mahallesi Baklalı Caddesi 17  Sarıçam / Adana
MAGMETT DIŞ TİC. A. Ş.;Fabrikasyon Metal Ürünleri İmalatı;0212 246 93 37;https://www.magmett.com;magmett.com;Acıdereosb Mahallesi Cumhuriyet Bulvarı 13 Adana Sarıçam
MAKİNSAN TREYLER SAN. VE TİC. A. Ş.;Motorlu Kara Taşıtı, Treyler (Römork) ve Yarı Treylerin İmalatı;+90 (322)394-3958;http://www.makinsantrailer.com.tr;makinsantrailer.com.tr;Acidereosb Mahallesi Istiklal Caddesi No: 17
MAKSER PVC MAKİNA SAN. VE TİC. LTD. ŞTİ.;Başka Yerde Sınıflandırılmamış Makina ve Ekipman İmalatı;+90 (322)346-4319;http://www.makserpress.com.tr;makserpress.com.tr;Acidereosb Mahallesi Menekşe Sokak No: 20
Marlateks Teknoloji Teks. Mak. ve Kim. San. Tic. A. Ş.;Diğer İmalatlar;+90(212)549-0892;http://marlateks.com/;marlateks.com;Acıdereosb Mahallesi 19 Mayıs Caddesi 6 Adana Sarıçam
Mavi Granül Plastik ve Geri Dönüşüm Sanayi Ticaret Limited Şirketi;Kauçuk ve Plastik Ürünlerin İmalatı;+90(322)502-7417;https://kolisan.com.tr/;kolisan.com.tr;Acıdereosb Mahallesi İnönü Bulvarı 9 Adana Sarıçam
MAVLAY İNŞAAT MOB.DEK.İTH.İHR.SAN.VE TİC.LTD.ŞTİ.;Fabrikasyon Metal Ürünleri İmalatı;+90 (322)394-3297;http://www.mekaline.com.tr;mekaline.com.tr;Acidereosb Mahallesi Atatürk Bulvari No: 41
MAY-AGRO SAN.VE TİC.A.Ş.;Diğer Metalik Olmayan Mineral Ürünlerin İmalatı;+90 (322)394-4145;http://www.may.com.tr;may.com.tr;Acidereosb Mahallesi Atatürk Bulvari No: 23
MAZLUM MANGTAY ÇELİK BORU SANAYİ VE TİCARET A.Ş.;Fabrikasyon Metal Ürünleri İmalatı;+90 (322)346-0074;http://www.mazlumboru.com.tr;mazlumboru.com.tr;Acidereosb Mahallesi Istiklal Caddesi No: 10
MEDENİ BASKÜL SAN. VE TİC.LTD.ŞTİ.;Bilgisayarların, Elektronik ve Optik Ürünlerin İmalatı;+90 (322)441-0321;http://www.medenibaskul.com.tr;medenibaskul.com.tr;Acidereosb Mahallesi Kenan Evren Bulvari No: 8
MEKANİK EMLAK ORGANİZASYON İNŞ. İLKİM. SİS. DOĞALGAZ MÜH. SAN. VE TİC. LTD. ŞTİ.;Kauçuk ve Plastik Ürünlerin İmalatı;+90 (507)753-7375;http://mekatrade.net/;mekatrade.net;Acidereosb Mahallesi Çanakkale Caddesi No: 9
MELTEM KİMYA VE TEKS.SAN.İTH.İHR. VE TİC.A.Ş. ORGANİZE SANAYİ PET POLYESTER TESİSLERİ ŞUBESİ;Kimyasalların ve Kimyasal Ürünlerin İmalatı;+90 (322)394-5220;http://www.meltemkimya.com.tr;meltemkimya.com.tr;Acidereosb Mahallesi Istiklal Caddesi No: 11
METALART ÇELİK ENDÜSTRİ MAK. İML. MONT. İNŞ. SAN. VE TİC. A. Ş.;Fabrikasyon Metal Ürünleri İmalatı;+90 546 126 5020;https://www.metalartendustri.com.tr/;metalartendustri.com.tr;Acıdereosb Mahallesi 23 Nisan Caddesi 4  Sarıçam / Adana
METEKS MODA DOKUMA KUM.SAN.VE TİC.LTD.ŞTİ.;Tekstil Ürünlerinin İmalatı;+90 (322)394-3616;http://www.meteksmoda.com;meteksmoda.com;Acidereosb Mahallesi 30 Ağustos Caddesi No: 4
METRO TOPLU YEMEK HİZMETLERİ TİC.LTD.ŞTİ.;Gıda Ürünleri İmalatı;+90 (322)394-4349;http://www.metroyemek.com;metroyemek.com;Acidereosb Mahallesi Ordu Caddesi No: 2
MİGROS TİC. A.Ş.;Diğer İmalatlar;+90 (850)310-1440;http://www.migros.com.tr;migros.com.tr;Acidereosb Mahallesi Celal Bayar Bulvari No: 6
MONDİ TURKEY OLUKLU MUKAVVA KAĞIT VE AMBALAJ SANAYİ ANONİM ŞİRKETİ;Ağaç, Ağaç Ürünleri ve Mantar Ürünleri İmalatı, Kağıt ve Kağıt Ürünlerinin İmalatı;+90 (322)394-3364;https://www.mondigroup.com.tr/;mondigroup.com.tr;Acidereosb Mahallesi Turgut Özal Bulvari No: 12
MS TÜTÜN VE TÜTÜN MAMULLERİ SİGARA KAĞ. MAKARON SAN. TİC. LTD. ŞTİ.;Tütün Ürünleri İmalatı;+90 (322)520-2000;http://www.papertobacco.com;papertobacco.com;Acidereosb Mahallesi Abdullah Gül Bulvari No:19
MURAT METAL BORU PRO.DEM.İNŞ.TİC.VE SAN.LTD.ŞTİ.;Fabrikasyon Metal Ürünleri İmalatı;+90 (322)394-5090;http://www.murmet.com;murmet.com;Acidereosb Mahallesi Seyhan Caddesi No: 8
NERGİZ TOPRAK MAHSULLERİ SAN.VE TİC.LTD.ŞTİ.;Gıda Ürünleri İmalatı;+90 (322)394-4154;http://www.nergiztarim.com.tr;nergiztarim.com.tr;Acidereosb Mahallesi Baklali Caddesi No: 25
NETAFIM SULAMA SİSTEMLERİ TİC.LTD.ŞTİ.;Kauçuk ve Plastik Ürünlerin İmalatı;+90 (322)394-4414;http://www.netafim.com.tr;netafim.com.tr;Acidereosb Mahallesi Oğuz Kağan Köksal Caddesi No: 6
NORM MÜH.MAK.SAN.TAAH.VE TİC.LTD.ŞTİ.;Başka Yerde Sınıflandırılmamış Makina ve Ekipman İmalatı;+90 (322)394-3831;http://www.normmuhendislik.com;normmuhendislik.com;Acidereosb Mahallesi Seyhan Caddesi No: 12
Noyaner Motorlu Araçlar Endüstriyel Ürünler San. ve Tic. Ltd. Şti.;Fabrikasyon Metal Ürünleri İmalatı;0322 370 09 09;https://noyaner.hyundaiplaza.com.tr/;noyaner.hyundaiplaza.com.tr;Levent Mahallesi Girne Bulvarı No: 264 Adana Yüreğir
NT KOÇAK METAL SAN. TAR. GIDA İNŞ. NAK. TEKS. SAN. VE TİC. LTD. ŞTİ.;Fabrikasyon Metal Ürünleri İmalatı;+90 (850)477-2015;http://www.kocaktelorgu.com.tr;kocaktelorgu.com.tr;Acidereosb Mahallesi Ceyhan Caddesi No: 2
NUR İLAÇ VE İLAÇLAMA MAK.PAZ.VE SER.HİZ.LTD.ŞTİ.;Kimyasalların ve Kimyasal Ürünlerin İmalatı;+90 (322)394-3391;http://www.nurilac.com.tr;nurilac.com.tr;Acidereosb Mahallesi Süleyman Demirel Bulvari No: 32
NUR-İŞ PVC KERESTE İNŞ.TAAH.YAPI ELEMANLARI PAZ.SAN.VE TİC.LTD.ŞTİ.;Kauçuk ve Plastik Ürünlerin İmalatı;+90 (322)234-4080;http://www.nur-is.com.tr;nur-is.com.tr;Acidereosb Mahallesi Sedef Caddesi No: 9
Nurpelet Gıda ve Enerji Sanayi Ticaret Limited Şirketi;Ağaç, Ağaç Ürünleri ve Mantar Ürünleri İmalatı;+90(322)346-6116;https://emremakinasan.com.tr;emremakinasan.com.tr;Acıdereosb Mahallesi Dökümcüler Caddesi No: 7 Adana Sarıçam
OFİS YEM GIDA SANAYİ TİCARET ANONİM ŞİRKETİ;Diğer Metalik Olmayan Mineral Ürünlerin İmalatı, Gıda Ürünleri İmalatı;+90 (312)837-0622;https://www.ofisyem.com.tr;ofisyem.com.tr;Acidereosb Mahallesi 30 Ağustos Caddesi No: 3
OĞUZ GIDA SAN.VE TİC.A.Ş.;İçeceklerin İmalatı;+90 (322)394-3692;http://www.oguzgida.com.tr;oguzgida.com.tr;Acidereosb Mahallesi Turgut Özal Bulvari No: 31
OĞUZ TEKSTİL SAN.VE TİC. A.Ş.;Tekstil Ürünlerinin İmalatı;+90 (322)394-4053;http://www.oguztekstil.com.tr;oguztekstil.com.tr;Acidereosb Mahallesi Vatan Caddesi No: 4
ORİS TARIM GÜBRE SANAYİ VE TİC.LTD.ŞTİ.;Kimyasalların ve Kimyasal Ürünlerin İmalatı;+90 (322)394-4999;http://www.oristarim.com;oristarim.com;Acidereosb Mahallesi Ismet Atli Caddesi No: 1
ORTADOĞU ALÜMİNYUM SAN. VE TİC. A. Ş.;Fabrikasyon Metal Ürünleri İmalatı;+90 (322)394-3721;http://www.ortadogualuminyum.com.tr;ortadogualuminyum.com.tr;Acidereosb Mahallesi Ceyhan Caddesi No: 5
OVA TEKSTİL SAN.VE TİC.LTD.ŞTİ.;Tekstil Ürünlerinin İmalatı;+90 (322)394-4616;http://www.ovatekstil.com.tr;ovatekstil.com.tr;Acidereosb Mahallesi Toros Caddesi No: 4
OYAK ÇİMENTO FABRİKALARI ANONİM ŞİRKETİ;Diğer Metalik Olmayan Mineral Ürünlerin İmalatı;+90 (322)394-3418;http://www.oyakbeton.com.tr;oyakbeton.com.tr;Acidereosb Mahallesi Çanakkale Caddesi No: 25
Öner Separator San. Tic. Ltd. Şti.;Başka Yerde Sınıflandırılmamış Makina ve Ekipman İmalatı;+90(322)394-4403;https://onerseparator.com;onerseparator.com;Acıdereosb Mahallesi Anafartalar Caddesi No: 17 Adana Sarıçam
ÖNER TARIM GIDA İTH. İHR. A. Ş.;Fabrikasyon Metal Ürünleri İmalatı;+90 (322)394-4403;https://www.onerseparator.com.tr/;onerseparator.com.tr;Acidereosb Mahallesi Cumhuriyet Bulvari No: 6
ÖZ-KA TARIM ÜRÜNLERİ İTHALAT İHRACAT VE TİCARET LİMİTED ŞİRKETİ;Kauçuk ve Plastik Ürünlerin İmalatı;+90 532 253 0652;https://www.ozkatarim.com/;ozkatarim.com;Acıdereosb Mahallesi İsmet Atlı Caddesi No: 13  Sarıçam / Adana
Öz-Ökmenler Orman Ürünleri-İnşaat- Ticaret ve Sanayi Limited Şirketi;Ağaç, Ağaç Ürünleri ve Mantar Ürünleri İmalatı;+90(322)346-2598;https://ozokmenler.com;ozokmenler.com;Levent Mahallesi 1831 Sokak No: 8/A Adana Yüreğir
ÖZ-ÖKMENLER ORMAN ÜRÜNLERİ-İNŞAAT- TİCARET VE SANAYİ LİMİTED ŞİRKETİ;Ağaç, Ağaç Ürünleri ve Mantar Ürünleri İmalatı;+90 (322)346-2598;http://www.ozokmenler.com;ozokmenler.com;Levent Mahallesi 1831 Sokak No: 8/A
ÖZERCİYES TARIM ÜRN.SAN.VE TİC.LTD.ŞTİ.;Gıda Ürünleri İmalatı;+90 (322)394-5230;http://www.ozerciyeskuruyemis.com;ozerciyeskuruyemis.com;Acidereosb Mahallesi 19 Mayis Caddesi No: 8
ÖZKANLAR BASKÜL SAN.VE TİC.LTD.ŞTİ.;Bilgisayarların, Elektronik ve Optik Ürünlerin İmalatı;+90 (322)321-2622;http://www.ozkanlarbaskul.com.tr;ozkanlarbaskul.com.tr;Acidereosb Mahallesi Atatürk Bulvari No: 32
ÖZKOL ALÜMİNYUM MAK. PLAS. İTH. İHR. SAN. TİC. LTD. ŞTİ.;Kauçuk ve Plastik Ürünlerin İmalatı;+90 (322)290-3210;https://www.ozkol.com.tr/;ozkol.com.tr;Acidereosb Mahallesi Cumhuriyet Bulvari No: 13
ÖZLER TARIM ÜRÜNLERİ ÜRETİM PAZARLAMA SANAYİ VE TİCARET ANONİM ŞİRKETİ;Gıda Ürünleri İmalatı;+90 (322)454-5143;http://www.ozlertarim.com.tr;ozlertarim.com.tr;Acidereosb Mahallesi Cumhuriyet Bulvari No: 10
Özlü Kardeşler Pet. Ürn. ve Paz. İth. İhr. Ltd. Şti.;Gıda Ürünleri İmalatı;+90(322)394-3315;https://ozlukardesler.com.tr;ozlukardesler.com.tr;Acıdereosb Mahallesi 5 Ocak Caddesi No: 6 Adana Sarıçam
ÖZPINAR TİC. PAZ. VE SAN. LTD. ŞTİ.;Mobilya İmalatı;+90 (322)394-5205;http://www.hevin.com.tr;hevin.com.tr;Acidereosb Mahallesi Ismet Atli Caddesi No: 24
ÖZTEKNİK ENERJİ ELEKTROMARKET ELEKTRİK MAK. MOTOR BOBİNAJ İMALAT TAAH. SAN. İÇ VE DIŞ TİC.LTD.ŞTİ.;Elektrikli Teçhizat İmalatı;+90 (322)394-4013;http://www.ozteknikenerji.com.tr;ozteknikenerji.com.tr;Acidereosb Mahallesi Turgut Özal Bulvari No: 16
Paleks Geri Dönüşüm Çözümleri Anonim Şirketi;Ağaç, Ağaç Ürünleri ve Mantar Ürünleri İmalatı;+90(216)693-1363;https://palex-tr.com/;palex-tr.com;Acıdereosb Mahallesi Zafer Caddesi 9 Adana Sarıçam
PALMİYE DOKUMA İPLİK TEKSTİL SAN. VE TİC. A. Ş.;Giyim Eşyalarının İmalatı, Tekstil Ürünlerinin İmalatı;+90 (322)394-3666;http://www.palmiyedokuma.com.tr;palmiyedokuma.com.tr;Acidereosb Mahallesi Toros Caddesi No: 13
PANEL ELEKTRİK HİDROLİK MAKİNA SAN.VE TİC.LTD.ŞTİ.;Elektrikli Teçhizat İmalatı;+90 (322)394-3697;http://www.panelelektrik.com;panelelektrik.com;Acidereosb Mahallesi Turgut Özal Bulvari No: 39
PARLAK BOYA SAN.VE TİC.LTD.ŞTİ.;Kimyasalların ve Kimyasal Ürünlerin İmalatı;+90 (322)394-4047;http://www.parlakboya.com;parlakboya.com;Acidereosb Mahallesi Lale Sokak No: 7
PARPEN PLASTİK TEKS. GIDA İTH. İHR. TİC. SAN. LTD. ŞTİ.;Fabrikasyon Metal Ürünleri İmalatı;+90 (322)429-3399;http://www.parpen.com.tr;parpen.com.tr;Acidereosb Mahallesi Toros Caddesi No: 10
PEBA TEKSTİL SAN.VE TİC.A.Ş.;Kauçuk ve Plastik Ürünlerin İmalatı;+90 (322)394-3432;http://www.pe-ba.com;pe-ba.com;Acidereosb Mahallesi 5 Ocak Caddesi No: 18
PERİL KOLLEKTİF ŞİRKETİ BÜLENT ERTÜYÜN VE ORTAĞI;Kimyasalların ve Kimyasal Ürünlerin İmalatı;+90 (322)394-3863;http://www.perilkimya.com;perilkimya.com;Ataköy 7/8.Kisim Turkuaz Sitesi A20-A Blok No: 8
PEROS KİMYA KAĞ.HİJ.ÜRN.DET.VE TEM.SAN.TİC. A.Ş.;Kimyasalların ve Kimyasal Ürünlerin İmalatı;+90 (322)394-4111;http://www.beyazkagit.com.tr;beyazkagit.com.tr;Acidereosb Mahallesi Anavarza Caddesi No: 3
PİDOK PLASTİK SANAYİ VE TİCARET ANONİM ŞİRKETİ;Kauçuk ve Plastik Ürünlerin İmalatı;+90 (322)394-3767;http://www.pidok.com.tr;pidok.com.tr;Acidereosb Mahallesi Seyhan Caddesi No: 14
PİLYEM GIDA TARIM SAN.VE TİC. A.Ş.;Diğer Metalik Olmayan Mineral Ürünlerin İmalatı, Gıda Ürünleri İmalatı;+90 (322)394-4523;http://www.pilyem.com.tr;pilyem.com.tr;Acidereosb Mahallesi Anafartalar Caddesi No: 4
PLASTEKS PLAS.TEKS.AMB.SAN.VE TİC. A.Ş.;Kauçuk ve Plastik Ürünlerin İmalatı;+90 (322)394-4230;http://www.plasteks.com;plasteks.com;Acidereosb Mahallesi Halet Çambel Caddesi No: 2
Plaş Plastik Ambalaj San. ve Tic. A.Ş.;Kauçuk ve Plastik Ürünlerin İmalatı;+90(322)436-1033;https://www.plas.com.tr/;plas.com.tr;Acıdereosb Mahallesi Hilal Caddesi 10 Adana Sarıçam
Polat Sebze Meyve Narenciye San. ve Tic. A. Ş.;Gıda Ürünleri İmalatı;;https://polatnarenciye.com.tr/;polatnarenciye.com.tr;Gazi Mahallesi İnönü Bulvarı No: 187/A Mersin Akdeniz
POLİSAN YAPIKİM YAPI KİMYASALLARI SAN. VE TİC. A. Ş.;Kimyasalların ve Kimyasal Ürünlerin İmalatı;+90 (322)502-1111;http://www.polisan.com.tr;polisan.com.tr;Acidereosb Mahallesi Atatürk Bulvari No: 13
Proper Perlit Gıda Kimya İth. İhr. ve San. Tic. Ltd. Şti.;Diğer Metalik Olmayan Mineral Ürünlerin İmalatı;;https://properperlit.com.tr/;properperlit.com.tr;Acıdereosb Mahallesi Zafer Caddesi 6 Adana Sarıçam
PROSER POLİMER BOYA KİMYA MAKİNA TEKSTİL İNŞ. İTH. İHR. SAN. VE TİC. LTD. ŞTİ.;Kimyasalların ve Kimyasal Ürünlerin İmalatı;+90 (322)394-4745;http://www.proserchemicals.com;proserchemicals.com;Acidere Mahallesi 6708 Sokak Doğu Sanayi Sitesi E-1 Blok No: 3/C
RAMAZAN SERT;Diğer İmalatlar;+90 (322)394-3300;http://www.sertnakliyat.com;sertnakliyat.com;Acidereosb Mahallesi Turgut Özal Bulvari No: 8
RASTAŞ AMB.KAPAK MAK.SAN.VE TİC.LTD.ŞTİ.;Fabrikasyon Metal Ürünleri İmalatı;+90 (322)394-3844;http://www.rastas.com.tr;rastas.com.tr;Acidereosb Mahallesi Çanakkale Caddesi No: 26
RAYVAG VAGON SAN. VE TİC A.Ş.;Diğer Ulaşım Araçlarının İmalatı;+90 (322)394-5080;https://rayvag.com.tr/;rayvag.com.tr;Acidereosb Mahallesi Celal Bayar Bulvari No: 28
REALTEKS TEKSTİL DENİM İŞLETMELERİ ANONİM ŞİRKETİ;Tekstil Ürünlerinin İmalatı;+90 (322)503-4040;https://www.realteks.com/;realteks.com;Acidereosb Mahallesi Recep Tayyip Erdoğan Bulvari No: 9
RECONSAN TÜTÜN SAN. VE TİC. LTD. ŞTİ.;Tütün Ürünleri İmalatı;+90 (322)394-4728;http://www.reconsantobacco.com;reconsantobacco.com;Acidereosb Mahallesi Atatürk Bulvari No: 21
Rhosus Mobility Elektrikli Ulaşım Araçları San. ve Tic. A. Ş.;Diğer Ulaşım Araçlarının İmalatı;+90(322)550-5001;https://rhosus.com.tr/;rhosus.com.tr;Acıdereosb Mahallesi Baklalı Caddesi 22 Adana Sarıçam
RİGA BOYA YAPI KİM.MADENİ YAĞ SAN.TİC.LTD.ŞTİ.;Kimyasalların ve Kimyasal Ürünlerin İmalatı;+90 (322)394-5200;http://www.rigaboya.com;rigaboya.com;Acidereosb Mahallesi 5 Ocak Caddesi No: 8
Rimaş Deri Gıda ve Hayvan Ürünleri San. ve Tic. Ltd. Şti.;Gıda Ürünleri İmalatı;+90(549)599-5102;https://rimas.com.tr;rimas.com.tr;Acıdereosb Mahallesi Oğuz Kağan Köksal Caddesi No: 4 Adana Sarıçam
ROYAL PANO ELEKTRİK YANGIN SÖNDÜRME SİS. İNŞ. SAN. VE TİC. LTD. ŞTİ.;Fabrikasyon Metal Ürünleri İmalatı;+90 507 500 9958;https://www.royalyanginsistemleri.com.tr/;royalyanginsistemleri.com.tr;Acıdereosb Mahallesi Ceyhan Caddesi No: 13  Sarıçam / Adana
Rt Kauçuk Poliüretan ve Makina San. Tic. Ltd. Şti.;Kauçuk ve Plastik Ürünlerin İmalatı;+90 533 969 46 64;https://rtmakina.com;rtmakina.com;A.O.S.B, Acıdere OSB Mah. Abdullah Gül Bulvarı, No:21, 01350 Sarıçam / Adana
Ruşen Civata Otomotiv Sanayi ve Ticaret Ltd. Şti.;Fabrikasyon Metal Ürünleri İmalatı;+90(322)311-4111;https://www.rusencivata.com.tr/;rusencivata.com.tr;Haydaroğlu Mahallesi Karataş Bulvarı No: 348/A Adana Yüreğir
SABUNCULAR SOĞUK HAVA DEPOSU KÖMÜRCÜLÜK GIDA TAR.ÜRN.NAK.İNŞ.TAAH.AMB.SAN. VE TİC.LTD.ŞTİ.;Kauçuk ve Plastik Ürünlerin İmalatı;+90 (322)502-0404;http://www.sabuncular.com.tr;sabuncular.com.tr;Acidereosb Mahallesi 15 Temmuz Şehitler Caddesi No: 15
SAFAŞ SAF PLASTİK SAN. VE TİC.A.Ş.;Kauçuk ve Plastik Ürünlerin İmalatı;+90 (322)346-4881;http://www.safas.com.tr;safas.com.tr;Acidereosb Mahallesi Başak Caddesi No: 9
SAINT GOBAİN WEBER YAPI KİMYASALLARI SAN.VE TİC. A.Ş.;Diğer Metalik Olmayan Mineral Ürünlerin İmalatı;+90 (322)394-3055;http://www.weber.com.tr;weber.com.tr;Kemalpaşa Osb Mahallesi Kuyucak Yolu Sokak No: 284
SAMİ TRAFO ANONİM ŞİRKETİ;Elektrikli Teçhizat İmalatı;+90 (322)394-3220;https://stdtransformer.com/tr/;stdtransformer.com;Acidereosb Mahallesi Anafartalar Caddesi No: 11
SAMSUN MAKİNA SAN. A.Ş.;Fabrikasyon Metal Ürünleri İmalatı;+90 (322)503-0460;http://www.samsunmakina.com.tr;samsunmakina.com.tr;Acidereosb Mahallesi Abdullah Gül Bulvari No: 15
SARMAK MAKİNA KOMPRESÖR POMPA SAN.VE TİC. A.Ş.;Başka Yerde Sınıflandırılmamış Makina ve Ekipman İmalatı;+90 (322)394-5504;http://www.sarmak.com;sarmak.com;Acidereosb Mahallesi Celal Bayar Bulvari No: 39
SARTEKS MAKİNA SAN.VE TİC. A. Ş.;Başka Yerde Sınıflandırılmamış Makina ve Ekipman İmalatı;+90 (322)332-7050;http://www.sarteks.com.tr;sarteks.com.tr;Acidereosb Mahallesi Celal Bayar Bulvari No: 37
SARTEN AMBALAJ SAN. VE TİC. A.Ş.;Fabrikasyon Metal Ürünleri İmalatı;+90 (322)385-2880;http://www.sarten.com.tr;sarten.com.tr;Acidereosb Mahallesi Zübeyde Hanim Caddesi No: 6
SCA METAL İNŞ.TAAH.YALITIM İZOLASYON SAN. VE TİC. A.Ş.;Fabrikasyon Metal Ürünleri İmalatı;+90 (322)502-0880;https://scametal.com.tr/;scametal.com.tr;Acidereosb Mahallesi Hilal Caddesi No: 5
SENAPA STAMPA AMB. SAN. VE TİC. A.Ş.;Kauçuk ve Plastik Ürünlerin İmalatı;+90 (262)751-2590;http://www.senapastampa.com;senapastampa.com;Acidereosb Mahallesi Sümbül Sokak No: 2
SEPAŞ PLASTİK AMBALAJ SANAYİ VE TİCARET ANONİM ŞİRKETİ;Kauçuk ve Plastik Ürünlerin İmalatı;+90 (322)394-4636;http://www.sepasplastik.com.tr;sepasplastik.com.tr;Acidereosb Mahallesi Sabanci Caddesi No: 5
SERA ELEKTROMARKET SAN.İÇ VE DIŞ TİC.LTD.ŞTİ.;Elektrikli Teçhizat İmalatı;+90 (322)359-3060;http://www.seraelektromarket.com.tr;seraelektromarket.com.tr;Acidereosb Mahallesi Vatan Caddesi No: 13
SERA ENDÜSTRİYEL AMBALAJ GIDA LOJİSTİK  SAN. VE TİC. LTD. ŞTİ.;Fabrikasyon Metal Ürünleri İmalatı;+90 533 365 40 96;https://seraendustriyel.com.tr/;seraendustriyel.com.tr;Yeşiloba Mahallesi 46069 Sokak Yeşiloba İş Merkezi No: 9/2  Seyhan/Adana
SES KİMYA SAN.VE TİC.LTD.ŞTİ.;Kimyasalların ve Kimyasal Ürünlerin İmalatı;+90 (322)394-3734;http://www.bilsenkimya.com;bilsenkimya.com;Acidereosb Mahallesi Ismet Atli Caddesi No: 1
SET TOHUMCULUK GIDA TARIM SAN.VE TİC. A.Ş.;Diğer Metalik Olmayan Mineral Ürünlerin İmalatı;+90 (322)394-3366;http://www.settokumculuk.com.tr;settokumculuk.com.tr;Acidereosb Mahallesi Turgut Özal Bulvari No: 35
SEY-TEKS SEYHAN TEKSTİL SAN VE TİC. A.Ş.;Tekstil Ürünlerinin İmalatı;+90 (322)394-3590;https://seyteks.com/;seyteks.com;Acidereosb Mahallesi Şehitler Sokak No: 4
SGA TEKSTİL TİCARET PAZARLAMA LİMİTED ŞİRKETİ;Tekstil Ürünlerinin İmalatı;+90 (322)394-3805;http://www.sgatextile.com;sgatextile.com;Acidereosb Mahallesi Yaşar Doğu Caddesi No: 19
SHAMLAN TOBACCO TÜTÜN MAMULLERİ SAN. VE TİC. A. Ş.;Tütün Ürünleri İmalatı;+90 322 504 40 99;https://www.shamlantobacco.com/;shamlantobacco.com;Acıdereosb Mahallesi Cumhuriyet Bulvarı No: 6  Sarıçam / Adana
SİKA MBCC TURKEY YAPI KİMYASALLARI SANAYİ VE TİCARET LİMİTED ŞİRKETİ ADANA ŞUBESİ;Kimyasalların ve Kimyasal Ürünlerin İmalatı;+90 (322)394-4823;https://tur.sika.com/;tur.sika.com;Acidereosb Mahallesi Magarsuz Caddesi No: 10
SİMGETEK İMALAT VE MÜHENDİSLİK A.Ş.;Fabrikasyon Metal Ürünleri İmalatı;+90 (322)394-4840;http://www.simgetek.com;simgetek.com;Acidereosb Mahallesi Karacaoğlan Caddesi No: 4
SİNANATLAS PLASTİK SAN. TİC. LTD. ŞTİ.;Kauçuk ve Plastik Ürünlerin İmalatı;+90(322)394-5102;https://www.sinanatlasplastik.com/;sinanatlasplastik.com;Acidereosb Mahallesi Anafartalar Caddesi No: 7
SİSTEM MOBİLYA DOĞ.DEK.SAN.İNŞ.TEKS.TİC. A.Ş.;Mobilya İmalatı;+90 (322)394-4168;http://www.sistemamutfak.com;sistemamutfak.com;Acidereosb Mahallesi Abdullah Gül Bulvari No: 18
SİVTEKS TEKS.TİC.VE SAN.A.Ş.;Tekstil Ürünlerinin İmalatı;+90 (322)394-3893;http://www.sivteks.com.tr;sivteks.com.tr;Acidereosb Mahallesi Ankara Caddesi No: 6
SOMTECH ENDÜSTRİYEL TESİS İML. MON. SAN. VE TİC. LTD. ŞTİ.;Fabrikasyon Metal Ürünleri İmalatı;+90 (533) 556 02 58;https://www.somtech.com.tr/;somtech.com.tr;
Soudal Yapı Kimyasalları San. ve Tic. A. Ş.;Kimyasalların ve Kimyasal Ürünlerin İmalatı;+90(216)504-0292;https://www.soudalturkiye.com/;soudalturkiye.com;Acıdereosb Mahallesi Başak Caddesi 5 Adana Sarıçam
SÖNMEZLER PETROLCÜLÜK TAŞ. SAN. VE TİC. A.Ş.;Diğer İmalatlar;+90 (322)394-3622;http://www.sonmezlergroup.com;sonmezlergroup.com;Acidereosb Mahallesi Atatürk Bulvari No: 16
SP ENERJİ ELEKTRİK ÜRETİM LİMİTED ŞİRKETİ;Elektrikli Teçhizat İmalatı;+90 (322)457-3232;http://www.spenerji.com.tr;spenerji.com.tr;Acidereosb Mahallesi Hilal Caddesi No: 6
STARKON GIDA TARIM SAN. VE TİC. A.Ş.;İçeceklerin İmalatı;+90 (322)503-0182;http://www.oguzgida.com.tr;oguzgida.com.tr;Acidereosb Mahallesi Abdullah Gül Bulvari No: 10
STP PETROL İNŞAAT SANAYİ VE TİCARET ANONİM ŞİRKETİ;Diğer İmalatlar;+90 (322)394-3760;http://www.stppetrol.com;stppetrol.com;Acidereosb Mahallesi Celal Bayar Bulvari No: 5
Strong Enerji San. ve Tic. Ltd. Şti.;Kok Kömürü ve Rafine Edilmiş Petrol Ürünleri İmalatı;+90(322)503-7287;https://strongenerji.com/;strongenerji.com;Acıdereosb Mahallesi Oğuz Kağan Köksal Caddesi 14 Adana Sarıçam
Sumi Agro Turkey Tarım İlaçları San. ve Tic. A.Ş.;Kimyasalların ve Kimyasal Ürünlerin İmalatı;+90(212)276-1091;https://www.sumiagro.com/;sumiagro.com;Acıdereosb Mahallesi Zafer Caddesi 7 Adana Sarıçam
SÜMBÜL ÇELİK KONSTRÜKSİYON MAKİNA İMALAT MONTAJ İNŞ. SAN. VE TİC. LTD. ŞTİ.;Fabrikasyon Metal Ürünleri İmalatı;+90 (322)502-0058-79;http://www.sumbul.com.tr;sumbul.com.tr;ACIDEREOSB MAHALLESİ ŞEHİT ÖMER HALİSDEMİR CADDESİ NO:24 SARIÇAM/ADANA
Şal Hafriyat Nakliyat İnşaat Sanayi ve Ticaret Limited Şirketi;Fabrikasyon Metal Ürünleri İmalatı;+90(322)259-0303;https://kalogrup.com.tr;kalogrup.com.tr;Acıdereosb Mahallesi Baklalı Caddesi No: 14 Adana Sarıçam
Şalt Elektrik İnş. İth. İhr. San. ve Tic. Ltd. Şti.;Elektrikli Teçhizat İmalatı;+90(322)503-5163;http://saltelektrik.com/;saltelektrik.com;Acıdereosb Mahallesi Çanakkale Caddesi 3 Adana Sarıçam
ŞENPİLİÇ GIDA SANAYİ ANONİM ŞİRKETİ;Gıda Ürünleri İmalatı;+90 (322)503-5171;https://www.senpilic.com.tr;senpilic.com.tr;Acidereosb Mahallesi Şehit Ömer Halisdemir Caddesi No: 36
ŞİPAL MOB. GIDA VE TAR.ÜRN.SAN.TİC.LTD.ŞTİ.;Mobilya İmalatı;+90 (322)394-3707;http://www.sipalmobilya.com.tr;sipalmobilya.com.tr;Acidereosb Mahallesi Anafartalar Caddesi No: 13
TADIM SEBZE MEYVE İŞL.VE KONS.SAN.TİC.A.Ş.;Gıda Ürünleri İmalatı;+90 (322)394-3949;http://www.tadim.com.tr;tadim.com.tr;Acidereosb Mahallesi Cumhuriyet Bulvari No: 14
TAT NİŞASTA SAN.VE TİC. A.Ş.;Gıda Ürünleri İmalatı;+90 (322)394-3878;http://www.tatnisasta.com.tr;tatnisasta.com.tr;Acidereosb Mahallesi Ankara Caddesi No: 14
Tatşen Pazarlama Gıda San.Ve Tic. Ltd. Şti.;Gıda Ürünleri İmalatı;+90(322)431-2929;https://tatsen.com.tr;tatsen.com.tr;Şakirpaşa Mahallesi Turhan Cemal Beriker Bulvarı No: 213/A Adana Seyhan
TEKİNSAN MAKİNE İMALAT MON. İNŞ. ELEK. TEM. TURZ. TAAH. TİC. LTD. ŞTİ.;Fabrikasyon Metal Ürünleri İmalatı;+90 (322)394-4004;http://www.tekinsan.com.tr;tekinsan.com.tr;Acidereosb Mahallesi 23 Nisan Caddesi No: 4
TEKNİK BAĞLANTI ELEMANLARI SAN.VE TİC. A.Ş.;Fabrikasyon Metal Ürünleri İmalatı;+90 (322)394-5088;http://www.teknikbaglanti.com.tr;teknikbaglanti.com.tr;Acıdere OSB Oğuz Kağan Köksal Cd. No:8 Sarıçam/ADANA
TEKNİK METAL ENDÜSTRİ MALZ.TİC.VE SAN. A.Ş.;Fabrikasyon Metal Ürünleri İmalatı;+90 (322)394-4987;http://www.teknikmetal.com;teknikmetal.com;Acidereosb Mahallesi Süleyman Demirel Bulvari No: 25
Teknika Teknik Taah. Mak. İnş. Bilg. San. ve Tic. A. Ş.;Fabrikasyon Metal Ürünleri İmalatı;+90(216)909-6840;https://teknikateknik.com.tr/;teknikateknik.com.tr;Acıdereosb Mahallesi Nilüfer Sokak 2 Adana Sarıçam
TEKNOPAK MİKRODALGA KUTU AMB. SAN. VE TİC.A.Ş.;Kağıt ve Kağıt Ürünlerinin İmalatı;+90 (322)394-3615;http://www.teknopakambalaj.com;teknopakambalaj.com;Acidereosb Mahallesi Toros Caddesi No: 3
TEMİZ-İŞ TENEKE AMB.SAN.VE TİC.LTD.ŞTİ.;Fabrikasyon Metal Ürünleri İmalatı;+90 (322)394-4439;http://www.temizistenekeambalaj.com;temizistenekeambalaj.com;Acidereosb Mahallesi Atatürk Bulvari No: 61
TERMA YAPI KİMYASALARI DEK.İNŞ.SAN.VE TİC.LTD.ŞTİ.;Kimyasalların ve Kimyasal Ürünlerin İmalatı;+90 (322)394-3101;http://www.termatect.com.tr;termatect.com.tr;Acidereosb Mahallesi Ismet Atli Caddesi No: 7
TEZ TARIM ÜRÜNLERİ LİSANSLI DEPOCULUK SAN. VE TİC. A. Ş.;Gıda Ürünleri İmalatı;+90 (322)394-4875;http://www.tezkim.com;tezkim.com;Acidereosb Mahallesi Istiklal Caddesi No: 20
Tezcanlar Yatırım A.Ş.;Diğer İmalatlar;;https://tezkim.com/;tezkim.com;Acıdereosb Mahallesi İstiklal Caddesi No: 20 Adana Sarıçam
TEZKİM TAR.KİM.İNŞ.SAN.VE TİC. A.Ş.;Kimyasalların ve Kimyasal Ürünlerin İmalatı;+90 (322)394-4873;http://www.tezkim.com;tezkim.com;Acidereosb Mahallesi Istiklal Caddesi No: 20
TG MUTFAK EŞYALARI SAN. VE TİC. A. Ş.;Fabrikasyon Metal Ürünleri İmalatı;0322 435 1112;http://turgutlarmutfak.com.tr/;turgutlarmutfak.com.tr;Acıdere Mah. 19 Mayıs Cad. No:13/2 Hacı Sabancı Organize Sanayi Bölgesi/Sarıçam/Adana
TİFTİK MADENCİLİK NAKLİYE İNŞ.MAKİNA PETROL VE KİMYEVİ ÜRN.SAN. VE TİC.LTD.ŞTİ.;Diğer Metalik Olmayan Mineral Ürünlerin İmalatı;444-9281;http://www.tiftikbeton.com.tr;tiftikbeton.com.tr;Acidereosb Mahallesi Ismet Atli Caddesi No: 18
TOROS KUMAŞ APRE BOYA SAN.VE TİC.LTD.ŞTİ.;Tekstil Ürünlerinin İmalatı;+90 (322)394-3600;http://www.toroskumasboya.com;toroskumasboya.com;Acidereosb Mahallesi Vatan Caddesi No: 6
TOROS YAPISAL ÇELİK İMALAT SAN. VE TİC. A. Ş.;Fabrikasyon Metal Ürünleri İmalatı;+90 (322)394-3342;http://www.torosconstruction.com;torosconstruction.com;Acidereosb Mahallesi 5 Ocak Caddesi No: 10
TOYAS TEKNİK MAKİNA SAN. VE TİC. LTD. ŞTİ.;Fabrikasyon Metal Ürünleri İmalatı;+90 (322)394-4776;http://www.toyasteknik.com;toyasteknik.com;Acidereosb Mahallesi Gürgen Sokak No: 3
TUSEM PLASTİK AMBALAJ SAN. VE TİC. LTD. ŞTİ.;Kauçuk ve Plastik Ürünlerin İmalatı;+90 322 428 45 77;https://tusemplastik.com/;tusemplastik.com;Acıdereosb Mahallesi Ceyhan Caddesi No: 17  Sarıçam / Adana
TÜR VAR GROUP AMBALAJ MAKİNA SAN. VE TİC. LTD. ŞTİ.;Başka Yerde Sınıflandırılmamış Makina ve Ekipman İmalatı;0322 428 6275;https://turvargroup.com/;turvargroup.com;Acıdere Osb Mh. Hilal Cd. No:12 Sarıçam / Adana / Türkiye
Türkiye Halk Bankası A.Ş.;Diğer İmalatlar;;https://www.halkbank.com.tr/;halkbank.com.tr;Acıdereosb Mahallesi Turgut Özal Bulvarı 15 Adana Sarıçam
TÜRKİYE İŞ BANKASI A.Ş.;Diğer İmalatlar;+90 (322)394-4914;http://www.isbank.com.tr;isbank.com.tr;Acidereosb Mahallesi Turgut Özal Bulvari No: 13
TÜRKİYE VAKIFLAR BANKASI T.A.O.;Diğer İmalatlar;+90 (322)394-3506;http://www.vakifbank.com.tr;vakifbank.com.tr;Acidereosb Mahallesi Turgut Özal Bulvari No: 17
ULAŞ DÖKÜM VE VANA SANAYİ TİCARET LİMİTED ŞİRKETİ;Fabrikasyon Metal Ürünleri İmalatı;+90 (322)394-4214;http://www.ulasvana.com;ulasvana.com;Acidereosb Mahallesi Istiklal Caddesi No: 14
ULUSOY TEKSTİL SAN.VE TİC. A.Ş.;Tekstil Ürünlerinin İmalatı;+90 (322)394-4020;http://www.ulusoytekstil.com;ulusoytekstil.com;Acidereosb Mahallesi Çukurova Caddesi No: 9
UR-SA PLASTİK AMBALAJ VE TEKSTİL A.Ş.;Kauçuk ve Plastik Ürünlerin İmalatı;+90 (322)394-3745;http://www.ursa.com.tr;ursa.com.tr;Acidereosb Mahallesi Sabanci Caddesi No: 6
Uygunsoy Malzemecilik Mob. Aks. Teks. Day. Tük. Mal. San. ve Tic. Ltd. Şti.;Fabrikasyon Metal Ürünleri İmalatı;+90(322)503-9084;https://veray.com.tr;veray.com.tr;Acıdereosb Mahallesi Toroslar Caddesi No: 13 Adana Sarıçam
ÜN-HAK METAL MUTFAK GER.GIDA TEKS. KUYUMC. PLAS.SAN.VE TİC.LTD.ŞTİ.;Fabrikasyon Metal Ürünleri İmalatı;+90 (322)428-6721;http://www.unhak-metal.com.tr;unhak-metal.com.tr;Acidereosb Mahallesi Hilal Caddesi No: 3
ÜNVEREN HAVA SİS. SAN. VE TİC. A.Ş.;Başka Yerde Sınıflandırılmamış Makina ve Ekipman İmalatı;+90 (322)352-2885;http://www.unveren.com.tr;unveren.com.tr;Acidereosb Mahallesi 23 Nisan Caddesi No: 12
Vdexport İç ve Dış Ticaret Anonim Şirketi;Gıda Ürünleri İmalatı;0545 838 2601;https://vodocnr.com.tr/tr/;vodocnr.com.tr;Acıdereosb Mahallesi Toros Caddesi 2 Adana Sarıçam
VURAL PLASTİK VE AMBALAJ SANAYİ VE TİCARET PAZARLAMA İTHALAT VE İHRACAT ANONİM ŞİRKETİ;Kauçuk ve Plastik Ürünlerin İmalatı;+90 (322)441-0810;http://www.vuralplastik.com.tr;vuralplastik.com.tr;Acidereosb Mahallesi Seyhan Caddesi No: 2
Wünter Klima Gazları İnşaat San. Tic. Ltd. Şti.;Fabrikasyon Metal Ürünleri İmalatı;+90(322)441-2123;https://wuntertemizlik.com;wuntertemizlik.com;Acıdereosb Mahallesi Abdullah Gül Bulvarı No: 23 Adana Sarıçam
YAVUZ TEKNİK PASLANMAZ ÇELİK TESİSAT  MALZEMELERİ SAN. VE TİC. LTD. ŞTİ.;Fabrikasyon Metal Ürünleri İmalatı;+90 (322)394-5010;http://www.yavuzteknik.com;yavuzteknik.com;Acidereosb Mahallesi Sanayi Caddesi No: 4
YENİ MAĞAZACILIK A.Ş.;Diğer İmalatlar;+90 (322)394-3948;http://www.a101.com.tr;a101.com.tr;Acidereosb Mahallesi Celal Bayar Bulvari No: 33
YENİGÜN ORMAN ÜRN.VE KAĞ.SAN.VE TİC.LTD.ŞTİ.;Kağıt ve Kağıt Ürünlerinin İmalatı;+90 (322)394-5020;http://www.yenigunltd.com;yenigunltd.com;Acidereosb Mahallesi Sanayi Caddesi No: 6
YIL-KİM KİMYA TİNER SAN.LTD.ŞTİ.;Kimyasalların ve Kimyasal Ürünlerin İmalatı;+90 (322)394-4492;http://www.myboya.com.tr;myboya.com.tr;Acidereosb Mahallesi Zafer Caddesi No: 5
YILPACK AMBALAJ SANAYİ VE TİCARET ANONİM ŞİRKETİ;Kauçuk ve Plastik Ürünlerin İmalatı;0322 394 37 93;https://yilpack.com/;yilpack.com;H. Sabancı Org. San. Bölgesi İnönü Bulvarı No:15 Sarıçam/Adana
Yılsan Plastik Ambalaj Sanayi ve Ticaret Anonim Şirketi;Kauçuk ve Plastik Ürünlerin İmalatı;+90(322)882-0220;https://yilsan.com/;yilsan.com;Acıdereosb Mahallesi Başak Caddesi 3 Adana Sarıçam
Yonpaş Orman Ürünleri San. Tic. A.Ş.;Ağaç, Ağaç Ürünleri ve Mantar Ürünleri İmalatı;+90(322)346-0404;https://yonpas.com;yonpas.com;Acıdereosb Mahallesi Atatürk Bulvarı No: 12 Adana Sarıçam
YURTBAY SERAMİK SAN. TİC. A.Ş.;Diğer Metalik Olmayan Mineral Ürünlerin İmalatı, Kimyasalların ve Kimyasal Ürünlerin İmalatı;+90 (322)342-1002;http://www.yurtbay.com.tr;yurtbay.com.tr;Acidereosb Mahallesi Ismet Atli Caddesi No: 11
YZD ELEKTRİK İNŞ.TİC.VE SAN.LTD.ŞTİ.;Elektrikli Teçhizat İmalatı;+90 (322)394-5194;http://www.yzd.com.tr;yzd.com.tr;Acidereosb Mahallesi Inönü Bulvari No: 11
ZA METAL KUTU AMBALAJ SAN.VE TİC.A.Ş.;Fabrikasyon Metal Ürünleri İmalatı;+90 (322)394-3476;http://www.zaambalaj.com.tr;zaambalaj.com.tr;Acidereosb Mahallesi Mehmet Akif Ersoy Bulvari No: 8
ZAHİT ALÜMİNYUM SAN. VE TİC. A.Ş.;Fabrikasyon Metal Ürünleri İmalatı;+90 (322)394-3502;http://www.zahit.com.tr;zahit.com.tr;Acidereosb Mahallesi Oğuz Kağan Köksal Caddesi No: 5
ZİRAAT BANKASI A.Ş.;Diğer İmalatlar;+90 (322)394-3359;http://www.ziraat.com.tr;ziraat.com.tr;Acidereosb Mahallesi Turgut Özal Bulvari No: 9