Firma Adı;Web Sitesi;E-Posta;Detay URL
07 Pan-El-San;http://07panelsan.com.tr/;07panelsan@gmail.com , info@panelsan.com;https://www.antalyaosb.org.tr/tr/firma/07-pan-el-san/1
4S DENİZ ÜRÜNLERİ GIDA SANAYİ TİCARET A.Ş.;;antalyaosb@antalyaosb.org.tr;https://www.antalyaosb.org.tr/tr/firma/4s-deniz-urunleri-gida-sanayi-ticaret-a-s/400
ACCADO KİLİT SİSTEMLERİ AKS. YAPI MALZ. SAN. ve TİC. A. Ş.;https://www.accado.com.tr;info@accado.com.tr;https://www.antalyaosb.org.tr/tr/firma/accado-kilit-sistemleri-aks-yapi-malz-san-ve-tic-a-s/282
ACEL ENERJİ İÇECEK SANAYİ VE TİCARET LTD. ŞTİ.;;antalyaosb@antalyaosb.org.tr;https://www.antalyaosb.org.tr/tr/firma/acel-enerji-icecek-sanayi-ve-ticaret-ltd-sti/370
ADALYA ALÜMİNYUM SANAYİ VE TİCARET A.Ş.;https://www.adalyaaluminyum.com/;info@adalyaaluminyum.com;https://www.antalyaosb.org.tr/tr/firma/adalya-aluminyum-sanayi-ve-ticaret-a-s/395
Adalya Mermer San. Tic. A. Ş.;http://www.adalyamarble.com;info@adalyamarble.com;https://www.antalyaosb.org.tr/tr/firma/adalya-mermer-san-tic-a-s/3
ADAM PLAST TARIM LTD. ŞTİ.;;antalyaosb@antalyaosb.org.tr;https://www.antalyaosb.org.tr/tr/firma/adam-plast-tarim-ltd-sti/427
ADAM PLASTİK VE DENİZCİLİK SANAYİ VE TİCARET LİMİTED ŞİRKETİ;http://www.adamplastik.com;"info@adamplastik.com; mucahit@adamplastik.com; ozgur@adamplastik.com";https://www.antalyaosb.org.tr/tr/firma/adam-plastik-ve-denizcilik-sanayi-ve-ticaret-limited-sirketi/4
ADEN METAL YAPI SİSTEMLERİ İNŞAAT MİMARLIK MÜHENDİSLİK MADENCİLİ;;antalyaosb@antalyaosb.org.tr;https://www.antalyaosb.org.tr/tr/firma/aden-metal-yapi-sistemleri-insaat-mimarlik-muhendislik-madencili/428
ADEN SERA MALZEMELERİ VE PLASTİK ÜRÜNLERİ SANAYİ VE TİCARET LTD.;https://www.adensera.com/;info@adensera.com;https://www.antalyaosb.org.tr/tr/firma/aden-sera-malzemeleri-ve-plastik-urunleri-sanayi-ve-ticaret-ltd/317
ADO MADENCİLİK ELEKTRİK ÜRETİM SANAYİ VE TİCARET A.Ş.;https://adomining.com/tr/;info@adomining.com;https://www.antalyaosb.org.tr/tr/firma/ado-madencilik-elektrik-uretim-sanayi-ve-ticaret-a-s/361
Adokim Kimya Sanayi Ve Ticaret A. Ş.;https://www.ado.com.tr/markalarimiz/adokim.html;info@adokim.com.tr;https://www.antalyaosb.org.tr/tr/firma/adokim-kimya-sanayi-ve-ticaret-a-s/5
Adopen Plastik Ve Inş. San. A. Ş.;http://www.adopen.com;info@adopen.com.tr;https://www.antalyaosb.org.tr/tr/firma/adopen-plastik-ve-ins-san-a-s/7
ADVENT KİMYA TARIM SANAYİ VE TİCARET A.Ş.;;antalyaosb@antalyaosb.org.tr;https://www.antalyaosb.org.tr/tr/firma/advent-kimya-tarim-sanayi-ve-ticaret-a-s/80
Aef Jeneratör Sanayi A. Ş.;http://www.aefjenerator.com.tr;"evrenakbag@aefjenerator.com.tr  ; info@aefmakina.com.tr";https://www.antalyaosb.org.tr/tr/firma/aef-jenerator-sanayi-a-s/8
Aft Pls. Izo. Mak. San. Tic. Ltd. Şti.;www.aftplastik.com;"info@aftplastik.com ; pazarlama@aftplastik.com - isimatik@hotmail.com";https://www.antalyaosb.org.tr/tr/firma/aft-pls-izo-mak-san-tic-ltd-sti/9
Agrikem Ziraat Ilaçları End. Ürünleri San. Ve Tic. Aş.;http://www.agrikem.com;agrikem@agrikem.com.tr;https://www.antalyaosb.org.tr/tr/firma/agrikem-ziraat-ilaclari-end-urunleri-san-ve-tic-as/10
Agronetica Gayrimenkul Ve Tarım Tic. Ltd. Şti.;http://www.semillasfito.com.tr;"gturkol@semillasfito.com ; destek@semillasfito.com;";https://www.antalyaosb.org.tr/tr/firma/agronetica-gayrimenkul-ve-tarim-tic-ltd-sti/11
Agt Ağaç Sanayi Ticaret A. Ş.;http://www.agt.com.tr;info@agt.com.tr;https://www.antalyaosb.org.tr/tr/firma/agt-agac-sanayi-ticaret-a-s/12
Agt Enerji A. Ş.;http://www.agt.com.tr;info@agt.com.tr;https://www.antalyaosb.org.tr/tr/firma/agt-enerji-a-s/13
AHMET FIRAT YAYLACI;;antalyaosb@antalyaosb.org.tr;https://www.antalyaosb.org.tr/tr/firma/ahmet-firat-yaylaci/180
Ahmet Kasapoğlu Mobilya San. Tic. Ltd. Şti.;http://www.ahmetkasapoglu.com.tr;info@ahmetkasapoglu.com.tr;https://www.antalyaosb.org.tr/tr/firma/ahmet-kasapoglu-mobilya-san-tic-ltd-sti/15
AHMET KESTANE ORMAN ÜRÜNLERİ MOBİLYA İMALAT SANAYİ VE TİC. LTD.;;antalyaosb@antalyaosb.org.tr;https://www.antalyaosb.org.tr/tr/firma/ahmet-kestane-orman-urunleri-mobilya-imalat-sanayi-ve-tic-ltd/430
Akal Ant. Yapı Cephe Sist. Alüm. Demir. Met. Mad. Cam. Mak. I;http://www.akalant.com;info@akalant.com;https://www.antalyaosb.org.tr/tr/firma/akal-ant-yapi-cephe-sist-alum-demir-met-mad-cam-mak-i/17
Akatek Teknik Tekstil Sanayi Ve Ticaret A. Ş.;http://www.akateknik.com;"info@akateknik.com , yusufdaglarasar@akateknik.com;";https://www.antalyaosb.org.tr/tr/firma/akatek-teknik-tekstil-sanayi-ve-ticaret-a-s/18
AKB ELEKTRİK SANAYİ VE TİCARET A.Ş.;;antalyaosb@antalyaosb.org.tr;https://www.antalyaosb.org.tr/tr/firma/akb-elektrik-sanayi-ve-ticaret-a-s/431
AKDEN KAHVE VE GIDA SANAYİ DIŞ TİCARET LTD. ŞTİ.;;antalyaosb@antalyaosb.org.tr;https://www.antalyaosb.org.tr/tr/firma/akden-kahve-ve-gida-sanayi-dis-ticaret-ltd-sti/432
Akdeniz Ahşap Endüstrisi Sanayi Ve Tic. A. Ş.;http://www.akdenizahsap.com.tr;akdeniz@akdenizahsap.com.tr;https://www.antalyaosb.org.tr/tr/firma/akdeniz-ahsap-endustrisi-sanayi-ve-tic-a-s/19
Ake Asansör Malzemeleri Pazarlama Ltd. Şti.;http://www.ake.com.tr;"info@ake.com.tr ; ckeskin@ake.com.tr";https://www.antalyaosb.org.tr/tr/firma/ake-asansor-malzemeleri-pazarlama-ltd-sti/22
Aker Kontraplak Ve Sunta San. Tic. Ltd. Şti.;;antalyaosb@antalyaosb.org.tr;https://www.antalyaosb.org.tr/tr/firma/aker-kontraplak-ve-sunta-san-tic-ltd-sti/23
Akif Sarı - Sarı Demir Doğrama Konst. Raf. Vinç. Seracılık;http://www.saricelik.com.tr;koraysari87@hotmail.com - saridemircelik@gmail.com;https://www.antalyaosb.org.tr/tr/firma/akif-sari-sari-demir-dograma-konst-raf-vinc-seracilik/24
Akiş Hidrolik Asansör Ve Kaldırma Alet. San. Tic. Ltd. Şti.;http://www.akishidrolik.com.tr;"murat@akishidrolik.com.tr ; info@akishidrolik.com.tr";https://www.antalyaosb.org.tr/tr/firma/akis-hidrolik-asansor-ve-kaldirma-alet-san-tic-ltd-sti/25
Akkaya Cam Paz. Ltd. Şti.;http://www.akkayacam.com.tr;satis@akkayacam.com.tr;https://www.antalyaosb.org.tr/tr/firma/akkaya-cam-paz-ltd-sti/26
Akmetal Asansör San. Ve Tic. Ltd. Şti.;http://www.akmetalasansor.com;akmetal@akmetalasansor.com;https://www.antalyaosb.org.tr/tr/firma/akmetal-asansor-san-ve-tic-ltd-sti/27
Aksoylar Inş. Mak. Elek. Yapı. Malz. Zirai Donanım Taah. Tic.;http://www.aksoylar.com.tr;info@aksoylar.com.tr;https://www.antalyaosb.org.tr/tr/firma/aksoylar-ins-mak-elek-yapi-malz-zirai-donanim-taah-tic/29
Aksu Polimer Boya Sanayi Inşaat Ve Tic. Ltd. Şti.;http://www.aksuboya.com;info@aksuboya.com - uretim@aksuboya.com;https://www.antalyaosb.org.tr/tr/firma/aksu-polimer-boya-sanayi-insaat-ve-tic-ltd-sti/30
AKTAT TURİZM GIDA HAYVANCILIK İNŞAAT SAN.VE TİC.LTD.ŞTİ.;;antalyaosb@antalyaosb.org.tr;https://www.antalyaosb.org.tr/tr/firma/aktat-turizm-gida-hayvancilik-insaat-san-ve-tic-ltd-sti/420
AL-SUN ALÜMİNYUM İMALAT SAN. VE TİC. LTD. ŞTİ.;;antalyaosb@antalyaosb.org.tr;https://www.antalyaosb.org.tr/tr/firma/al-sun-aluminyum-imalat-san-ve-tic-ltd-sti/437
Alanyalı Entegre Ahşap Sanayii Inşaat Nakliyat Turizm Ithalat;http://www.alanyaliahsap.com.tr;alanyali@alanyaliahsap.com.tr;https://www.antalyaosb.org.tr/tr/firma/alanyali-entegre-ahsap-sanayii-insaat-nakliyat-turizm-ithalat/31
ALARA TURİZM VE TİC.A.Ş.;;antalyaosb@antalyaosb.org.tr;https://www.antalyaosb.org.tr/tr/firma/alara-turizm-ve-tic-a-s/433
Aldaş Altyapı Yönetim Danışmanlık Mühendislik Hizmetleri Elk.;http://www.aldas.com.tr;info@aldas.com.tr;https://www.antalyaosb.org.tr/tr/firma/aldas-altyapi-yonetim-danismanlik-muhendislik-hizmetleri-elk/32
ALESTA MARİNE TURİZM SANAYİ VE TİC. LTD. ŞTİ.;https://www.alestamarine.com/;"info@alestamarine.com ; muhasebe@alestamarine.com";https://www.antalyaosb.org.tr/tr/firma/alesta-marine-turizm-sanayi-ve-tic-ltd-sti/397
ALİ EROĞLU GAYRİMENKUL YATIRIM DANIŞMANLIK TİCARET A.Ş.;;antalyaosb@antalyaosb.org.tr;https://www.antalyaosb.org.tr/tr/firma/ali-eroglu-gayrimenkul-yatirim-danismanlik-ticaret-a-s/434
Alper YILMAZ;;antalyaosb@antalyaosb.org.tr;https://www.antalyaosb.org.tr/tr/firma/alper-yilmaz/401
Alternatif Inşaat Turizm Plastik Ambalaj Sanayi Ve Ticaret Lt;http://www.alternatifplastik.com;info@alternatifplastik.com;https://www.antalyaosb.org.tr/tr/firma/alternatif-insaat-turizm-plastik-ambalaj-sanayi-ve-ticaret-lt/34
ALTIN TARIM MAK. SAN.TİC.LTD.ŞTİ.;;antalyaosb@antalyaosb.org.tr;https://www.antalyaosb.org.tr/tr/firma/altin-tarim-mak-san-tic-ltd-sti/438
Altıntar Tarım A. Ş.;http://www.altintar.com;altintar@altintar.com;https://www.antalyaosb.org.tr/tr/firma/altintar-tarim-a-s/35
Altundaş Pls. Geri Dön. Sis. Nak. Inş. Mlz. Tor. Eml. Tur. Sa;;antalyaosb@antalyaosb.org.tr;https://www.antalyaosb.org.tr/tr/firma/altundas-pls-geri-don-sis-nak-ins-mlz-tor-eml-tur-sa/36
ALUMEN MİMARİ CEPHE SİS. CAM ALÜMNYM METAL İNŞAT SAN. TİC. A.Ş;http://www.alumenyapi.com/;"tolga.celik@alumenyapi.com; funda.celik@alümenyapi.com; info@alümenyapi.com;";https://www.antalyaosb.org.tr/tr/firma/alumen-mimari-cephe-sis-cam-alumnym-metal-insat-san-tic-a-s/326
AMARİN TANOREEN GIDA UNLU MAMÜLLER TEKSTİL PAKETLEME İNŞAAT SAN.;;antalyaosb@antalyaosb.org.tr;https://www.antalyaosb.org.tr/tr/firma/amarin-tanoreen-gida-unlu-mamuller-tekstil-paketleme-insaat-san/276
Ana Değirmen Sistemleri Ve Gıda San. Dış Tic. Ltd. Şti.;http://www.anamilling.com;info@anamilling.com;https://www.antalyaosb.org.tr/tr/firma/ana-degirmen-sistemleri-ve-gida-san-dis-tic-ltd-sti/38
Anadolu Reklam Matbaacılık Inşaat Turizm Nakliyat Ticaret San;http://www.anadolureklam.com.tr;info@anadolureklam.com.tr;https://www.antalyaosb.org.tr/tr/firma/anadolu-reklam-matbaacilik-insaat-turizm-nakliyat-ticaret-san/39
ANET ANTALYA İNŞAAT TURİZM SANAYİ VE TİCARET A.Ş.;https://www.antalyaanet.com/;anetet@superonline.com;https://www.antalyaosb.org.tr/tr/firma/anet-antalya-insaat-turizm-sanayi-ve-ticaret-a-s/402
Ankar Yalıtım Dekorasyon Ve Yapı Malz. San. Tic. A. Ş.;http://www.ankar.tc;info@an-kar.com - info@ankar.tc;https://www.antalyaosb.org.tr/tr/firma/ankar-yalitim-dekorasyon-ve-yapi-malz-san-tic-a-s/40
ANKOL ALKOLLÜ ALKOLSÜZ İÇECEK SANAYİ VE TİC. A.Ş.;;antalyaosb@antalyaosb.org.tr;https://www.antalyaosb.org.tr/tr/firma/ankol-alkollu-alkolsuz-icecek-sanayi-ve-tic-a-s/360
Ankutsan Antalya Kutu Sanayi Oluklu Mukavva Kağıt Tic. A. Ş.;http://www.ankutsan.com/tr;info@ankutsan.com;https://www.antalyaosb.org.tr/tr/firma/ankutsan-antalya-kutu-sanayi-oluklu-mukavva-kagit-tic-a-s/41
ANMOSAŞ ANT.MOB.MAM.SAN.TİC.AŞ.;;antalyaosb@antalyaosb.org.tr;https://www.antalyaosb.org.tr/tr/firma/anmosas-ant-mob-mam-san-tic-as/439
Ant-Cam Pazarlama A. Ş.;http://www.antcam.com.tr;info@antcam.com.tr;https://www.antalyaosb.org.tr/tr/firma/ant-cam-pazarlama-a-s/42
ANT-LAS ANTALYA LASTİK VE PETROL ÜRÜNLERİ PAZ. SAN. VE TİC. LTD.;;antalyaosb@antalyaosb.org.tr;https://www.antalyaosb.org.tr/tr/firma/ant-las-antalya-lastik-ve-petrol-urunleri-paz-san-ve-tic-ltd/445
Antalya Akyıldız Hurda Plastik Inşaat Turizm Imalat San. Ve Tic.;http://www.akyildizplastik.com.tr;info@akyildizplastik.com.tr;https://www.antalyaosb.org.tr/tr/firma/antalya-akyildiz-hurda-plastik-insaat-turizm-imalat-san-ve-tic/43
Antalya Alkollü Içecek San. Ve Tic. A. Ş.;www.aai.com.tr;info@aai.com.tr;https://www.antalyaosb.org.tr/tr/firma/antalya-alkollu-icecek-san-ve-tic-a-s/44
Antalya Balık Turizm Gıda Taşımacılık Inş. San. Ve Tic. A. Ş.;http://www.antalyabalik.com.tr;"ab@antalyabalik.com.tr ;  satıs@sagun.com";https://www.antalyaosb.org.tr/tr/firma/antalya-balik-turizm-gida-tasimacilik-ins-san-ve-tic-a-s/45
Antalya Hasat Plastik San. Ve Tic. A.Ş;http://www.hasatplastik.com.tr;"mail@hasatplastik.com.tr ; hasatplastik@mynet.com";https://www.antalyaosb.org.tr/tr/firma/antalya-hasat-plastik-san-ve-tic-a-s/48
Antalya Karteknik Soğutma Endüstriyel Mutfak San. Tic. Ve Inş;http://www.karteknik.com;karteknik@karteknik.com;https://www.antalyaosb.org.tr/tr/firma/antalya-karteknik-sogutma-endustriyel-mutfak-san-tic-ve-ins/49
Antalya Mermer San. Tic. Ltd. Şti.;http://www.antalyamarble.com;info@antalyamarble.com;https://www.antalyaosb.org.tr/tr/firma/antalya-mermer-san-tic-ltd-sti/50
Antalya Raf Sanayi Tur. Tic. Lt. Şti.;http://www.antalyaraf.com;info@arge-metal.com;https://www.antalyaosb.org.tr/tr/firma/antalya-raf-sanayi-tur-tic-lt-sti/51
ANTALYA YAĞ SANAYİ A.Ş.;;antalyaosb@antalyaosb.org.tr;https://www.antalyaosb.org.tr/tr/firma/antalya-yag-sanayi-a-s/440
ANTALYA YAŞAM HASTANELERİ ÖZEL SAĞLIK HİZMETLERİ A.Ş.;;antalyaosb@antalyaosb.org.tr;https://www.antalyaosb.org.tr/tr/firma/antalya-yasam-hastaneleri-ozel-saglik-hizmetleri-a-s/124
Antalya Yenigün Gıda Sanayi Ve Ticaret A. Ş.;http://www.yenigungida.com.tr;info@yenigungida.com.tr;https://www.antalyaosb.org.tr/tr/firma/antalya-yenigun-gida-sanayi-ve-ticaret-a-s/52
ANTALYAPAK METAL ENDÜSTRİYEL MAKİNE MÜHENDİSLİK MİMARLIK İNŞAAT;https://www.pakmetal.com.tr/;pakmetal@pakmetal.com;https://www.antalyaosb.org.tr/tr/firma/antalyapak-metal-endustriyel-makine-muhendislik-mimarlik-insaat/387
ANTCAM CAM PAZARLAMA SANAYİ VE TİCARTE A.Ş.;;antalyaosb@antalyaosb.org.tr;https://www.antalyaosb.org.tr/tr/firma/antcam-cam-pazarlama-sanayi-ve-ticarte-a-s/441
ANTCAM GAYRİMENKUL EMLAK OTOMOTİV VE LOJİSTİK TİCARET A.Ş.;;antalyaosb@antalyaosb.org.tr;https://www.antalyaosb.org.tr/tr/firma/antcam-gayrimenkul-emlak-otomotiv-ve-lojistik-ticaret-a-s/442
ANTEM GAYRİMENKUL TİCARET A.Ş.;;antalyaosb@antalyaosb.org.tr;https://www.antalyaosb.org.tr/tr/firma/antem-gayrimenkul-ticaret-a-s/443
Antkem Gıda Turizm Makina Sanayi Ve Ticaret A. Ş.;https://antkem.com/;s.atalay@crystal.com.tr;https://www.antalyaosb.org.tr/tr/firma/antkem-gida-turizm-makina-sanayi-ve-ticaret-a-s/53
Antpor Inş. Malz. Plastik Inş. Taşımacılık Petrol Tarım End.;http://www.antpor.com;"ferdiapari@antpor.com  ;  tugut@gencergrooup.com.tr";https://www.antalyaosb.org.tr/tr/firma/antpor-ins-malz-plastik-ins-tasimacilik-petrol-tarim-end/55
Anzatsan Mühendislik Sanayi Ticaret A. Ş.;https://anzatsan.com/;info@anzatsan.com;https://www.antalyaosb.org.tr/tr/firma/anzatsan-muhendislik-sanayi-ticaret-a-s/57
ARDEM FOOD GIDA ÜRÜNLERİ PAZARLAMA DIŞ TİCARET A. Ş.;;antalyaosb@antalyaosb.org.tr;https://www.antalyaosb.org.tr/tr/firma/ardem-food-gida-urunleri-pazarlama-dis-ticaret-a-s/446
Arman Teknik Tekstil Dokuma San. Tic. A. Ş.;http://www.armantekstil.com.tr;info@armantekstil.com.tr;https://www.antalyaosb.org.tr/tr/firma/arman-teknik-tekstil-dokuma-san-tic-a-s/59
ARMAS GLOBAL TURİZM YATIRIMLARI A.Ş.;;antalyaosb@antalyaosb.org.tr;https://www.antalyaosb.org.tr/tr/firma/armas-global-turizm-yatirimlari-a-s/459
ARSHAN İNŞAAT TAAHHÜT VE TARIM TİCARET SANAYİ LTD. ŞTİ.;;antalyaosb@antalyaosb.org.tr;https://www.antalyaosb.org.tr/tr/firma/arshan-insaat-taahhut-ve-tarim-ticaret-sanayi-ltd-sti/447
Art-Mim Iç Mimari Tasarım Mobilya Ima. San. Ve Tic. Ltd. Şti.;http://www.artmim.com.tr;info@artmim.com.tr;https://www.antalyaosb.org.tr/tr/firma/art-mim-ic-mimari-tasarim-mobilya-ima-san-ve-tic-ltd-sti/60
ARTI DANIŞMANLIK ORGANİZASYON TURİZM EMLAK REKLAMCILIK İNŞAAT İT;;antalyaosb@antalyaosb.org.tr;https://www.antalyaosb.org.tr/tr/firma/arti-danismanlik-organizasyon-turizm-emlak-reklamcilik-insaat-it/449
ARWİN TARIM TİCARET SANAYİ LTD. ŞTİ.;https://www.arwintarim.com.tr;info@arwintarim.com.tr;https://www.antalyaosb.org.tr/tr/firma/arwin-tarim-ticaret-sanayi-ltd-sti/411
ASKAR KARTONPİYER İMALAT İZALASYON İNŞ. SAN. VE TİC. A.Ş.;;antalyaosb@antalyaosb.org.tr;https://www.antalyaosb.org.tr/tr/firma/askar-kartonpiyer-imalat-izalasyon-ins-san-ve-tic-a-s/451
ASL TURİZM YATIRIMLARI İNŞAAT METAL SANAYİ TİCARET A.Ş.;;antalyaosb@antalyaosb.org.tr;https://www.antalyaosb.org.tr/tr/firma/asl-turizm-yatirimlari-insaat-metal-sanayi-ticaret-a-s/452
ATAKEDT GIDA SANAYİ VE TİCARET LTD. ŞTİ.;;antalyaosb@antalyaosb.org.tr;https://www.antalyaosb.org.tr/tr/firma/atakedt-gida-sanayi-ve-ticaret-ltd-sti/325
Atep Elektrik Pano Malzemeleri Sanayi Ticaret A.Ş;http://www.ateppano.com.tr;info@ateppano.com;https://www.antalyaosb.org.tr/tr/firma/atep-elektrik-pano-malzemeleri-sanayi-ticaret-a-s/62
ATILGAN TOPTAN TUHAFİYE TEKSTİL TİCARET LTD. ŞTİ.;;antalyaosb@antalyaosb.org.tr;https://www.antalyaosb.org.tr/tr/firma/atilgan-toptan-tuhafiye-tekstil-ticaret-ltd-sti/453
ATLAS GLOBAL EDT GIDA SANAYİ VE TİCARET A.Ş.;;antalyaosb@antalyaosb.org.tr;https://www.antalyaosb.org.tr/tr/firma/atlas-global-edt-gida-sanayi-ve-ticaret-a-s/450
AVERY DENNISON TEKSTİL ÜRÜNLERİ SANAYİ VE TİCARET LTD. ŞTİ.;https://www.rietveld-serigrafie.nl/;muhasebe@trvprint.com;https://www.antalyaosb.org.tr/tr/firma/avery-dennison-tekstil-urunleri-sanayi-ve-ticaret-ltd-sti/388
AVN PLASTİK SANAYİ LTD. ŞTİ.;;antalyaosb@antalyaosb.org.tr;https://www.antalyaosb.org.tr/tr/firma/avn-plastik-sanayi-ltd-sti/368
AY TURİZM OTELCİLİK İNŞAAT TİC. VE SAN. A.Ş.;;antalyaosb@antalyaosb.org.tr;https://www.antalyaosb.org.tr/tr/firma/ay-turizm-otelcilik-insaat-tic-ve-san-a-s/454
Ayan Inşaat Alüminyum Sistemleri Turizm Ticaret Ve Sanayi A.;http://www.ayangrup.com;info@ayangrup.com;https://www.antalyaosb.org.tr/tr/firma/ayan-insaat-aluminyum-sistemleri-turizm-ticaret-ve-sanayi-a/63
BABA İŞ  MAK. OTO KİR. VİNÇ İŞL. TAŞ. İNŞ. SAN.VE TİC. LTD. ŞTİ.;;antalyaosb@antalyaosb.org.tr;https://www.antalyaosb.org.tr/tr/firma/baba-is-mak-oto-kir-vinc-isl-tas-ins-san-ve-tic-ltd-sti/65
BABA KURTARMA HARFİYAT NAKLİYAT TAAHHÜT VE TİC. LTD. ŞTİ.;;antalyaosb@antalyaosb.org.tr;https://www.antalyaosb.org.tr/tr/firma/baba-kurtarma-harfiyat-nakliyat-taahhut-ve-tic-ltd-sti/455
Bahar Hindi Entegre San. ve Tic. A. Ş.;http://www.antbahar.com.tr;bilgi@antbahar.com.tr;https://www.antalyaosb.org.tr/tr/firma/bahar-hindi-entegre-san-ve-tic-a-s/66
BAKIRCILAR OTOMOTİV PETROL ÜRÜNLERİ SERVİS HİZMETLERİ VE TURİZM;;antalyaosb@antalyaosb.org.tr;https://www.antalyaosb.org.tr/tr/firma/bakircilar-otomotiv-petrol-urunleri-servis-hizmetleri-ve-turizm/456
BALCI AMBALAJ PAZ. GIDA TEKSTİL İNŞ. KUYUMCULUK TUR. TAŞ. TİC. S;;antalyaosb@antalyaosb.org.tr;https://www.antalyaosb.org.tr/tr/firma/balci-ambalaj-paz-gida-tekstil-ins-kuyumculuk-tur-tas-tic-s/319
BARDAKCI AMBALAJ OTEL EKİPMANLARI İNŞAAT SANAYİ VE TİCARET A.Ş.;;antalyaosb@antalyaosb.org.tr;https://www.antalyaosb.org.tr/tr/firma/bardakci-ambalaj-otel-ekipmanlari-insaat-sanayi-ve-ticaret-a-s/457
Başergün Boya Ve Kimya Inş. San. Tic. A. Ş.;http://www.cubo.com.tr;info@cubo.com.tr;https://www.antalyaosb.org.tr/tr/firma/basergun-boya-ve-kimya-ins-san-tic-a-s/67
BAŞERGÜN İNŞAAT TURİZM TİC. LTD. ŞTİ.;;antalyaosb@antalyaosb.org.tr;https://www.antalyaosb.org.tr/tr/firma/basergun-insaat-turizm-tic-ltd-sti/458
BC ENDÜSTRİYEL ÜRÜNLER İMALAT SANAYİ TİCARET LTD. ŞTİ.;;antalyaosb@antalyaosb.org.tr;https://www.antalyaosb.org.tr/tr/firma/bc-endustriyel-urunler-imalat-sanayi-ticaret-ltd-sti/460
BCE ORMAN ÜRÜNLERİ İNŞAAT EMLAK GIDA TURİZM OTOMOTİV OTOPARK SAN;;antalyaosb@antalyaosb.org.tr;https://www.antalyaosb.org.tr/tr/firma/bce-orman-urunleri-insaat-emlak-gida-turizm-otomotiv-otopark-san/461
BELLE LAMİNE AHŞAP İNŞAAT REKLAM TİCARET VE SANAYİ LTD.ŞTİ.;;antalyaosb@antalyaosb.org.tr;https://www.antalyaosb.org.tr/tr/firma/belle-lamine-ahsap-insaat-reklam-ticaret-ve-sanayi-ltd-sti/462
Bereket Plastik Sanayi Tic. A. Ş.;http://www.bereketplastik.com.tr;bereket@bereketplastik.com.tr;https://www.antalyaosb.org.tr/tr/firma/bereket-plastik-sanayi-tic-a-s/69
Bgs Burhanlar Gıda Turizm San. Ve Tic. A. Ş.;http://www.bgsfalez.com;"info@bgsfalez.com ; bgs@bgsfalez.com";https://www.antalyaosb.org.tr/tr/firma/bgs-burhanlar-gida-turizm-san-ve-tic-a-s/70
BHM OTELCİLİK A.Ş.;https://www.bhmotelcilik.com/;"ebirol@buket.com.tr ; nhalat@buket.com.tr-asistan@buket.com.tr";https://www.antalyaosb.org.tr/tr/firma/bhm-otelcilik-a-s/405
BHR SÜT VE SÜT ÜRÜNLERİ GIDA TURİZM CANLI HAYVAN TARIM SANAYİ VE;http://antbahar.com.tr/;bhrsut@antbahar.com.tr;https://www.antalyaosb.org.tr/tr/firma/bhr-sut-ve-sut-urunleri-gida-turizm-canli-hayvan-tarim-sanayi-ve/68
BİGWAY ALÜMİNYUM SANAYİ TİCARET A.Ş.;https://www.bigway.com.tr/;muhasebe@bigway.com.tr;https://www.antalyaosb.org.tr/tr/firma/bigway-aluminyum-sanayi-ticaret-a-s/425
BİLGİN STEEL GLOBAL İTHALAT İHRACAT İÇ VE DIŞ TİCARET A.Ş.;http://www.bilginsteel.com/;m.bilgin@bilginsteel.com;https://www.antalyaosb.org.tr/tr/firma/bilgin-steel-global-ithalat-ihracat-ic-ve-dis-ticaret-a-s/374
BİM BİRLEŞİK MAĞAZALAR A.Ş.;http://www.seraplastik.com.tr;yasemin.atay@bim.com.tr;https://www.antalyaosb.org.tr/tr/firma/bim-birlesik-magazalar-a-s/156
Birleşik Dağıtım Pazarlama Turizm Ticaret Ve Sanayi A. Ş.;http://www.birpa.net/;info@birpa-tr.com;https://www.antalyaosb.org.tr/tr/firma/birlesik-dagitim-pazarlama-turizm-ticaret-ve-sanayi-a-s/72
BKA TEKSTİL SANAYİ VE TİCARET A.Ş.;;antalyaosb@antalyaosb.org.tr;https://www.antalyaosb.org.tr/tr/firma/bka-tekstil-sanayi-ve-ticaret-a-s/463
BKS BİYOLOJİK KORUMA SİSTEMLERİ LABORATUVAR HİZMETLERİ TARIM MAK;;antalyaosb@antalyaosb.org.tr;https://www.antalyaosb.org.tr/tr/firma/bks-biyolojik-koruma-sistemleri-laboratuvar-hizmetleri-tarim-mak/464
Bml Gıda Tarım Inşaat Turizm Sanayi Ve Ticaret Ltd. Şti.;http://www.kitir.com.tr;murattotos@gmail.com, murat@kitir.com.tr;https://www.antalyaosb.org.tr/tr/firma/bml-gida-tarim-insaat-turizm-sanayi-ve-ticaret-ltd-sti/73
BONFES GIDA SANAYİ VE TİCARET A.Ş.;https://semercioglugida.com.tr/;yasar@semercioglugida.com;https://www.antalyaosb.org.tr/tr/firma/bonfes-gida-sanayi-ve-ticaret-a-s/424
Bora Makina Sanayi Ve Ticaret Ltd. Şti.;http://www.cmr.com.tr;bilgi@cmr.com.tr;https://www.antalyaosb.org.tr/tr/firma/bora-makina-sanayi-ve-ticaret-ltd-sti/74
Budak Kağıt Pazarlama Tic. San. Aş.;http://www.budak.com.tr;info@budak.com.tr;https://www.antalyaosb.org.tr/tr/firma/budak-kagit-pazarlama-tic-san-as/75
Buket Yıkama Servis Ve Tekstil San. Tic. A. Ş.;http://www.buket.com.tr;"ebirol@buket.com.tr ; tolga.ulkun@buket.com.tr";https://www.antalyaosb.org.tr/tr/firma/buket-yikama-servis-ve-tekstil-san-tic-a-s/76
BURAKCAN KALIP SANAYİ VE TİCARET LTD. ŞTİ.;;antalyaosb@antalyaosb.org.tr;https://www.antalyaosb.org.tr/tr/firma/burakcan-kalip-sanayi-ve-ticaret-ltd-sti/465
BURHAN ÇELİK AHŞAP MAMÜLLERİ SANAYİ VE TİCARET LİMİTED ŞİRKETİ;;antalyaosb@antalyaosb.org.tr;https://www.antalyaosb.org.tr/tr/firma/burhan-celik-ahsap-mamulleri-sanayi-ve-ticaret-limited-sirketi/467
Bülbül Akü Ve Malzemeleri San. Tic. A.Ş.;http://www.bulbulaku.com.tr;info@bulbulaku.com.tr;https://www.antalyaosb.org.tr/tr/firma/bulbul-aku-ve-malzemeleri-san-tic-a-s/77
Bülbül Pls. Geri Dön. Tek. Inş. Gıda Nak. Ve Tic. Ltd. Şti.;http://www.bulbulplastik.com;bülbülplastik@hotmail.com;https://www.antalyaosb.org.tr/tr/firma/bulbul-pls-geri-don-tek-ins-gida-nak-ve-tic-ltd-sti/78
CAM-SAŞ CAM DOĞRAMA MOBİLYA İMALAT İNŞAAT SANAYİ  VE TİC. A.Ş.;www.cam-sas.com.tr;info@cam-sas.com.tr;https://www.antalyaosb.org.tr/tr/firma/cam-sas-cam-dograma-mobilya-imalat-insaat-sanayi-ve-tic-a-s/292
CAMTAŞ ALÜMİNYUM SANAYİ VE TİCARET A.Ş.;;antalyaosb@antalyaosb.org.tr;https://www.antalyaosb.org.tr/tr/firma/camtas-aluminyum-sanayi-ve-ticaret-a-s/468
Cantek Soğutma Makinaları Turizm Sanayi Ve Tic. A. Ş.;www.cantekgroup.com;info@cantekgroup.com;https://www.antalyaosb.org.tr/tr/firma/cantek-sogutma-makinalari-turizm-sanayi-ve-tic-a-s/85
Cengiz Grup Mobilya Inş. San. Tic. Ltd. Şti.;http://www.cgm.com.tr;info@cgm.com.tr;https://www.antalyaosb.org.tr/tr/firma/cengiz-grup-mobilya-ins-san-tic-ltd-sti/86
Ceyka Plastik Kalıp Sanayi Ticaret Ltd. Şti.;http://www.ceykaplastik.com.tr;doganceylan@windowslive.com;https://www.antalyaosb.org.tr/tr/firma/ceyka-plastik-kalip-sanayi-ticaret-ltd-sti/88
Ceylan Işletme Inşaat Turizm Yatırım Nakliyat Gıda Içecek  Sa;http://www.ceysu.com.tr;info@ceysu.com.tr;https://www.antalyaosb.org.tr/tr/firma/ceylan-isletme-insaat-turizm-yatirim-nakliyat-gida-icecek-sa/89
CHEM TRADE KİMYA SANAYİ VE TİCARET A.Ş.;;antalyaosb@antalyaosb.org.tr;https://www.antalyaosb.org.tr/tr/firma/chem-trade-kimya-sanayi-ve-ticaret-a-s/469
CLEAN SHINE HİJYEN VE SAĞLIK ÜRÜNLERİ SAN. TİC. LTD. ŞTİ.;;antalyaosb@antalyaosb.org.tr;https://www.antalyaosb.org.tr/tr/firma/clean-shine-hijyen-ve-saglik-urunleri-san-tic-ltd-sti/470
CLONE KİMYA TARIM SANAYİ VE TİCARET LTD. ŞTİ.;www.bioteknologie.com www.biomikrobial.com;"info@bioteknologie.com  ;  s.rukiye@bioteknologie.com";https://www.antalyaosb.org.tr/tr/firma/clone-kimya-tarim-sanayi-ve-ticaret-ltd-sti/322
Clova Madencilik Ith. Ihr. San. Ve Tic. Ltd. Şti.;http://www.clovamarble.com;"fatih@clovamarble.com;  info@clovamarble.com; muhasebe@clovamarble.com";https://www.antalyaosb.org.tr/tr/firma/clova-madencilik-ith-ihr-san-ve-tic-ltd-sti/92
CORPOFER KİMYA SANAYİ VE TİCARET A.Ş.;;antalyaosb@antalyaosb.org.tr;https://www.antalyaosb.org.tr/tr/firma/corpofer-kimya-sanayi-ve-ticaret-a-s/404
CORPUS ENERJİ SOLAR ÜRETİM VE TİCARET A.Ş.;https://www.corpusenerji.com/;info@corpusturkey.com;https://www.antalyaosb.org.tr/tr/firma/corpus-enerji-solar-uretim-ve-ticaret-a-s/396
COŞKUNOĞLU PLASTİK İŞ MAKİNALARI ELEKTRİK GÜZELLİK MERKEZİ GIDA;;antalyaosb@antalyaosb.org.tr;https://www.antalyaosb.org.tr/tr/firma/coskunoglu-plastik-is-makinalari-elektrik-guzellik-merkezi-gida/471
Cömertoğlu Otelcilik Ve Tic. A. Ş.;http://www.delphinhotel.com;kasimcelenk@delphinhotel.com;https://www.antalyaosb.org.tr/tr/firma/comertoglu-otelcilik-ve-tic-a-s/95
CUMBA AHŞAP SANAYİ VE TİCARET LTD. ŞTİ.;;antalyaosb@antalyaosb.org.tr;https://www.antalyaosb.org.tr/tr/firma/cumba-ahsap-sanayi-ve-ticaret-ltd-sti/472
CW AKADEMİ EĞİTİM ARAŞTIRMA VE GELİŞTİRME A.Ş.;;antalyaosb@antalyaosb.org.tr;https://www.antalyaosb.org.tr/tr/firma/cw-akademi-egitim-arastirma-ve-gelistirme-a-s/473
CW ENERJİ MÜH.TİC. VE SAN. A.Ş;http://www.cw-enerji.com;"info@cw-enerji.com  ; volkan@cw-enerji.com";https://www.antalyaosb.org.tr/tr/firma/cw-enerji-muh-tic-ve-san-a-s/97
CW SOLAR CELL ENERJİ A.Ş.;;antalyaosb@antalyaosb.org.tr;https://www.antalyaosb.org.tr/tr/firma/cw-solar-cell-enerji-a-s/474
Çağdaş Yaşatan Reklam Matbaacılık Oluklu Karton Ve Mukavva Ta;http://www.yasatan.com.tr;info@yasatan.com.tr;https://www.antalyaosb.org.tr/tr/firma/cagdas-yasatan-reklam-matbaacilik-oluklu-karton-ve-mukavva-ta/81
Çağlayan Sera Plastik Yatırım Malz. San. Tic. Ltd. Şti.;http://www.csp.com.tr;info@csp.com.tr - csp@csp.com.tr;https://www.antalyaosb.org.tr/tr/firma/caglayan-sera-plastik-yatirim-malz-san-tic-ltd-sti/82
ÇATOM ÇEVRE ATIK TOPLAMA MERKEZİ A.Ş.;https://www.catom.com.tr/tr/iletisim;hayri.gedik@catom.com.tr;https://www.antalyaosb.org.tr/tr/firma/catom-cevre-atik-toplama-merkezi-a-s/406
ÇD OTOMOTİV SANAYİ TİCARET LTD. ŞTİ.;;antalyaosb@antalyaosb.org.tr;https://www.antalyaosb.org.tr/tr/firma/cd-otomotiv-sanayi-ticaret-ltd-sti/477
Çiftçi Süt Ürünleri Taşımacılık Gıda Inşaat Turizm Sanayi Tic;http://www.ciftcisut.com;"ciftcisut@gmail.com ;  muhasebe@ciftcisut.com";https://www.antalyaosb.org.tr/tr/firma/ciftci-sut-urunleri-tasimacilik-gida-insaat-turizm-sanayi-tic/90
Çimsan Tarımsan Ürünler Inş. Taah. Ve San. Tic. Ltd. Şti.;http://www.cimsan.com.tr;fabrika@cimsan.com.tr;https://www.antalyaosb.org.tr/tr/firma/cimsan-tarimsan-urunler-ins-taah-ve-san-tic-ltd-sti/91
ÇNG MOBİLYA SU SPORLARI TURİZM İNŞAAT SANAYİ VE TİCARET A.Ş.;www.cngmobilya.com;info@cngmobilya.com;https://www.antalyaosb.org.tr/tr/firma/cng-mobilya-su-sporlari-turizm-insaat-sanayi-ve-ticaret-a-s/84
ÇOBAN TEKSTİL SANAYİ VE TİCARET A.Ş.;www.cobaniplik.com.tr;"canancoban@cobaniplik.com.tr; burcu@cobaniplik.com.tr; hakanay@cobaniplik.com.tr; yasargunaydin@cobaniplik.com.tr; ozlemer@cobaniplik.com.tr; mehmet38426@gmail.com";https://www.antalyaosb.org.tr/tr/firma/coban-tekstil-sanayi-ve-ticaret-a-s/323
DAMEL TÜTÜN MAMÜLLERİ SANAYİ VE TİCARET LTD. ŞTİ.;;antalyaosb@antalyaosb.org.tr;https://www.antalyaosb.org.tr/tr/firma/damel-tutun-mamulleri-sanayi-ve-ticaret-ltd-sti/324
DANO EKMEK UNLU MAMÜLLER TURİZM GIDA SAN. VE TİC. LTD.ŞTİ.;;antalyaosb@antalyaosb.org.tr;https://www.antalyaosb.org.tr/tr/firma/dano-ekmek-unlu-mamuller-turizm-gida-san-ve-tic-ltd-sti/478
DECUS TUR. İNŞ. VE YAPI MALZEMELERİ İTHALAT İHRACAT TİC. LTD ŞTİ;;antalyaosb@antalyaosb.org.tr;https://www.antalyaosb.org.tr/tr/firma/decus-tur-ins-ve-yapi-malzemeleri-ithalat-ihracat-tic-ltd-sti/327
Dekan Boya Ve Yapı Kim. San. Tic. Ltd. Şti.;http://www.dekanboya.com.tr;info@dekanboya.com.tr;https://www.antalyaosb.org.tr/tr/firma/dekan-boya-ve-yapi-kim-san-tic-ltd-sti/98
DEKORAYOS MİMARLIK A.Ş.;;antalyaosb@antalyaosb.org.tr;https://www.antalyaosb.org.tr/tr/firma/dekorayos-mimarlik-a-s/328
Dekorıum Tasarı Proje Iç Mimari Mobilya Dekorasyon Inşaat Tur;http://www.dekoriummobilya.com/tr;ahmetekelik@dekoriummobilya.com, info@dekoriummobilya.com;https://www.antalyaosb.org.tr/tr/firma/dekorium-tasari-proje-ic-mimari-mobilya-dekorasyon-insaat-tur/99
DELTA ELEKTRİK SANAYİ VE TİCARET A.Ş.;;antalyaosb@antalyaosb.org.tr;https://www.antalyaosb.org.tr/tr/firma/delta-elektrik-sanayi-ve-ticaret-a-s/362
Delta Tarım Kimya Ihr. Ith. Ltd. Şti.;http://www.deltatarimkimya.com.tr;drlazbey@deltatarimkimya.com.tr mayyıldız@deltatarımkimya.com.tr;https://www.antalyaosb.org.tr/tr/firma/delta-tarim-kimya-ihr-ith-ltd-sti/100
Demagro Tarım Zirai Ilaç Ambalaj Sanayi Ve Ticaret Ltd. Şti.;http://www.demagrotarim.com;demagrotarim@hotmail.com;https://www.antalyaosb.org.tr/tr/firma/demagro-tarim-zirai-ilac-ambalaj-sanayi-ve-ticaret-ltd-sti/102
Derya Madencilik San. Ve Tic. Ltd. Şti.;http://www.aragonit.com.tr;emreay@aragonit.com.tr. emreay43@gmail.com, arge@aragonit.com.tr;https://www.antalyaosb.org.tr/tr/firma/derya-madencilik-san-ve-tic-ltd-sti/104
DESAK KİMYA KOZMETİK SANAYİ LTD. ŞTİ.;www.desakkimyasal.com.tr;saydinlik@gmail.com;https://www.antalyaosb.org.tr/tr/firma/desak-kimya-kozmetik-sanayi-ltd-sti/286
Detay Mermer Perlit Yatçılık Turizm Sanayi  Ve Tic. A. Ş.;http://www.detaymarble.com;finans@detaymarble.com muhasebe@detaymarble.com dkayamarble@hotmail.com;https://www.antalyaosb.org.tr/tr/firma/detay-mermer-perlit-yatcilik-turizm-sanayi-ve-tic-a-s/105
DİKMENOĞLU YAPI YATIRIM TURİZM İNŞAAT TARIM GIDA TEKSTİL PETROL;;antalyaosb@antalyaosb.org.tr;https://www.antalyaosb.org.tr/tr/firma/dikmenoglu-yapi-yatirim-turizm-insaat-tarim-gida-tekstil-petrol/267
DİNÇER LOJİSTİK A.Ş.;https://dincerlojistik.com/;info@dincerlojistik.com;https://www.antalyaosb.org.tr/tr/firma/dincer-lojistik-a-s/356
Do Hortum Sanayi Inşaat Makine Tarım Tic. Ltd. Şti.;http://www.hortumsan.com.tr;bilgi@hortumsan.com.tr osb@hortumsan.com.tr;https://www.antalyaosb.org.tr/tr/firma/do-hortum-sanayi-insaat-makine-tarim-tic-ltd-sti/108
Doğa Tarım Ticaret Sanayi Ve Turizm Ltd. Şti.;http://www.dogatarim.com;info@dogatarim.com;https://www.antalyaosb.org.tr/tr/firma/doga-tarim-ticaret-sanayi-ve-turizm-ltd-sti/109
Doğal Kimyevi Maddeler Zirai Ilaçlar San. Tic. A. Ş.;http://www.dogaltrm.com;dogal@dogaltrm.com;https://www.antalyaosb.org.tr/tr/firma/dogal-kimyevi-maddeler-zirai-ilaclar-san-tic-a-s/110
DOĞRUSÖYLER MOBİLYA SANAYİ TAŞIMACILIK İNŞ. VE DAYANIKLI EŞYA Tİ;;antalyaosb@antalyaosb.org.tr;https://www.antalyaosb.org.tr/tr/firma/dogrusoyler-mobilya-sanayi-tasimacilik-ins-ve-dayanikli-esya-ti/480
DOKA PLASTİK GERİ DÖNÜŞÜM SİSTEMLERİ O.E.M T.T.İ.S A.Ş;http://www.dokaplast.com/tr;rasim@dokaplast.com;https://www.antalyaosb.org.tr/tr/firma/doka-plastik-geri-donusum-sistemleri-o-e-m-t-t-i-s-a-s/294
Doktor Tarsa Tarım Sanayi ve Ticaret A.Ş.;http://www.drt.com.tr;info@drt.com.tr, bilgi@drt.com.tr;https://www.antalyaosb.org.tr/tr/firma/doktor-tarsa-tarim-sanayi-ve-ticaret-a-s/111
DÜNYA ET SANAYİ TİCARET A.Ş.;www.malci.com.tr;info@malciet.com ozkanaltiparmak@hotmail.com malci.muhasebe@hotmail.com;https://www.antalyaosb.org.tr/tr/firma/dunya-et-sanayi-ticaret-a-s/177
DÜNYA MEŞRUBAT GIDA İNŞAAT TURİZM PAZARLAMA SANAYİ VE TİCARET LT;https://www.dunyalimited.com/;;https://www.antalyaosb.org.tr/tr/firma/dunya-mesrubat-gida-insaat-turizm-pazarlama-sanayi-ve-ticaret-lt/366
EBRAR PLASTİK PARK VE KENT MOBİLYALARI İNŞAAT SANAYİ VE TİCARET;;antalyaosb@antalyaosb.org.tr;https://www.antalyaosb.org.tr/tr/firma/ebrar-plastik-park-ve-kent-mobilyalari-insaat-sanayi-ve-ticaret/399
Eczacıbaşı Monrol Nükleer Ürünler San. Ve Tic. A. Ş.;http://www.monrol.com.tr;"monrol@monrol.com; elif.apak@monrol.com; erkan.ozdogan@monrol.com; erkan.ozdogan@eczacibasi.com.tr;";https://www.antalyaosb.org.tr/tr/firma/eczacibasi-monrol-nukleer-urunler-san-ve-tic-a-s/112
Ef Alüminyum Madencilik Inş. Tur. Tic. Ve San. Ltd. Şti.;http://www.efaluminyum.com;"gamze.gurgen@efaluminyum.com; fethibabayigit07@gmail.com; info@efaluminyum.com";https://www.antalyaosb.org.tr/tr/firma/ef-aluminyum-madencilik-ins-tur-tic-ve-san-ltd-sti/113
EGE DENİZ İÇECEK İNŞAAT SANAYİ VE TİCARET A.Ş.;;antalyaosb@antalyaosb.org.tr;https://www.antalyaosb.org.tr/tr/firma/ege-deniz-icecek-insaat-sanayi-ve-ticaret-a-s/376
Ekiciler Süt Gıda Tarım Hayvancılık San. Ve Tic. A. Ş.;http://www.ekicipeynir.com;info@ekicipeynir.com;https://www.antalyaosb.org.tr/tr/firma/ekiciler-sut-gida-tarim-hayvancilik-san-ve-tic-a-s/114
Ekin Tarım Tic. A. Ş.;http://www.ekintarim.com.tr;info@ekintarim.com.tr      muhasebe@ekintarim.com.tr;https://www.antalyaosb.org.tr/tr/firma/ekin-tarim-tic-a-s/115
Ekolojik Tarım Gıda Kim. Mad. San. Ve Tic. A. Ş.;http://www.ekolojiktarim.com.tr;info@ekolojiktarim.com.tr     ekolojiktarim@mynet.com;https://www.antalyaosb.org.tr/tr/firma/ekolojik-tarim-gida-kim-mad-san-ve-tic-a-s/116
Ekso Süt Ve Gıda Mam. San. Ve Tic. A. Ş.;http://www.eksosut.com;info@eksosut.com santral@ekicipeynir.com burcin.ekici@ekicipeynir.com;https://www.antalyaosb.org.tr/tr/firma/ekso-sut-ve-gida-mam-san-ve-tic-a-s/117
EKT AKÜ A.Ş.;www.eikto.com.tr;iletisim@eikto.com.tr;https://www.antalyaosb.org.tr/tr/firma/ekt-aku-a-s/426
Elit Tarım Tic. Ve San. Ltd. Şti.;http://www.elittarim.com.tr;sedefttan@gmail.com  aysunk713@gmail.com info@elittarim.com.tr;https://www.antalyaosb.org.tr/tr/firma/elit-tarim-tic-ve-san-ltd-sti/118
ELM TARIM KİMYA SANAYİ VE İNŞAAT TİCARET LİMİTED ŞİRKETİ;;antalyaosb@antalyaosb.org.tr;https://www.antalyaosb.org.tr/tr/firma/elm-tarim-kimya-sanayi-ve-insaat-ticaret-limited-sirketi/521
Emeksan Otomotiv Taşımacılık Endüstriyel Makine Torna Tesviye;http://www.emeksanmakina.com.tr;info@emeksanmakina.com.tr;https://www.antalyaosb.org.tr/tr/firma/emeksan-otomotiv-tasimacilik-endustriyel-makine-torna-tesviye/120
EMT ŞERİT TESTERE SANAYİ TİCARET LTD. ŞTİ.;https://emtblades.com/;info@emtblades.com;https://www.antalyaosb.org.tr/tr/firma/emt-serit-testere-sanayi-ticaret-ltd-sti/329
En-El-Sa Endüstriyel Elektronik Inş. Taahhüt San. Tic. Ltd. Ş;http://www.enelsa.com;info@enelsa.com;https://www.antalyaosb.org.tr/tr/firma/en-el-sa-endustriyel-elektronik-ins-taahhut-san-tic-ltd-s/121
ER-SA SADIKOĞLU YAPI MALZEMELERİ İNŞ. SAN. VE TİC. LTD. ŞTİ.;;antalyaosb@antalyaosb.org.tr;https://www.antalyaosb.org.tr/tr/firma/er-sa-sadikoglu-yapi-malzemeleri-ins-san-ve-tic-ltd-sti/482
ERAY ALÜMİNYUM METAL VE İNŞAAT SANAYİ TURİZM TİC. LTD. ŞTİ.;;antalyaosb@antalyaosb.org.tr;https://www.antalyaosb.org.tr/tr/firma/eray-aluminyum-metal-ve-insaat-sanayi-turizm-tic-ltd-sti/481
Erinci Plastik;http://www.erinciplastik.com;erinciplastik@hotmail.com;https://www.antalyaosb.org.tr/tr/firma/erinci-plastik/122
ERŞA İNŞAAT TURİZM TİCARET A.Ş.ERSANLAR KONSERVE İTH.İHR.SAN. VE;;antalyaosb@antalyaosb.org.tr;https://www.antalyaosb.org.tr/tr/firma/ersa-insaat-turizm-ticaret-a-s-ersanlar-konserve-ith-ihr-san-ve/484
ESALFA GIDA TURİZM SANAYİ VE TİCARET LTD. ŞTİ.;;antalyaosb@antalyaosb.org.tr;https://www.antalyaosb.org.tr/tr/firma/esalfa-gida-turizm-sanayi-ve-ticaret-ltd-sti/485
ESASLI GRUP GIDA SAN. VE TİC.A.Ş.;;antalyaosb@antalyaosb.org.tr;https://www.antalyaosb.org.tr/tr/firma/esasli-grup-gida-san-ve-tic-a-s/486
ESKAPLAST PLASTİK SAN. VE TİC. A.Ş.;http://www.eskaplast.com/index.html;info@askaplast.com;https://www.antalyaosb.org.tr/tr/firma/eskaplast-plastik-san-ve-tic-a-s/352
Esli Endüstriyel Ürünler Paz. San. Ve Tic. Ltd. Şti.;http://www.esli.com.tr;esli@esli.com.tr  zulfu@esli.com.tr;https://www.antalyaosb.org.tr/tr/firma/esli-endustriyel-urunler-paz-san-ve-tic-ltd-sti/126
EVA MERMER SANAYİ VE TİCARET LTD. ŞTİ.;;antalyaosb@antalyaosb.org.tr;https://www.antalyaosb.org.tr/tr/firma/eva-mermer-sanayi-ve-ticaret-ltd-sti/487
EVENTO TEKSTİL KONFEKSİYON MEFRUŞAT MOBİLYA TİCARET VE SANAYİ LT;https://www.eventotextiles.com/;zeynep@eventotextiles.com;https://www.antalyaosb.org.tr/tr/firma/evento-tekstil-konfeksiyon-mefrusat-mobilya-ticaret-ve-sanayi-lt/331
FABALGO TEKSTİL TİCARET A.Ş.;;antalyaosb@antalyaosb.org.tr;https://www.antalyaosb.org.tr/tr/firma/fabalgo-tekstil-ticaret-a-s/168
FALEZ ELEKTRİK ÜRETİM A.Ş.;;antalyaosb@antalyaosb.org.tr;https://www.antalyaosb.org.tr/tr/firma/falez-elektrik-uretim-a-s/488
FARMİNOVA BİTKİ FABRİKALARI SANAYİ VE TİCARET A.Ş.;https://www.farminova.com/;info@cantekgroup.com;https://www.antalyaosb.org.tr/tr/firma/farminova-bitki-fabrikalari-sanayi-ve-ticaret-a-s/357
FASDAT GIDA DAĞITIM SANAYİ VE TİC. A.Ş.;www.fasdat.com.tr;info@fasdat.com.tr  aerdem@fasdat.com.tr;https://www.antalyaosb.org.tr/tr/firma/fasdat-gida-dagitim-sanayi-ve-tic-a-s/364
Fasdat Sebze Dog. Pak. San. Tic. Aş.;http://www.fasdat.com.tr;"zekeriyap@fasdat.com.tr;  budak1954.hotmail.com; denizg@fasdat.com.tr";https://www.antalyaosb.org.tr/tr/firma/fasdat-sebze-dog-pak-san-tic-as/129
Fipol Deniz Araçları Ve Turizm Plastik San. Tic. A. Ş.;http://www.fipol.com.tr;info@fipol.com.tr;https://www.antalyaosb.org.tr/tr/firma/fipol-deniz-araclari-ve-turizm-plastik-san-tic-a-s/131
FKM MOBİLYA ORMAN ÜRÜNLERİ İNŞAAT TEKSTİL TURİZM VE TİCARET LTD.;;antalyaosb@antalyaosb.org.tr;https://www.antalyaosb.org.tr/tr/firma/fkm-mobilya-orman-urunleri-insaat-tekstil-turizm-ve-ticaret-ltd/490
Foraks Inşaat San. Tic. A.Ş;http://www.foraksprefabrik.com;foraksinsaat@gmail.com;https://www.antalyaosb.org.tr/tr/firma/foraks-insaat-san-tic-a-s/132
FORM BASKI REKLAM TURİZM SANAYİ VE TİCARET A.Ş.;;antalyaosb@antalyaosb.org.tr;https://www.antalyaosb.org.tr/tr/firma/form-baski-reklam-turizm-sanayi-ve-ticaret-a-s/268
Fresenius Medikal Hizmetler A. Ş.;http://www.fresenius.com.tr;"muge.bagcaci@fmc-ag.com; esma.barutcu@fmc-ag.com";https://www.antalyaosb.org.tr/tr/firma/fresenius-medikal-hizmetler-a-s/134
FRESENİUS MEDİKAL TIBBİ CİHAZ VE SARF MALZEMELERİ ÜRETİM A.Ş.;;antalyaosb@antalyaosb.org.tr;https://www.antalyaosb.org.tr/tr/firma/fresenius-medikal-tibbi-cihaz-ve-sarf-malzemeleri-uretim-a-s/491
FUMART AMBALAJ TARIM KİMYA NAKLİYE SANAYİ TİC. A.Ş.;;antalyaosb@antalyaosb.org.tr;https://www.antalyaosb.org.tr/tr/firma/fumart-ambalaj-tarim-kimya-nakliye-sanayi-tic-a-s/492
GELİŞİM KALİTE KONTROL SİSTEMLERİ A.Ş.;;antalyaosb@antalyaosb.org.tr;https://www.antalyaosb.org.tr/tr/firma/gelisim-kalite-kontrol-sistemleri-a-s/493
Gen Bio Enj. San. Ürt. Ve Dağ. A. Yakıt Otom. Gıda Tarım Iml.;http://www.antalyas.com,www.genbioenergy.com;orhandede@antalyas.com;https://www.antalyaosb.org.tr/tr/firma/gen-bio-enj-san-urt-ve-dag-a-yakit-otom-gida-tarim-iml/135
GLOBAL DEPO DEKORASYON ÜRÜNLERİ MİM. MÜH. SAN. İTH. İHR. LTD. ŞT;;antalyaosb@antalyaosb.org.tr;https://www.antalyaosb.org.tr/tr/firma/global-depo-dekorasyon-urunleri-mim-muh-san-ith-ihr-ltd-st/494
Greencon Sera Sistemleri A. Ş.;antalyaosb;v.gosterisli@gmail.com;https://www.antalyaosb.org.tr/tr/firma/greencon-sera-sistemleri-a-s/137
GRK YAPI SİSTEMLERİ İNŞAAT TURİZM SANAYİ VE TİCARET LTD. ŞTİ;;antalyaosb@antalyaosb.org.tr;https://www.antalyaosb.org.tr/tr/firma/grk-yapi-sistemleri-insaat-turizm-sanayi-ve-ticaret-ltd-sti/496
GROWCHEM TARIM BOYA TURİZM İNŞAAT SANAYİ VE TİCARET A.Ş.;;antalyaosb@antalyaosb.org.tr;https://www.antalyaosb.org.tr/tr/firma/growchem-tarim-boya-turizm-insaat-sanayi-ve-ticaret-a-s/497
GSS ALKOLLÜ ALKOLSÜZ İÇECEK LOJ.GIDA DAĞ.PAZ.İNŞ. VE TİC.LTD.ŞTİ;;antalyaosb@antalyaosb.org.tr;https://www.antalyaosb.org.tr/tr/firma/gss-alkollu-alkolsuz-icecek-loj-gida-dag-paz-ins-ve-tic-ltd-sti/498
GÜN-LAS GÜNEY LASTİK VE MOTORLU ARAÇLAR TİCARETİ VE SERVİS HİZME;;antalyaosb@antalyaosb.org.tr;https://www.antalyaosb.org.tr/tr/firma/gun-las-guney-lastik-ve-motorlu-araclar-ticareti-ve-servis-hizme/500
GÜNDOĞDU KAĞIT PAZARLAMA SAN. VE TİC. LTD. ŞTİ.;http://gundogdukagit.com.tr/;info@gundogdukagit.com.tr;https://www.antalyaosb.org.tr/tr/firma/gundogdu-kagit-pazarlama-san-ve-tic-ltd-sti/354
GÜNDOĞDU KOMPRESÖR MOTOR MAKİNE ELEKTRİK BOBİNAJ TAŞIMACILIK İNŞ;;antalyaosb@antalyaosb.org.tr;https://www.antalyaosb.org.tr/tr/firma/gundogdu-kompresor-motor-makine-elektrik-bobinaj-tasimacilik-ins/499
Günsu Enerji Sistemleri Ve Konfor Tesisleri San. Tic. A. Ş.;http://www.gunsu.com.tr;info@gunsu.com.tr  mkaraman@gunsu.com.tr;https://www.antalyaosb.org.tr/tr/firma/gunsu-enerji-sistemleri-ve-konfor-tesisleri-san-tic-a-s/139
GÜRTAŞ AHŞAP MOBİLYA İNŞAAT SANAYİ VE TİC. A.Ş.;;antalyaosb@antalyaosb.org.tr;https://www.antalyaosb.org.tr/tr/firma/gurtas-ahsap-mobilya-insaat-sanayi-ve-tic-a-s/501
H. A. S. Dorse Frigorifik Kasa Üst Yapı Panel Ve Prefabrik Ya;http://www.hasfrigo.com;info@hastrailer.com keziban.kaya@hastrailer.com;https://www.antalyaosb.org.tr/tr/firma/h-a-s-dorse-frigorifik-kasa-ust-yapi-panel-ve-prefabrik-ya/140
Halim Kırtız Gıda Sanayi A. Ş.;http://www.narun.com.tr;"narun@narun.com.tr; erol@narun.com.tr; oguz@narun.com.tr; muhasebe@narun.com.tr";https://www.antalyaosb.org.tr/tr/firma/halim-kirtiz-gida-sanayi-a-s/142
HEDEFİM MOBİLYA İMALAT VE İNŞ.TİC.LTD.ŞTİ.;;antalyaosb@antalyaosb.org.tr;https://www.antalyaosb.org.tr/tr/firma/hedefim-mobilya-imalat-ve-ins-tic-ltd-sti/502
HERMAS DAMPERLİ RÖMORK VE KAROSER SANAYİ TİC. LTD. ŞTİ;http://www.hermaskaroser.com;hermaskaroser@hotmail.com;https://www.antalyaosb.org.tr/tr/firma/hermas-damperli-romork-ve-karoser-sanayi-tic-ltd-sti/2
HİCAZHAN MADENCİLİK TARIM SANAYİ VE TİCARET LTD. ŞTİ.;;antalyaosb@antalyaosb.org.tr;https://www.antalyaosb.org.tr/tr/firma/hicazhan-madencilik-tarim-sanayi-ve-ticaret-ltd-sti/503
HSN TASARIM MOBİLYA SANAYİ VE TİCARET LTD. ŞTİ.;;antalyaosb@antalyaosb.org.tr;https://www.antalyaosb.org.tr/tr/firma/hsn-tasarim-mobilya-sanayi-ve-ticaret-ltd-sti/504
Hu-Ge Şem. Tente Sis Iml. Dağ. Paz. San. Tic. A. Ş.;http://www.huge.com.tr;info@huge.com.tr  evren@huge.com.tr;https://www.antalyaosb.org.tr/tr/firma/hu-ge-sem-tente-sis-iml-dag-paz-san-tic-a-s/143
HUGE DEV ŞEMSİYE VE TİCARET A.Ş.;https://www.hugedevsemsiye.com/;info@huge.com.tr;https://www.antalyaosb.org.tr/tr/firma/huge-dev-semsiye-ve-ticaret-a-s/403
HÜRÇELİK KİMYA GID.İNŞ.SAN.VE TİC.LTD.ŞTİ.;;antalyaosb@antalyaosb.org.tr;https://www.antalyaosb.org.tr/tr/firma/hurcelik-kimya-gid-ins-san-ve-tic-ltd-sti/505
Ibrahim (Meltem Akü Ve Kimya Sanayi);http://www.meltemaku.com;info@meltemaku.com;https://www.antalyaosb.org.tr/tr/firma/ibrahim-meltem-aku-ve-kimya-sanayi/144
Ima Çelik Konsrüksiyon Damla Sulama Sistemleri Ve Makina Imal;http://www.imafiltre.com.tr;ima.muhasebe@gmail.com osmanuysal.ima@gmail.com;https://www.antalyaosb.org.tr/tr/firma/ima-celik-konsruksiyon-damla-sulama-sistemleri-ve-makina-imal/146
Imtaş Oto Yedek Parça Gıda Ithalat Ihracat San. Ve Tic. Ltd.;http://www.imtasgrub.com;m.akdemir@imtasgrup.com;https://www.antalyaosb.org.tr/tr/firma/imtas-oto-yedek-parca-gida-ithalat-ihracat-san-ve-tic-ltd/150
Intercam San. Tic. A. Ş.;http://www.intercam.com.tr;info@intercam.com.tr;https://www.antalyaosb.org.tr/tr/firma/intercam-san-tic-a-s/152
ISITEK YATIRIM DANIŞMANLIK MÜHENDİSLİK VE ELEKTROMEKANİK SAN. VE;;antalyaosb@antalyaosb.org.tr;https://www.antalyaosb.org.tr/tr/firma/isitek-yatirim-danismanlik-muhendislik-ve-elektromekanik-san-ve/506
Işıldar Otomotiv Inşaat Turizm Ve Dayanıklı Tüketim Malları T;http://www.apachi.com.tr;naciye@isildar.com.tr info@isildar.com.tr;https://www.antalyaosb.org.tr/tr/firma/isildar-otomotiv-insaat-turizm-ve-dayanikli-tuketim-mallari-t/154
İBRAHİM İŞBİLİR ÇELİK YAPI İNŞAAT MÜTEAHHİTLİĞİ LTD. ŞTİ.;http://www.isbilircelik.com;isbilircelik@gmail.com;https://www.antalyaosb.org.tr/tr/firma/ibrahim-isbilir-celik-yapi-insaat-muteahhitligi-ltd-sti/145
İGSAŞ - İstanbul Gübre Sanayii A.Ş.;http://www.igsas.com.tr;"igsas@igsas.com.tr; ozgur.mezde@igsas.com.tr; mustafa.ozer@igsas.com.tr";https://www.antalyaosb.org.tr/tr/firma/igsas-istanbul-gubre-sanayii-a-s/155
İMA ÇELİK KONSRÜKSİYON DAMLA SULAMA SİSTEMLERİ VE MAKİNA İMALAT;;antalyaosb@antalyaosb.org.tr;https://www.antalyaosb.org.tr/tr/firma/ima-celik-konsruksiyon-damla-sulama-sistemleri-ve-makina-imalat/507
İMH Sağlık Hiz. Tem. Yön. Danışmanlık Güvenlik Sist. San. Ve Dış;http://www.memorial.com.tr;"kadir_memorial@hotmail.com; zohre.celikli@memorial.com; info.antalya@memorial.com";https://www.antalyaosb.org.tr/tr/firma/imh-saglik-hiz-tem-yon-danismanlik-guvenlik-sist-san-ve-dis/148
İmsa Mermer Inş. Taah. Turizm San. Ve Tic. Ltd. Şti.;http://www.imsamarble.com;info@imsamarble.com, asistan@imsamermer.com, muhasebe@imsamarble.com;https://www.antalyaosb.org.tr/tr/firma/imsa-mermer-ins-taah-turizm-san-ve-tic-ltd-sti/149
İMTAŞ OTO YEDEK PARÇA GIDA İTHALAT İHRACAT SAN. VE TİC. LTD. ŞTİ;;antalyaosb@antalyaosb.org.tr;https://www.antalyaosb.org.tr/tr/firma/imtas-oto-yedek-parca-gida-ithalat-ihracat-san-ve-tic-ltd-sti/508
İNARMA İNŞAAT TAAHHÜT TURİZM TEKSTİL GIDA HAYVANCILIK TİCARET VE;;antalyaosb@antalyaosb.org.tr;https://www.antalyaosb.org.tr/tr/firma/inarma-insaat-taahhut-turizm-tekstil-gida-hayvancilik-ticaret-ve/509
İNCEBACAK KESİCİ TAKIM İML. PLASTİK İNŞ. TİC. SAN. PAZ. İTHALAT;;antalyaosb@antalyaosb.org.tr;https://www.antalyaosb.org.tr/tr/firma/incebacak-kesici-takim-iml-plastik-ins-tic-san-paz-ithalat/510
İSMAİL VOLKAN MİMARLIK MÜHENDİSLİK İNŞAAT PAZARLAMA TİC. LTD. ŞT;;antalyaosb@antalyaosb.org.tr;https://www.antalyaosb.org.tr/tr/firma/ismail-volkan-mimarlik-muhendislik-insaat-pazarlama-tic-ltd-st/511
JİBİAR GIDA SANAYİ VE TİCARET A.Ş.;;antalyaosb@antalyaosb.org.tr;https://www.antalyaosb.org.tr/tr/firma/jibiar-gida-sanayi-ve-ticaret-a-s/371
K2E İNŞAAT MALZEMELERİ İTHALAT İHRACAT SANAYİ VE TİC. LTD. ŞTİ.;;antalyaosb@antalyaosb.org.tr;https://www.antalyaosb.org.tr/tr/firma/k2e-insaat-malzemeleri-ithalat-ihracat-sanayi-ve-tic-ltd-sti/512
KALEİÇİ TATLICISI SANAYİ VE TİCARET A. Ş.;https://milklac.com/;info@milklac.com;https://www.antalyaosb.org.tr/tr/firma/kaleici-tatlicisi-sanayi-ve-ticaret-a-s/412
Kalfadoor Ahşap Sanayi Ticaret Ltd. Şti.;http://www.kalfadoor.com.tr/;nurullahkalfa@hotmail.com;https://www.antalyaosb.org.tr/tr/firma/kalfadoor-ahsap-sanayi-ticaret-ltd-sti/158
KAR PLUS İNŞAAT MALZEMELERİ SANAYİ VE TİCARET LTD. ŞTİ.;;antalyaosb@antalyaosb.org.tr;https://www.antalyaosb.org.tr/tr/firma/kar-plus-insaat-malzemeleri-sanayi-ve-ticaret-ltd-sti/334
KAR-YAPI TASARIM KARTONPİYER İNŞAAT İMALAT TUR. TAŞIMA. TİC A.Ş;www.kar-yapi.com;"info@kar-yapi.com.tr; nazli.sari@kar-yapi.com.tr";https://www.antalyaosb.org.tr/tr/firma/kar-yapi-tasarim-kartonpiyer-insaat-imalat-tur-tasima-tic-a-s/295
KAR-YAPI TASARIM KARTONPİYER İNŞAAT İMALAT TURİZM TAŞIMACILIK;www.kar-yapi.com;"info@kar-yapi.com.tr; nazli.sari@kar-yapi.com.tr";https://www.antalyaosb.org.tr/tr/firma/kar-yapi-tasarim-kartonpiyer-insaat-imalat-turizm-tasimacilik/335
KARPAK TEKSTİL YIKAMA HİZMETLERİ LOJİSTİK İTHALAT İHRACAT SANAYİ;;antalyaosb@antalyaosb.org.tr;https://www.antalyaosb.org.tr/tr/firma/karpak-tekstil-yikama-hizmetleri-lojistik-ithalat-ihracat-sanayi/407
KARTAŞ GERİ DÖNÜŞÜM PLASTİK HURDA METAL İNŞAAT NAKLİYAT SANAYİ V;;antalyaosb@antalyaosb.org.tr;https://www.antalyaosb.org.tr/tr/firma/kartas-geri-donusum-plastik-hurda-metal-insaat-nakliyat-sanayi-v/513
KASCAR MAKİNA SANAYİ A.Ş.;;antalyaosb@antalyaosb.org.tr;https://www.antalyaosb.org.tr/tr/firma/kascar-makina-sanayi-a-s/413
Kassan Tarım Taşımacılık Plastik Sanayi Ve Tic. Ltd. Şti.;http://www.kasaplastik.com;info@kasaplastik.com  muhasebe@kasaplastik.com;https://www.antalyaosb.org.tr/tr/firma/kassan-tarim-tasimacilik-plastik-sanayi-ve-tic-ltd-sti/162
KAT-KAR MÜHENDİSLİK METAL SANAYİ İNŞAAT ELEKTRİK TURİZM TİC. A.Ş;;antalyaosb@antalyaosb.org.tr;https://www.antalyaosb.org.tr/tr/firma/kat-kar-muhendislik-metal-sanayi-insaat-elektrik-turizm-tic-a-s/514
KAVİKA PLASTİK SANAYİ VE TİCARET A.Ş.;;antalyaosb@antalyaosb.org.tr;https://www.antalyaosb.org.tr/tr/firma/kavika-plastik-sanayi-ve-ticaret-a-s/515
KAYA LAUNDRY TURİZM SANAYİ VE TİCARET A.Ş.;;antalyaosb@antalyaosb.org.tr;https://www.antalyaosb.org.tr/tr/firma/kaya-laundry-turizm-sanayi-ve-ticaret-a-s/516
KESKİN TİCARET SERA MALZEMELERİ SATIŞ MERKEZİ EKREM KESKİN VE OR;;antalyaosb@antalyaosb.org.tr;https://www.antalyaosb.org.tr/tr/firma/keskin-ticaret-sera-malzemeleri-satis-merkezi-ekrem-keskin-ve-or/517
KESTANECİLER ORMAN ÜRÜN. MOB. İNŞ. TAAH. OTO. KİRA. TUR. İTH. İH;;antalyaosb@antalyaosb.org.tr;https://www.antalyaosb.org.tr/tr/firma/kestaneciler-orman-urun-mob-ins-taah-oto-kira-tur-ith-ih/518
KIRMIZITAŞ AHŞAP PANEL İŞLEME VE PAZARLAMA SAN. TİC. A.Ş;;antalyaosb@antalyaosb.org.tr;https://www.antalyaosb.org.tr/tr/firma/kirmizitas-ahsap-panel-isleme-ve-pazarlama-san-tic-a-s/519
Kimko Kimyasal Üretim Araştırma Ve Ticaret Ltd. Şti.;;antalyaosb@antalyaosb.org.tr;https://www.antalyaosb.org.tr/tr/firma/kimko-kimyasal-uretim-arastirma-ve-ticaret-ltd-sti/164
KLAS GERİ DÖNÜŞÜM SANAYİ TİCARET A.Ş.;;antalyaosb@antalyaosb.org.tr;https://www.antalyaosb.org.tr/tr/firma/klas-geri-donusum-sanayi-ticaret-a-s/520
Koçak Tic. Ve San. Ltd. Şti.;http://www.kocakcelik.com;info@kocakcelik.com  kocakcelik@hotmail.com;https://www.antalyaosb.org.tr/tr/firma/kocak-tic-ve-san-ltd-sti/165
KOPPERT BİYOLOJİK MÜCADELE VE POLİNASYON SİSTEMLERİ SANAYİ TİCAR;http://www.koppert.com.tr;info@koppert.com.tr aeroglu@koppert.com.tr;https://www.antalyaosb.org.tr/tr/firma/koppert-biyolojik-mucadele-ve-polinasyon-sistemleri-sanayi-ticar/166
KORALTÜRK BİLARDO SALONLARI VE AĞAÇ SANAYİ TİCARET LTD. ŞTİ;;antalyaosb@antalyaosb.org.tr;https://www.antalyaosb.org.tr/tr/firma/koralturk-bilardo-salonlari-ve-agac-sanayi-ticaret-ltd-sti/523
Kristal Endüstriyel Mutfak Çamaşırhane Makine Pazarlama Sanay;http://www.kristalendustriyel.com;info@crystal.com.tr r.kaynakci@crystal.com.tr;https://www.antalyaosb.org.tr/tr/firma/kristal-endustriyel-mutfak-camasirhane-makine-pazarlama-sanay/167
KRV YAĞ VE KEMİK SAN.TİC.A.Ş.;;antalyaosb@antalyaosb.org.tr;https://www.antalyaosb.org.tr/tr/firma/krv-yag-ve-kemik-san-tic-a-s/419
KURGU YÜRÜYEN MERDİVEN VE ASANSÖR SANAYİ TİC. A.Ş.;www.kurguasansor.com.tr;"kurguasansor@gmail.com; info@kurguasansor.com.tr";https://www.antalyaosb.org.tr/tr/firma/kurgu-yuruyen-merdiven-ve-asansor-sanayi-tic-a-s/277
Kutlu Avcı Ofset Sanayi ve Ticaret A.Ş.;http://www.kutluavci.com.tr;muhasebeorg@kutluavci.com.tr info@kutluavciambalaj.com;https://www.antalyaosb.org.tr/tr/firma/kutlu-avci-ofset-sanayi-ve-ticaret-a-s/170
Kutlu Avcı Ofset Sanayi ve Ticaret A.Ş.;http://www.parkaya.com.tr;muhasebeorg@kutluavci.com.tr info@kutluavciambalaj.com;https://www.antalyaosb.org.tr/tr/firma/kutlu-avci-ofset-sanayi-ve-ticaret-a-s/207
KUVER ENDÜSTRİYEL GIDA SANAYİ VE TİCARET A.Ş.;;antalyaosb@antalyaosb.org.tr;https://www.antalyaosb.org.tr/tr/firma/kuver-endustriyel-gida-sanayi-ve-ticaret-a-s/303
KÜRESEL TEDARİK VE TİCARET A.Ş.;;antalyaosb@antalyaosb.org.tr;https://www.antalyaosb.org.tr/tr/firma/kuresel-tedarik-ve-ticaret-a-s/524
LEVENT CAM SANAYİ VE TİCARET A.Ş.;www.leventcam.com;info@leventcam.com;https://www.antalyaosb.org.tr/tr/firma/levent-cam-sanayi-ve-ticaret-a-s/284
Levent Kimya San. Tic. A. Ş.;http://www.leventkimya.com.tr;info@leventkimya.com.tr arzu.karacan@leventkimya.com.tr;https://www.antalyaosb.org.tr/tr/firma/levent-kimya-san-tic-a-s/171
Lider Gübre Tarım Üretim Ve Pazarlama Sanayi Ticaret Limited;http://www.lidergubre.com.tr;hpakalin@hotmail.com;https://www.antalyaosb.org.tr/tr/firma/lider-gubre-tarim-uretim-ve-pazarlama-sanayi-ticaret-limited/172
LİNEER SOLAR ENERJİ MÜHENDİSLİK DANIŞMANLIK İNŞAAT SANAYİ VE TİC;https://lineersolar.com.tr/;info@LineerSolar.com.tr;https://www.antalyaosb.org.tr/tr/firma/lineer-solar-enerji-muhendislik-danismanlik-insaat-sanayi-ve-tic/373
LİR KOZMETİK OTEL EKİPMANLARI İMALAT İTH. İHR. SAN. VE TİC. LTD.;https://www.lirtr.com/;"info@lirtr.com; ozlem@lirtr.com";https://www.antalyaosb.org.tr/tr/firma/lir-kozmetik-otel-ekipmanlari-imalat-ith-ihr-san-ve-tic-ltd/358
LOGO MOBİLYA SAN. VE TİC. A.Ş.;;antalyaosb@antalyaosb.org.tr;https://www.antalyaosb.org.tr/tr/firma/logo-mobilya-san-ve-tic-a-s/526
LUX STEEL DEMİR ÇELİK SANAYİ VE TİC. LTD. ŞTİ.;https://www.luxsteel.net/;Info@luxsteel.net;https://www.antalyaosb.org.tr/tr/firma/lux-steel-demir-celik-sanayi-ve-tic-ltd-sti/394
MAF MOTORLU ARAÇLAR FABRİKASI SAN. VE TİC. A.Ş.;;antalyaosb@antalyaosb.org.tr;https://www.antalyaosb.org.tr/tr/firma/maf-motorlu-araclar-fabrikasi-san-ve-tic-a-s/527
Mahmut Özdamar- Özdamar Demir Boru Ve Profil End.;;antalyaosb@antalyaosb.org.tr;https://www.antalyaosb.org.tr/tr/firma/mahmut-ozdamar-ozdamar-demir-boru-ve-profil-end/174
Mahmutoğulları Mak. San. Oto. Gıd. Tur. Inş. Taah. Tic. Ltd.;http://www.mahmutogullarimakina.com;mahmutogullari@hotmail.com info@mahmutogullarimakina.com;https://www.antalyaosb.org.tr/tr/firma/mahmutogullari-mak-san-oto-gid-tur-ins-taah-tic-ltd/175
Makro Tarım Inş. Taah. Tur. Paz. San. Tic. Ltd. Şti.;http://www.makrotarim.com.tr;makrotarim@makrotarim.com.tr   info@makrotari;https://www.antalyaosb.org.tr/tr/firma/makro-tarim-ins-taah-tur-paz-san-tic-ltd-sti/176
MAKROKİM KİMYASAL MADDELER SANAYİ VE TİCARET A.Ş.;http://www.makrokim.com/;info@markkagenetik.com.tr;https://www.antalyaosb.org.tr/tr/firma/makrokim-kimyasal-maddeler-sanayi-ve-ticaret-a-s/128
MARKKA GENETİK TARIM A.Ş.;http://www.markkagenetik.com.tr;"info@markkagenetik.com.tr; muhasebe1@markkagenetik.com.tr";https://www.antalyaosb.org.tr/tr/firma/markka-genetik-tarim-a-s/178
MARTAŞ OTOMOTİV VE YEDEK PARÇA TİCARET VE SANAYİ A.Ş.;http://martas.com.tr/tr-TR;yavuz.yuksel@martas.com.tr;https://www.antalyaosb.org.tr/tr/firma/martas-otomotiv-ve-yedek-parca-ticaret-ve-sanayi-a-s/336
Mavi Safir Çamaşırhane Mak. Mut. Cihaz. San. Ve Tic. Aş;envercan@mavisafir.com.tr;"kaankarace@mavisafir.com; info@tolkar.com.tr; muhasebe@mavisafir.com.tr";https://www.antalyaosb.org.tr/tr/firma/mavi-safir-camasirhane-mak-mut-cihaz-san-ve-tic-as/179
MAYA TARIM TİCARET SANAYİ LTD. ŞTİ.;;antalyaosb@antalyaosb.org.tr;https://www.antalyaosb.org.tr/tr/firma/maya-tarim-ticaret-sanayi-ltd-sti/530
MEMSİS ÇEVRE TEKNOLOJİLERİ ARAŞTIRMA VE GELİŞTİRME LTD. ŞTİ;;antalyaosb@antalyaosb.org.tr;https://www.antalyaosb.org.tr/tr/firma/memsis-cevre-teknolojileri-arastirma-ve-gelistirme-ltd-sti/531
Merkez Anadolu Kimya Sanayi Üretim Pazarlama Taahhüt Ticaret;http://www.merkezanadolu.com.tr;info@merkezanadolu.com.tr;https://www.antalyaosb.org.tr/tr/firma/merkez-anadolu-kimya-sanayi-uretim-pazarlama-taahhut-ticaret/182
Metar Boya Izolasyon Inşaat Ve Inşaat Malzemeleri Sanayi Tica;http://www.metaryapi.com;muhasebe@metaryapi.com;https://www.antalyaosb.org.tr/tr/firma/metar-boya-izolasyon-insaat-ve-insaat-malzemeleri-sanayi-tica/183
Metaş Gurup Yapı Ürn. Pls. Alm. San. Tic. Ltd. Şti.;http://www.metasgroup.com.tr;ahmettaskin@metasgroup.com info@metasgroup.com.tr muhasebe@metasgroup.com.tr;https://www.antalyaosb.org.tr/tr/firma/metas-gurup-yapi-urn-pls-alm-san-tic-ltd-sti/184
Meyfar Tütün Mamülleri Turizm Sanayi Ve Ticaret Ltd. Şti.;www.meyfar.com;info@meyfar.com;https://www.antalyaosb.org.tr/tr/firma/meyfar-tutun-mamulleri-turizm-sanayi-ve-ticaret-ltd-sti/185
MEYTEK TESİSLER TEKNİK BAKIM ISITMA VE SOĞUTMA SİSTEMLERİ;;antalyaosb@antalyaosb.org.tr;https://www.antalyaosb.org.tr/tr/firma/meytek-tesisler-teknik-bakim-isitma-ve-sogutma-sistemleri/532
MK JEOTERMAL VE HAVUZ KİMYASALLARI METAL PLASTİK ÜR. END. TEM. M;;antalyaosb@antalyaosb.org.tr;https://www.antalyaosb.org.tr/tr/firma/mk-jeotermal-ve-havuz-kimyasallari-metal-plastik-ur-end-tem-m/533
MNT SAĞLIK HİZMETLERİ VE TİCARET A.Ş.;;antalyaosb@antalyaosb.org.tr;https://www.antalyaosb.org.tr/tr/firma/mnt-saglik-hizmetleri-ve-ticaret-a-s/534
MOBALYA ORMAN ÜRÜNLERİ SANAYİ VE TİCARET A.Ş.;;antalyaosb@antalyaosb.org.tr;https://www.antalyaosb.org.tr/tr/firma/mobalya-orman-urunleri-sanayi-ve-ticaret-a-s/535
MONOLİNE ENDÜSTRİYEL MUTFAK VE AÇIK BÜFE EKİPMANLARI SAN. LTD. Ş;;antalyaosb@antalyaosb.org.tr;https://www.antalyaosb.org.tr/tr/firma/monoline-endustriyel-mutfak-ve-acik-bufe-ekipmanlari-san-ltd-s/536
MP PLAS PLASTİK SANAYİ VE TİCARET LTD. ŞTİ.;;antalyaosb@antalyaosb.org.tr;https://www.antalyaosb.org.tr/tr/firma/mp-plas-plastik-sanayi-ve-ticaret-ltd-sti/537
Mutlu Baharat Ith. Ihr. Tur. Inş. Taş. Amb. Gıda. Ltd. Şti.;http://www.mutlubaharat.com.tr;info@mutlubaharat.com.tr-mutlubaharat@hotmail;https://www.antalyaosb.org.tr/tr/firma/mutlu-baharat-ith-ihr-tur-ins-tas-amb-gida-ltd-sti/186
MY BABY TURİZM TİCARET LTD. ŞTİ.;;antalyaosb@antalyaosb.org.tr;https://www.antalyaosb.org.tr/tr/firma/my-baby-turizm-ticaret-ltd-sti/233
Nalbantoğlu Demir Saç Inş. Taah. San. Tic. A. Ş.;http://www.nassansera.com;"mor@nalbantogludemir.com; lila@nalbantogludemir.com";https://www.antalyaosb.org.tr/tr/firma/nalbantoglu-demir-sac-ins-taah-san-tic-a-s/188
Nasreddin Orman Ürünleri Dekorasyon Peyzaj Inşaat Taahhüt Tur;https://www.naswood.com.tr/;"info@naskereste.com; info@nasreddingroup.com; ik@naswood.com.tr;  muhasebe@naswood.com.tr";https://www.antalyaosb.org.tr/tr/firma/nasreddin-orman-urunleri-dekorasyon-peyzaj-insaat-taahhut-tur/190
NATÜREL MAVİ GIDA MADDELERİ TAŞIMACILIK İNŞAAT TURİZM TİCARET VE;;antalyaosb@antalyaosb.org.tr;https://www.antalyaosb.org.tr/tr/firma/naturel-mavi-gida-maddeleri-tasimacilik-insaat-turizm-ticaret-ve/539
Netlog Lojistik Hizmetleri A. Ş;http://www.netlog.com.tr;timucin.pekin@netlog.com.tr;https://www.antalyaosb.org.tr/tr/firma/netlog-lojistik-hizmetleri-a-s/191
NN Metalurji A. Ş.;http://www.nnmetal.com.tr;info@nnmetal.com.tr  g.eken@nnmetal.com.tr;https://www.antalyaosb.org.tr/tr/firma/nn-metalurji-a-s/192
NOBEL ENERJİ ELEK. MÜH. MİMARLIK İNŞ. ÖZEL EĞİTİM TİC.SAN.LTDŞTİ;https://www.nobelmuhendislik.com/;info@nobelmuhendislik.com;https://www.antalyaosb.org.tr/tr/firma/nobel-enerji-elek-muh-mimarlik-ins-ozel-egitim-tic-san-ltdsti/337
Nobel Tarım Turz. Gıda Ith. Ihr. San. Ve Tic. Ltd. Şti.;http://www.nobeltarim.com;nobel@nobeltarim.com muhasebe@nobeltarim.com;https://www.antalyaosb.org.tr/tr/firma/nobel-tarim-turz-gida-ith-ihr-san-ve-tic-ltd-sti/193
NORM POLİÜRETAN CEPHE KAPLAMA VE YAPI ELEMANLARI İNŞAAT SANAYİ V;;antalyaosb@antalyaosb.org.tr;https://www.antalyaosb.org.tr/tr/firma/norm-poliuretan-cephe-kaplama-ve-yapi-elemanlari-insaat-sanayi-v/540
NOVELLHUG GROUP İÇECEK TUR. SAN. VE TİC. A.Ş.;;antalyaosb@antalyaosb.org.tr;https://www.antalyaosb.org.tr/tr/firma/novellhug-group-icecek-tur-san-ve-tic-a-s/414
NUME KİMYA ANALİTİK CİHAZLAR AR-GE DANIŞMANLIK HİZ.  MEDİKAL TEK;;antalyaosb@antalyaosb.org.tr;https://www.antalyaosb.org.tr/tr/firma/nume-kimya-analitik-cihazlar-ar-ge-danismanlik-hiz-medikal-tek/541
NURİ ÇINGI-ÇNG GRUP SU SPORLARI & MOBİLYA İMALATI;;antalyaosb@antalyaosb.org.tr;https://www.antalyaosb.org.tr/tr/firma/nuri-cingi-cng-grup-su-sporlari-mobilya-imalati/542
ODAK TARIM TİCARET LTD. ŞTİ.;http://www.odaktarim.com/;muhasebe@odaktarim.com;https://www.antalyaosb.org.tr/tr/firma/odak-tarim-ticaret-ltd-sti/380
OLCAN KAĞIT VE AMBALAJ SANAYİ TİCARET ANONİM ŞİRKETİ ANTALYA ŞUB;;antalyaosb@antalyaosb.org.tr;https://www.antalyaosb.org.tr/tr/firma/olcan-kagit-ve-ambalaj-sanayi-ticaret-anonim-sirketi-antalya-sub/390
Olimpos Laundry Tekstil, Temizlik Hizmetleri Ve Tur. San. Tic;http://www.olimposlaundry.com/;ifsaliye@olimposlandury.com;https://www.antalyaosb.org.tr/tr/firma/olimpos-laundry-tekstil-temizlik-hizmetleri-ve-tur-san-tic/196
ONCABİO TARIM HAYVANCILIK SANAYİ VE TİCARET LTD. ŞTİ.;;antalyaosb@antalyaosb.org.tr;https://www.antalyaosb.org.tr/tr/firma/oncabio-tarim-hayvancilik-sanayi-ve-ticaret-ltd-sti/544
ONE AGRO KİMYA SAN. TİC. A.Ş.;;antalyaosb@antalyaosb.org.tr;https://www.antalyaosb.org.tr/tr/firma/one-agro-kimya-san-tic-a-s/545
OPERA OTEL EKİPMANLARI YATIRIM A.Ş.;;antalyaosb@antalyaosb.org.tr;https://www.antalyaosb.org.tr/tr/firma/opera-otel-ekipmanlari-yatirim-a-s/557
ORGANİZE TEKNİK HIRDAVAT TİCARET LTD. ŞTİ.;;antalyaosb@antalyaosb.org.tr;https://www.antalyaosb.org.tr/tr/firma/organize-teknik-hirdavat-ticaret-ltd-sti/415
OSMANLI KAHVECİSİ GIDA İTHALAT İHRACAT SANAYİ VE TİCARET A.Ş.;;antalyaosb@antalyaosb.org.tr;https://www.antalyaosb.org.tr/tr/firma/osmanli-kahvecisi-gida-ithalat-ihracat-sanayi-ve-ticaret-a-s/546
Oto Doğu Ticaret Ve Sanayi A. Ş.;http://www.otodogu.com;rasim@otodogu.com;https://www.antalyaosb.org.tr/tr/firma/oto-dogu-ticaret-ve-sanayi-a-s/200
OZAY GROUP TARIM LTD. ŞTİ.;http://www.ozaytarim.com.tr/;"info@ozaytarim.com.tr; elminpoladov87@gmail.com";https://www.antalyaosb.org.tr/tr/firma/ozay-group-tarim-ltd-sti/369
Öğün Ekmek Unlu Mamülleri Gıda Yemekçilik Temizlik Inş. San.;http://www.ogunyemek.com;tarik.elcin@ogunyemek.com - adem.inal@ogunyemek.com - aysun.inal@ogunyemek.com - muhasebe@ogunyemek.com-info@ogunyemek.com;https://www.antalyaosb.org.tr/tr/firma/ogun-ekmek-unlu-mamulleri-gida-yemekcilik-temizlik-ins-san/195
ÖMER PLASTİK TİCARET VE SANAYİ A.Ş.;;antalyaosb@antalyaosb.org.tr;https://www.antalyaosb.org.tr/tr/firma/omer-plastik-ticaret-ve-sanayi-a-s/547
ÖMÜR ATEŞ PLASTİK İNŞ. DOĞALGAZ ENERJİ ENDÜSTRİYEL MAKİNE MADENC;;antalyaosb@antalyaosb.org.tr;https://www.antalyaosb.org.tr/tr/firma/omur-ates-plastik-ins-dogalgaz-enerji-endustriyel-makine-madenc/548
Ömür Cer. Alt Ve Tıbbi Mal. San. Tic. Ltd. Şti.;http://www.omurinsturuments.com;info@omurinstruments.com - omursurgicalins@superonline.com;https://www.antalyaosb.org.tr/tr/firma/omur-cer-alt-ve-tibbi-mal-san-tic-ltd-sti/198
Özgörkey Otomotiv Turizm Gıda Sanayi Ve Ticaret A. Ş.;http://www.ozgorkey.com;"laundry@ozgorkey.com; gokhan.aydogan@ozgorkey.com bahar.yildirim@ozgorkey.com";https://www.antalyaosb.org.tr/tr/firma/ozgorkey-otomotiv-turizm-gida-sanayi-ve-ticaret-a-s/203
ÖZLER TEKSTİL TİCARET SANAYİ TURİZM İNŞAAT GIDA İTHALAT İHRACAT;;antalyaosb@antalyaosb.org.tr;https://www.antalyaosb.org.tr/tr/firma/ozler-tekstil-ticaret-sanayi-turizm-insaat-gida-ithalat-ihracat/549
ÖZNE DOĞALGAZ VE ISITMA SOĞUTMA SİSTEMLERİ MÜHENDİSLİK TRAFO İNŞ;;antalyaosb@antalyaosb.org.tr;https://www.antalyaosb.org.tr/tr/firma/ozne-dogalgaz-ve-isitma-sogutma-sistemleri-muhendislik-trafo-ins/550
Öztaş Besicilik Gıda Ürünleri Inşaat Nakliyat Sanayi Ve Ticar;http://www.oztasbesi.com/;info@oztasbesi.com;https://www.antalyaosb.org.tr/tr/firma/oztas-besicilik-gida-urunleri-insaat-nakliyat-sanayi-ve-ticar/205
Özteknik Mermer Torna Makina Imalat Inş. Turizm Nakliyat San.;http://www.oz-teknik.com;oz-teknik@oz-teknik.com;https://www.antalyaosb.org.tr/tr/firma/ozteknik-mermer-torna-makina-imalat-ins-turizm-nakliyat-san/206
ÖZTİRYAKİLER MADENİ EŞYA SANAYİ VE TİC. A.Ş.;www.oztiryakiler.com.tr;oztiryakiler@oztiryakiler.com.tr;https://www.antalyaosb.org.tr/tr/firma/oztiryakiler-madeni-esya-sanayi-ve-tic-a-s/339
PARKAYA GIDA SAN.VE TİC.AŞ.;;antalyaosb@antalyaosb.org.tr;https://www.antalyaosb.org.tr/tr/firma/parkaya-gida-san-ve-tic-as/551
PERDESAN JALUZİ CAM SANAYİ TİCARET A.Ş.;https://www.perdesanjaluzi.com.tr;info@perdesanjaluzi.com.tr;https://www.antalyaosb.org.tr/tr/firma/perdesan-jaluzi-cam-sanayi-ticaret-a-s/340
PERGE KAĞITÇILIK MAKİNA PLASTİK TEKSTİL İTHALAT İHRACAT AMBALAJ;;antalyaosb@antalyaosb.org.tr;https://www.antalyaosb.org.tr/tr/firma/perge-kagitcilik-makina-plastik-tekstil-ithalat-ihracat-ambalaj/278
PERGE PLASTİK KİMYA TARIM İNŞAAT GIDA TURİZM SANAYİ VE TİC. LTD.;http://www.pergeplastik.com.tr;info@pergeplastik.com.tr mustafa-nurlu@hotmail.com alpernurlu07@gmail.com;https://www.antalyaosb.org.tr/tr/firma/perge-plastik-kimya-tarim-insaat-gida-turizm-sanayi-ve-tic-ltd/208
PİDOK PLASTİK SANAYİ VE TİCARET A.Ş.;;antalyaosb@antalyaosb.org.tr;https://www.antalyaosb.org.tr/tr/firma/pidok-plastik-sanayi-ve-ticaret-a-s/552
Platin Kimya Müm. Ve Dış Tic. Ltd. Şti.;http://www.platinagro.com/;"ctastemur@platinkimya.com; fabrika@platinkimya.com";https://www.antalyaosb.org.tr/tr/firma/platin-kimya-mum-ve-dis-tic-ltd-sti/209
Pol-Kar;http://www.polkar.com;polkar@polkar.com;https://www.antalyaosb.org.tr/tr/firma/pol-kar/210
PONENTE GROUP KOMPOZİT TEKNOLOJİLERİ SAN. VE TİC. LTD. ŞTİ.;https://ponente.com.tr/;info@ponente.com.tr;https://www.antalyaosb.org.tr/tr/firma/ponente-group-kompozit-teknolojileri-san-ve-tic-ltd-sti/416
Portisan Portatif Çelik Iskele Kalıp San. Ve Tic. A. Ş.;http://www.portisan.com.tr;portisan@portisan.com-info@portisan.com;https://www.antalyaosb.org.tr/tr/firma/portisan-portatif-celik-iskele-kalip-san-ve-tic-a-s/211
PP POLİ PLASTİK KOLİ AMBALAJ NAKLİYE TARIM SANAYİ VE TİCARET LTD;http://poliplastikkoli.com/;ozgur@poliplastikkoli.com;https://www.antalyaosb.org.tr/tr/firma/pp-poli-plastik-koli-ambalaj-nakliye-tarim-sanayi-ve-ticaret-ltd/214
Prenses Gıda Sanayi Ve Ticaret Ltd. Şti.;http://www.citello.com;info@citello.com - g.polat@citello.com;https://www.antalyaosb.org.tr/tr/firma/prenses-gida-sanayi-ve-ticaret-ltd-sti/212
PRINCESS SARA İNŞAAT EMLAK TURİZM İTHALAT İHRACAT TİCARET LTD. Ş;;antalyaosb@antalyaosb.org.tr;https://www.antalyaosb.org.tr/tr/firma/princess-sara-insaat-emlak-turizm-ithalat-ihracat-ticaret-ltd-s/554
Propak Endüstriyel Kağıt Gıda Hijyen Ürünleri Temizlik Inşaat;http://www.propakendustriyel.com;"propak@propakkimya.com; muhasebe@propakkimya.com";https://www.antalyaosb.org.tr/tr/firma/propak-endustriyel-kagit-gida-hijyen-urunleri-temizlik-insaat/213
PSL ELEKTRONİK SANAYİ VE TİC. A.Ş.;https://www.fiberli.com.tr/;"info@psl.com.tr; psl@psl.com.tr";https://www.antalyaosb.org.tr/tr/firma/psl-elektronik-sanayi-ve-tic-a-s/293
PUSULA AMBALAJ TURİZM SANAYİ VE TİCARET LTD. ŞTİ.;https://pusulaambalaj.com.tr/;muhasebe@pusulaambalaj.com.tr;https://www.antalyaosb.org.tr/tr/firma/pusula-ambalaj-turizm-sanayi-ve-ticaret-ltd-sti/417
Ral Tekstil A. Ş.;http://www.raltekstil.com.tr;raltekstil@raltekstil.com.tr ik@raltekstil.com.tr cesim@raltekstil.com.tr;https://www.antalyaosb.org.tr/tr/firma/ral-tekstil-a-s/215
RANAGRO TARIM KİMYA İNŞ. SAN. VE TİC. A.Ş.;;antalyaosb@antalyaosb.org.tr;https://www.antalyaosb.org.tr/tr/firma/ranagro-tarim-kimya-ins-san-ve-tic-a-s/555
REGAL MOTOR DIŞ TİCARET LTD. ŞTİ.;;antalyaosb@antalyaosb.org.tr;https://www.antalyaosb.org.tr/tr/firma/regal-motor-dis-ticaret-ltd-sti/556
Reksanant Reklam Metal Inşaat Sanayi Ve Tic. Ltd. Şti.;http://www.reksanreklam.net;info@reksanreklam.net;https://www.antalyaosb.org.tr/tr/firma/reksanant-reklam-metal-insaat-sanayi-ve-tic-ltd-sti/216
REKSOFT MAKİNA SANAYİ VE TİCARET LTD. ŞTİ.;;antalyaosb@antalyaosb.org.tr;https://www.antalyaosb.org.tr/tr/firma/reksoft-makina-sanayi-ve-ticaret-ltd-sti/341
Remim Reform Mimarlık Inş. Pvc Dek. San. Tic. Ltd. Şti.;http://www.remim.com.tr;remim@remim.com.tr, ayhan@remim.com.tr;https://www.antalyaosb.org.tr/tr/firma/remim-reform-mimarlik-ins-pvc-dek-san-tic-ltd-sti/217
RFD OTOMOTİV SANAYİ VE TİCARET A.Ş.;;antalyaosb@antalyaosb.org.tr;https://www.antalyaosb.org.tr/tr/firma/rfd-otomotiv-sanayi-ve-ticaret-a-s/393
RMA ZYMO LABS KİMYA SANAYİ A.Ş.;;antalyaosb@antalyaosb.org.tr;https://www.antalyaosb.org.tr/tr/firma/rma-zymo-labs-kimya-sanayi-a-s/558
ROCK MERMER SANAYİ VE TİCARET A.Ş.;;antalyaosb@antalyaosb.org.tr;https://www.antalyaosb.org.tr/tr/firma/rock-mermer-sanayi-ve-ticaret-a-s/559
Saint Gobain Weber Yapı Kimyasalları Sanayi Ve Ticaret A. Ş.;http://www.weber.com.tr;adem.celikli@weber.com.tr;https://www.antalyaosb.org.tr/tr/firma/saint-gobain-weber-yapi-kimyasallari-sanayi-ve-ticaret-a-s/220
Saka Perlit Kağıtçılık Plastik Ambalaj Geri Dönüşüm Sanayi Ve;;antalyaosb@antalyaosb.org.tr;https://www.antalyaosb.org.tr/tr/firma/saka-perlit-kagitcilik-plastik-ambalaj-geri-donusum-sanayi-ve/221
Samankaya Plas. Gıda San. Tic. Ltd. Şti.;;antalyaosb@antalyaosb.org.tr;https://www.antalyaosb.org.tr/tr/firma/samankaya-plas-gida-san-tic-ltd-sti/222
Sar-Pet Petrol Pazarlama Ve Nakliyat Ltd Şti.;http://www.sp.com.tr;info@sp.com.tr;https://www.antalyaosb.org.tr/tr/firma/sar-pet-petrol-pazarlama-ve-nakliyat-ltd-sti/223
Saray Kimya Sanayi Pazarlama İnşaat Turizm Ve Tic. Ltd.Şti.;http://www.saraykimya.com.tr;muhasebe@saraykimya.com.tr  info@saraykimya.com.tr;https://www.antalyaosb.org.tr/tr/firma/saray-kimya-sanayi-pazarlama-insaat-turizm-ve-tic-ltd-sti/138
SARIÇELİK İNŞAAT TAAHHÜT TİCARET A.Ş.;;antalyaosb@antalyaosb.org.tr;https://www.antalyaosb.org.tr/tr/firma/saricelik-insaat-taahhut-ticaret-a-s/560
Sartech Yapı Malzemeleri San. Ve Tic. Ltd. Şti.;http://www.foxbau.com;info@foxbau.com;https://www.antalyaosb.org.tr/tr/firma/sartech-yapi-malzemeleri-san-ve-tic-ltd-sti/225
SCALT METAL VE TEKSTİL SANAYİ VE TİC. A.Ş.;;antalyaosb@antalyaosb.org.tr;https://www.antalyaosb.org.tr/tr/firma/scalt-metal-ve-tekstil-sanayi-ve-tic-a-s/408
SECEN UNLU MAMULLER TARIM GIDA TURZM İNŞ. TAAHHÜT TİC. SAN.;https://www.secengida.com.tr/;finans@secengida.com.tr;https://www.antalyaosb.org.tr/tr/firma/secen-unlu-mamuller-tarim-gida-turzm-ins-taahhut-tic-san/342
Seçil Bayrak Reklam Tekstil Baskı San. Inş. Tic. Ltd. Şti.;http://www.secilbayrak.com;"mehmet@secilbayrak.com;  secil@secilbayrak.com";https://www.antalyaosb.org.tr/tr/firma/secil-bayrak-reklam-tekstil-baski-san-ins-tic-ltd-sti/226
SEFREEZE GIDA SANAYİ VE TİCARET A.Ş.;;antalyaosb@antalyaosb.org.tr;https://www.antalyaosb.org.tr/tr/firma/sefreeze-gida-sanayi-ve-ticaret-a-s/125
SEG MAKİNE KAĞITÇILIK SANAYİ TİCARET LTD. ŞTİ.;;antalyaosb@antalyaosb.org.tr;https://www.antalyaosb.org.tr/tr/firma/seg-makine-kagitcilik-sanayi-ticaret-ltd-sti/561
Selçuklu Un Ve Yem San. Tic. A. Ş.;http://www.selcukluunveyem.com;nbselcuk@gmail.com info@selcuklu.eu;https://www.antalyaosb.org.tr/tr/firma/selcuklu-un-ve-yem-san-tic-a-s/227
SEMİKAL TEKNOLOJİ SANAYİ TİCARET A.Ş.;;antalyaosb@antalyaosb.org.tr;https://www.antalyaosb.org.tr/tr/firma/semikal-teknoloji-sanayi-ticaret-a-s/392
SEMİLLAS FİTO TARIM SANAYİ VE TİCARET A.Ş.;;antalyaosb@antalyaosb.org.tr;https://www.antalyaosb.org.tr/tr/firma/semillas-fito-tarim-sanayi-ve-ticaret-a-s/562
Sencer Akümülatör Imalat Plastik Elektronik Gıda Inşaat Ithal;http://www.soyturkaku.com;"ramazan_soyturk@hotmail.com; info@soyturkaku.com";https://www.antalyaosb.org.tr/tr/firma/sencer-akumulator-imalat-plastik-elektronik-gida-insaat-ithal/228
SENGIL SANAYİ TİCARET İNŞAAT VE TURİZM LTD. ŞTİ.;www.sengil.com.tr;info@sengil.com.tr;https://www.antalyaosb.org.tr/tr/firma/sengil-sanayi-ticaret-insaat-ve-turizm-ltd-sti/343
SER PAK AMBALAJ SANAYİ  VE TİCARET A.Ş.;;antalyaosb@antalyaosb.org.tr;https://www.antalyaosb.org.tr/tr/firma/ser-pak-ambalaj-sanayi-ve-ticaret-a-s/297
SERA PLASTİK SANAYİ VE TİCARET A.Ş.;http://www.seraplastik.com.tr/;sera@seraplastik.com.tr;https://www.antalyaosb.org.tr/tr/firma/sera-plastik-sanayi-ve-ticaret-a-s/151
Seratek Sera Teknolojileri Tarım Inşaat Madencilik Danışmanlı;http://www.seratek.com;vural@seratek.com muhasebe@seratek.com info@seratek.com;https://www.antalyaosb.org.tr/tr/firma/seratek-sera-teknolojileri-tarim-insaat-madencilik-danismanli/229
Serçe Demir San. Mamülleri Tic. Ltd. Şti.;http://www.sercedemir.com;info@sercedemir.com;https://www.antalyaosb.org.tr/tr/firma/serce-demir-san-mamulleri-tic-ltd-sti/230
SERÇEOĞULLARI CAM BALKON SİSTEMLERİ ALÜMİNYUM PVC DOĞRAMA İNŞAAT;;antalyaosb@antalyaosb.org.tr;https://www.antalyaosb.org.tr/tr/firma/serceogullari-cam-balkon-sistemleri-aluminyum-pvc-dograma-insaat/563
SERGEN SÜT VE ÜRÜNLERİ GIDA NAKLİYE TURİZM SANAYİ VE TİCARET LTD;;antalyaosb@antalyaosb.org.tr;https://www.antalyaosb.org.tr/tr/firma/sergen-sut-ve-urunleri-gida-nakliye-turizm-sanayi-ve-ticaret-ltd/418
SESA KİMYA ÜRETİM PAZARLAMA SATIŞ VE TİCARET LTD. ŞTİ;;antalyaosb@antalyaosb.org.tr;https://www.antalyaosb.org.tr/tr/firma/sesa-kimya-uretim-pazarlama-satis-ve-ticaret-ltd-sti/564
Seto Sebze Tohumları Gübre Üretim Inş. Tur. Ve San. Tic. A. Ş;http://www.seto.com.tr;seto@seto.com.tr;https://www.antalyaosb.org.tr/tr/firma/seto-sebze-tohumlari-gubre-uretim-ins-tur-ve-san-tic-a-s/231
SEVAY KİMYA LTD. ŞTİ.;http://www.sevaykimya.com.tr;info@sevaykimya.com  sevaykimya@gmail.com;https://www.antalyaosb.org.tr/tr/firma/sevay-kimya-ltd-sti/232
SHARK INSTRUMENTS SANAT ÜRÜNLERİ A.Ş.;https://sharkguitars.com/home;info@sharkguitars.com;https://www.antalyaosb.org.tr/tr/firma/shark-instruments-sanat-urunleri-a-s/398
SİBELLA GIDA SÜT ÜRÜNLERİ SAN. VE TİC. LTD. ŞTİ.;;antalyaosb@antalyaosb.org.tr;https://www.antalyaosb.org.tr/tr/firma/sibella-gida-sut-urunleri-san-ve-tic-ltd-sti/565
SİMETRİ MEDİKAL İNŞAAT MALZEMELERİ İNŞAAT EMLAK TURİZM SANAYİ VE;;antalyaosb@antalyaosb.org.tr;https://www.antalyaosb.org.tr/tr/firma/simetri-medikal-insaat-malzemeleri-insaat-emlak-turizm-sanayi-ve/566
SİMYA MİMARLIK MÜHENDİSLİK İNŞAAT TAAHHÜT YAPI MALZEMELERİ MOBİL;;antalyaosb@antalyaosb.org.tr;https://www.antalyaosb.org.tr/tr/firma/simya-mimarlik-muhendislik-insaat-taahhut-yapi-malzemeleri-mobil/567
SİNANOĞLU MİMARLIK MOBİLYA İNŞ. TUR. SAN. VE TİC. A.Ş.;http://mimarsinanoglu.com/;info@mimarsinanoglu.com;https://www.antalyaosb.org.tr/tr/firma/sinanoglu-mimarlik-mobilya-ins-tur-san-ve-tic-a-s/280
SİSTEM ASANSÖR SANAYİ İNŞAAT TİCARET VE TURİZM LTD. ŞTİ.;;antalyaosb@antalyaosb.org.tr;https://www.antalyaosb.org.tr/tr/firma/sistem-asansor-sanayi-insaat-ticaret-ve-turizm-ltd-sti/568
SONER MİMARLIK MÜHENDİSLİK MÜŞAVİRLİK HİZMETLERİ İNŞAAT MOBİLYA;;antalyaosb@antalyaosb.org.tr;https://www.antalyaosb.org.tr/tr/firma/soner-mimarlik-muhendislik-musavirlik-hizmetleri-insaat-mobilya/569
SOYTÜRK AKÜ MAL. İMALAT İHRACAT SANAYİ TİC. LTD. ŞTİ.;;antalyaosb@antalyaosb.org.tr;https://www.antalyaosb.org.tr/tr/firma/soyturk-aku-mal-imalat-ihracat-sanayi-tic-ltd-sti/570
SÖVEKENT YAPI MLZ.ENDS.MAK.SAN.TİC.LTD.ŞTİ.;;antalyaosb@antalyaosb.org.tr;https://www.antalyaosb.org.tr/tr/firma/sovekent-yapi-mlz-ends-mak-san-tic-ltd-sti/571
STARFOOD ANTALYA GIDA SAN.TİC.A.Ş.;;antalyaosb@antalyaosb.org.tr;https://www.antalyaosb.org.tr/tr/firma/starfood-antalya-gida-san-tic-a-s/572
STM KİMYA TARIM ÜRÜNLERİ SANAYİ VE TİCARET LTD. ŞTİ.;http://stmkimya.com/;info@stmkimya.com;https://www.antalyaosb.org.tr/tr/firma/stm-kimya-tarim-urunleri-sanayi-ve-ticaret-ltd-sti/378
Sude Mimarlık Mühendislik Hizmetleri Ve Inşaat Tic. San. Aş.;http://www.sudemim.com;info@sudemim.com sude@sudegroup.com sude@international.com muhasebe@sudemim.com;https://www.antalyaosb.org.tr/tr/firma/sude-mimarlik-muhendislik-hizmetleri-ve-insaat-tic-san-as/236
Sudem Pastacılık Ürünleri Gıda Tarım Sanayi Ve Ticaret A. Ş.;http://www.sudemgida.com;"tugba@sudemgida.com.tr; songulertunc@sudemgida.com.tr";https://www.antalyaosb.org.tr/tr/firma/sudem-pastacilik-urunleri-gida-tarim-sanayi-ve-ticaret-a-s/237
SUN SEA TURİZM GIDA SANAYİ VE TİCARET A.Ş.;;antalyaosb@antalyaosb.org.tr;https://www.antalyaosb.org.tr/tr/firma/sun-sea-turizm-gida-sanayi-ve-ticaret-a-s/573
SUPAK AMBALAJ SANAYİ VE TİCARET LTD. ŞTİ.;info@toroslastik.com.tr;info@supak.com.tr;https://www.antalyaosb.org.tr/tr/firma/supak-ambalaj-sanayi-ve-ticaret-ltd-sti/351
SÜMBÜLOĞLU DEMİR ÇELİK SAN. VE TİC. A. Ş.;http://www.sumbuloglu.com;info@sumbuloglu.com;https://www.antalyaosb.org.tr/tr/firma/sumbuloglu-demir-celik-san-ve-tic-a-s/238
SÜMBÜLOĞLU MAKİNA SERA PLASTİK DEMİR ÇELİK VE İNŞAAT SANAYİ TİC.;;antalyaosb@antalyaosb.org.tr;https://www.antalyaosb.org.tr/tr/firma/sumbuloglu-makina-sera-plastik-demir-celik-ve-insaat-sanayi-tic/574
SÜMBÜLOĞLU MÜHENDİSLİK MİMARLIK BİLGİSAYAR YAZILIM DEMİR ÇELİK T;;antalyaosb@antalyaosb.org.tr;https://www.antalyaosb.org.tr/tr/firma/sumbuloglu-muhendislik-mimarlik-bilgisayar-yazilim-demir-celik-t/575
Sütpa Gıda Turizm Inş. Süt Ve Süt Ürünleri Hayvancılık Et Ve;http://www.sutpa.com.tr;bilgi@sutpa.com.tr  finans@sutpa.com.tr;https://www.antalyaosb.org.tr/tr/firma/sutpa-gida-turizm-ins-sut-ve-sut-urunleri-hayvancilik-et-ve/239
Swissgrow Tarım Gıda Amb. San. Tic. Ltd. Şti.;http://www.swissgrow.com;info@swissgrow.com - muhasebe@swissgrow.com - merkez@swissgrow.com;https://www.antalyaosb.org.tr/tr/firma/swissgrow-tarim-gida-amb-san-tic-ltd-sti/240
ŞEMS ALÜMİNYUM PROFİL SANAYİ VE TİCARET LTD. ŞTİ.;;antalyaosb@antalyaosb.org.tr;https://www.antalyaosb.org.tr/tr/firma/sems-aluminyum-profil-sanayi-ve-ticaret-ltd-sti/272
ŞOK MARKETLER TİCARET A.Ş.;https://www.sokmarket.com.tr/;kadirgozutok@sokmarket.com.tr;https://www.antalyaosb.org.tr/tr/firma/sok-marketler-ticaret-a-s/359
TALYA ZİRAAT SANAYİ VE TİCARET LTD. ŞTİ.;;antalyaosb@antalyaosb.org.tr;https://www.antalyaosb.org.tr/tr/firma/talya-ziraat-sanayi-ve-ticaret-ltd-sti/384
TAMEL AHŞAP SANAYİ VE TİCARET A.Ş.;;antalyaosb@antalyaosb.org.tr;https://www.antalyaosb.org.tr/tr/firma/tamel-ahsap-sanayi-ve-ticaret-a-s/409
TAN İTRİYAT SANAYİ VE TİCARET LTD.ŞTİ.;;antalyaosb@antalyaosb.org.tr;https://www.antalyaosb.org.tr/tr/firma/tan-itriyat-sanayi-ve-ticaret-ltd-sti/576
TARIM KREDİ İMECE PLASTİK A.Ş.;www.imeceplastik.com.tr;imece@imeceplastik.com.tr;https://www.antalyaosb.org.tr/tr/firma/tarim-kredi-imece-plastik-a-s/363
Tasarım Çelik Proje  Imalat Montaj Inşaat San. Tic. Ltd. Şti.;http://www.tasarimcelik.com;info@tasarimcelik.com;https://www.antalyaosb.org.tr/tr/firma/tasarim-celik-proje-imalat-montaj-insaat-san-tic-ltd-sti/242
TDB GRUP MAKİNE DIŞ TİCARET A.Ş.;;antalyaosb@antalyaosb.org.tr;https://www.antalyaosb.org.tr/tr/firma/tdb-grup-makine-dis-ticaret-a-s/577
TEKKANAT ELEKTRİK TİCARET VE SANAYİ A.Ş.;;antalyaosb@antalyaosb.org.tr;https://www.antalyaosb.org.tr/tr/firma/tekkanat-elektrik-ticaret-ve-sanayi-a-s/578
TEKKARBON KİMYA TEKNOLOJİLERİ MEDİKAL ARAŞTIRMA GELİŞTİRME DANIŞ;;antalyaosb@antalyaosb.org.tr;https://www.antalyaosb.org.tr/tr/firma/tekkarbon-kimya-teknolojileri-medikal-arastirma-gelistirme-danis/579
TEMET TEKSTİL TEMİZLİK ÇAMAŞIRHANE HİZMETLERİ A.Ş.;;antalyaosb@antalyaosb.org.tr;https://www.antalyaosb.org.tr/tr/firma/temet-tekstil-temizlik-camasirhane-hizmetleri-a-s/580
TNT PLASTİK VE SİLİKON SANAYİ VE TİCARET A.Ş;;antalyaosb@antalyaosb.org.tr;https://www.antalyaosb.org.tr/tr/firma/tnt-plastik-ve-silikon-sanayi-ve-ticaret-a-s/273
TOPKAPI AKTİF ALKOLLÜ VE ALKOLSÜZ İÇECEK SAN. VE TİC. A.Ş.;http://houseofmixes.com/;info@aai.com.tr;https://www.antalyaosb.org.tr/tr/firma/topkapi-aktif-alkollu-ve-alkolsuz-icecek-san-ve-tic-a-s/381
TOPKAPI İÇECEK DAĞITIM PAZARLAMA A.Ş.;;antalyaosb@antalyaosb.org.tr;https://www.antalyaosb.org.tr/tr/firma/topkapi-icecek-dagitim-pazarlama-a-s/382
Topuz Iml. San. Ve Tic. Ltd. Şti.;http://www.topuzltd.com;info@topuzltd.com;https://www.antalyaosb.org.tr/tr/firma/topuz-iml-san-ve-tic-ltd-sti/247
TOROS TARIM SANAYİ VE TİCARET A.Ş.;;antalyaosb@antalyaosb.org.tr;https://www.antalyaosb.org.tr/tr/firma/toros-tarim-sanayi-ve-ticaret-a-s/581
TR BIOTECH BİYOLOJİK ÇÖZÜMLER A.Ş;https://www.biotechhealthcare.com.tr/;emiremiroglu@tr-biotech.com;https://www.antalyaosb.org.tr/tr/firma/tr-biotech-biyolojik-cozumler-a-s/385
Tre Tasarım Restorasyon Iç Mimarlık Inşaat Turizm Sanayi Tica;http://www.tretasarim.com.tr;"tre@tre.com.tr; mert@tre.com.tr; info@tre.com.tr";https://www.antalyaosb.org.tr/tr/firma/tre-tasarim-restorasyon-ic-mimarlik-insaat-turizm-sanayi-tica/248
TRUVA SERAMİK KOZMETİK TEMİZLİK PAZ. MÜT. NAKLİYAT  SAN VE TİC.;;antalyaosb@antalyaosb.org.tr;https://www.antalyaosb.org.tr/tr/firma/truva-seramik-kozmetik-temizlik-paz-mut-nakliyat-san-ve-tic/346
TSF ALÜMİNYUM METAL PLASTİK SANAYİ LTD. ŞTİ.;www.tsfplastik.com.tr;"tsfplastik@gmail.com; info@tsfplastik.com.tr; info@trioka.com.tr";https://www.antalyaosb.org.tr/tr/firma/tsf-aluminyum-metal-plastik-sanayi-ltd-sti/249
Tsm Deniz Ürünleri San. Tic. A. Ş.;http://www.sagun.com;marines54@marines.com.tr  antalya@marines.com.tr satıs@sagun.com;https://www.antalyaosb.org.tr/tr/firma/tsm-deniz-urunleri-san-tic-a-s/250
TUGAYHAN MAKİNE METAL SANAYİ TİCARET LTD. ŞTİ.;https://www.tugayhan.com.tr/;info@tugayhan.com.tr;https://www.antalyaosb.org.tr/tr/firma/tugayhan-makine-metal-sanayi-ticaret-ltd-sti/243
TUNA GERİ DÖNÜŞÜM PLASTİK AMBALAJ ATIK NAKLİYE SANAYİ VE TİCARET;;antalyaosb@antalyaosb.org.tr;https://www.antalyaosb.org.tr/tr/firma/tuna-geri-donusum-plastik-ambalaj-atik-nakliye-sanayi-ve-ticaret/582
TURKA KUYUMCULUK SANAYİ VE TİCARET LTD. ŞTİ.;;antalyaosb@antalyaosb.org.tr;https://www.antalyaosb.org.tr/tr/firma/turka-kuyumculuk-sanayi-ve-ticaret-ltd-sti/583
Türk Ytong San A. Ş.;http://www.ytong.com.tr;ytong@ytong.com.tr  auysal@ytong.com.tr;https://www.antalyaosb.org.tr/tr/firma/turk-ytong-san-a-s/252
TYT İZOLASYON AMBALAJ İNŞAAT DEKORASYON SANAYİ VE TİCARET A.Ş.;http://www.tyttasarim.com;info@tyttasarim.com;https://www.antalyaosb.org.tr/tr/firma/tyt-izolasyon-ambalaj-insaat-dekorasyon-sanayi-ve-ticaret-a-s/269
Uluçay Isıtma Soğ. Sis. Inş. Tur. San. Ve Tic. Ltd Şti.;http://www.ulucaymetal.com;muhasebe@ulucaymetal.com ramazanulucay@ulucaymetal.com pazarlama@ulucaymetal.com inan@ulucaymetal.com;https://www.antalyaosb.org.tr/tr/firma/ulucay-isitma-sog-sis-ins-tur-san-ve-tic-ltd-sti/253
ULUÇINAR TARIM İLAÇLARI TOHUM GÜBRE PAZARLAMA TİC. VE SAN. LTD.;;antalyaosb@antalyaosb.org.tr;https://www.antalyaosb.org.tr/tr/firma/ulucinar-tarim-ilaclari-tohum-gubre-pazarlama-tic-ve-san-ltd/587
Uniba Tarım Sanayi Ve Ticaret A. Ş.;http://www.uniba.com.tr;baris@uniba.com.tr info@uniba.com.tr;https://www.antalyaosb.org.tr/tr/firma/uniba-tarim-sanayi-ve-ticaret-a-s/254
UTAŞ SAVUNMA SANAYİ VE TİCARET A.Ş.;www.utasarms.com;skoysuren@utasarms.com;https://www.antalyaosb.org.tr/tr/firma/utas-savunma-sanayi-ve-ticaret-a-s/271
UZUN DOKUMA ve TEKSTİL SANAYİ TİCARET AŞ.;;antalyaosb@antalyaosb.org.tr;https://www.antalyaosb.org.tr/tr/firma/uzun-dokuma-ve-tekstil-sanayi-ticaret-as/588
Varnet Cam Sera Sistemleri Inşaat Ihracat Ithalat San. Ve Tic;http://www.varnetglasshousesystems.com;muhasebe@varnetgroup.com;https://www.antalyaosb.org.tr/tr/firma/varnet-cam-sera-sistemleri-insaat-ihracat-ithalat-san-ve-tic/256
VERA HOTEL HİZMETLERİ A.Ş.;;antalyaosb@antalyaosb.org.tr;https://www.antalyaosb.org.tr/tr/firma/vera-hotel-hizmetleri-a-s/589
VESTEL TİCARET A.Ş. ANTALYA DÖŞEMEALTI ŞUBESİ;https://www.vestel.com.tr/;LojistikGrubu@vestel.com.tr;https://www.antalyaosb.org.tr/tr/firma/vestel-ticaret-a-s-antalya-dosemealti-subesi/372
WAGNER KABLO SANAYİ VE TİCARET A.Ş.;;antalyaosb@antalyaosb.org.tr;https://www.antalyaosb.org.tr/tr/firma/wagner-kablo-sanayi-ve-ticaret-a-s/591
WAGNER TEKNOLOJİ SANAYİ VE TİCARET A.Ş.;https://www.wagner.com.tr/;hilmi.unsal@wagner.com.tr;https://www.antalyaosb.org.tr/tr/firma/wagner-teknoloji-sanayi-ve-ticaret-a-s/367
Wbt Tarım Ürünleri San. Ve Tic. A. Ş.;http://www.wbttarim.com;atilla@wbttarim.com,  fatma@wbttarim.com;https://www.antalyaosb.org.tr/tr/firma/wbt-tarim-urunleri-san-ve-tic-a-s/257
WİNPERAX CAM BALKON TENTE SİSTEMLERİ ALÜMİNYUM PVC DOĞRAMA İNŞ.;https://www.winperax.com/index.html;info@winperax.com.tr;https://www.antalyaosb.org.tr/tr/firma/winperax-cam-balkon-tente-sistemleri-aluminyum-pvc-dograma-ins/347
XANTAFE CHEMICAL TARIM SANAYİ TİCARET LTD. ŞTİ.;http://xantafe.com/;erol@xantafe.com;https://www.antalyaosb.org.tr/tr/firma/xantafe-chemical-tarim-sanayi-ticaret-ltd-sti/348
XIAMEN TOPUSING CHEMICAL CO TARIM LTD. ŞTİ.;www.eastwaychem.com;"info@eastwaychem.com;  ufuk@eastwaychem.com";https://www.antalyaosb.org.tr/tr/firma/xiamen-topusing-chemical-co-tarim-ltd-sti/423
XPACKPRİNTİNG OFSET OLUKLU MUKAVVA KAĞIT SANAYİ VE TİCARET A.Ş.;;antalyaosb@antalyaosb.org.tr;https://www.antalyaosb.org.tr/tr/firma/xpackprinting-ofset-oluklu-mukavva-kagit-sanayi-ve-ticaret-a-s/592
YAMAN CAM SANAYİ TARIM ÜRÜNLERİ VE ÖZEL EĞİTİM KURUMLARI TİC. LT;;antalyaosb@antalyaosb.org.tr;https://www.antalyaosb.org.tr/tr/firma/yaman-cam-sanayi-tarim-urunleri-ve-ozel-egitim-kurumlari-tic-lt/197
YAPSAY İNŞAAT MERMER MADENCİLİK TÜTÜN VE MAMÜLLERİ SANAYİ;;antalyaosb@antalyaosb.org.tr;https://www.antalyaosb.org.tr/tr/firma/yapsay-insaat-mermer-madencilik-tutun-ve-mamulleri-sanayi/594
YAŞATAN MATBAACILIK İÇ KUTU VE KOLİ ÜRETİM İTHALAT İHRACAT SANAY;https://www.yasatan.com.tr;info@yasatan.com.tr;https://www.antalyaosb.org.tr/tr/firma/yasatan-matbaacilik-ic-kutu-ve-koli-uretim-ithalat-ihracat-sanay/410
YEKTAŞ TEKSTİL İNAŞAAT TURİZM TARIM HAYVANLICLIK  SANAYİ VE TİC.;;antalyaosb@antalyaosb.org.tr;https://www.antalyaosb.org.tr/tr/firma/yektas-tekstil-inasaat-turizm-tarim-hayvanliclik-sanayi-ve-tic/595
Yeni Mağazacılık A. Ş.;http://www.a101.com.tr/iletisim;"semra.metin@a101.com.tr; 9936snt@a101.com";https://www.antalyaosb.org.tr/tr/firma/yeni-magazacilik-a-s/261
Yg Proje Uygulama Mimarlık Mühendislik Tasarım Inşaat Turizm;http://www.ygmimarlikmobilya.com;"ygprojemimarlik@hotmail.com;  muhasebe@ateppano.com";https://www.antalyaosb.org.tr/tr/firma/yg-proje-uygulama-mimarlik-muhendislik-tasarim-insaat-turizm/262
YHM Tasarım Tekstil Turizm Hizmet Ve Pazarlama A.Ş;http://www.beyazzlaundry.com;info@beyazzlaundry.com, muhasebe@beyazzlaundr;https://www.antalyaosb.org.tr/tr/firma/yhm-tasarim-tekstil-turizm-hizmet-ve-pazarlama-a-s/255
YILDIRIM MOBİLYA MALZEMELERİ VE ELEKTRİKLİ EV ALETLERİ HIRDAVAT;www.myorder.com.tr;info@myo.com.tr;https://www.antalyaosb.org.tr/tr/firma/yildirim-mobilya-malzemeleri-ve-elektrikli-ev-aletleri-hirdavat/349
Yıldırım Tel San. Tic. Ltd. Şti.;http://www.temizkan.com;mustafa@temizkan.com-info@yildirimtel.com.tr;https://www.antalyaosb.org.tr/tr/firma/yildirim-tel-san-tic-ltd-sti/263
Yol Makina Ve Yapı Sanayi Mümessillik Iç Ve Dış Ticaret Ve Ta;http://www.yolmakina.com;info@yolmakina.com  engin.ozyolcu@yolmakina.com erdal.ozyolcu@yolmakina.com;https://www.antalyaosb.org.tr/tr/firma/yol-makina-ve-yapi-sanayi-mumessillik-ic-ve-dis-ticaret-ve-ta/264
Yörükoğlu Süt Ve Ürünleri  San. Tic. A. Ş;http://www.yorukoglusut.com.tr;info@yorukoglusut.com.tr myorukoglu@yorukoglu.com.tr ihracatofis@yorukoglusut.com.tr e.yorukoglu@yorukoglusut.com.tr mehmet.ozen@yorukoglusut.com.tr b.aksoy@yorukoglusut.com.tr;https://www.antalyaosb.org.tr/tr/firma/yorukoglu-sut-ve-urunleri-san-tic-a-s/265
Yürüyen Konfeksiyon Ltd. Şti.;http://www.yuruyen.com.tr;kaan@yuruyen.com.tr info@gencmen.com.tr muhasebe@gencmen.com.tr;https://www.antalyaosb.org.tr/tr/firma/yuruyen-konfeksiyon-ltd-sti/266