"Kaynak";"FirmaAdi";"WebSitesi";"Domain"
"Faprika";"market sleepy";"https://market.sleepy.com.tr";"market.sleepy.com.tr"
"Faprika";"hayatshop";"https://www.hayatshop.com.tr";"hayatshop.com.tr"
"Faprika";"glintonline";"https://www.glintonline.com.tr";"glintonline.com.tr"
"Faprika";"market babyturco";"https://market.babyturco.com.tr";"market.babyturco.com.tr"
"Faprika";"babypure";"https://www.babypure.com.tr";"babypure.com.tr"
"Faprika";"bofigo";"https://www.bofigo.com";"bofigo.com"
"Faprika";"hausekids";"https://www.hausekids.com";"hausekids.com"
"Faprika";"bahcesehir okuldolabim";"https://bahcesehir.okuldolabim.com";"bahcesehir.okuldolabim.com"
"Faprika";"dogakoleji okuldolabim";"https://dogakoleji.okuldolabim.com";"dogakoleji.okuldolabim.com"
"Faprika";"store gokkusagi k12 tr";"https://store.gokkusagi.k12.tr";"store.gokkusagi.k12.tr"
"Faprika";"yonder okuldolabim";"https://yonder.okuldolabim.com";"yonder.okuldolabim.com"
"Faprika";"19on4";"https://19on4.com.tr";"19on4.com.tr"
"Faprika";"kredilikargo";"https://kredilikargo.com";"kredilikargo.com"
"Faprika";"sedaaltin";"https://www.sedaaltin.com";"sedaaltin.com"
"Faprika";"smartberry";"https://smartberry.com.tr";"smartberry.com.tr"
"Faprika";"helinavsar";"https://www.helinavsar.com.tr";"helinavsar.com.tr"
"Faprika";"dienni";"https://www.dienni.com";"dienni.com"
"Faprika";"mirobi";"https://www.mirobi.com.tr";"mirobi.com.tr"
"Faprika";"tinomobilya";"https://www.tinomobilya.com";"tinomobilya.com"
"Faprika";"minigimincicileri";"https://www.minigimincicileri.com";"minigimincicileri.com"
"Faprika";"bebekodam";"https://www.bebekodam.com";"bebekodam.com"
"Faprika";"carenkids";"https://www.carenkids.com.tr";"carenkids.com.tr"
"Faprika";"playoff";"https://playoff.com.tr";"playoff.com.tr"
"Faprika";"luxxahome";"https://www.luxxahome.com";"luxxahome.com"
"Faprika";"selcuklusanat";"https://www.selcuklusanat.com";"selcuklusanat.com"
"Faprika";"kevline";"https://kevline.com.tr";"kevline.com.tr"
"Faprika";"viniwo";"https://www.viniwo.com";"viniwo.com"
"Faprika";"egoldia";"https://www.egoldia.com";"egoldia.com"
"Faprika";"kaptankuyumcu";"https://www.kaptankuyumcu.com.tr";"kaptankuyumcu.com.tr"
"Faprika";"batuhankuyumculuk";"https://www.batuhankuyumculuk.com";"batuhankuyumculuk.com"
"Faprika";"aktipjewellery";"https://www.aktipjewellery.com";"aktipjewellery.com"
"Faprika";"altinasya";"https://www.altinasya.com.tr";"altinasya.com.tr"
"Faprika";"kartepekuyumculuk";"https://www.kartepekuyumculuk.com";"kartepekuyumculuk.com"
"Faprika";"ozboyaci";"https://www.ozboyaci.com";"ozboyaci.com"
"Faprika";"ilkaykuyumculuk";"https://www.ilkaykuyumculuk.com";"ilkaykuyumculuk.com"
"Faprika";"ilhankuyumculuk";"https://www.ilhankuyumculuk.com";"ilhankuyumculuk.com"
"Faprika";"celebikuyumculuk";"https://www.celebikuyumculuk.com";"celebikuyumculuk.com"
"Faprika";"innuendo";"http://www.innuendo.com.tr";"innuendo.com.tr"
"Faprika";"louvrekuyumculuk";"https://www.louvrekuyumculuk.com";"louvrekuyumculuk.com"
"Faprika";"firatkuyumculuk";"https://www.firatkuyumculuk.com.tr";"firatkuyumculuk.com.tr"
"Faprika";"istinyekuyumculuk";"https://istinyekuyumculuk.com";"istinyekuyumculuk.com"
"Faprika";"tiftikcioglu";"https://www.tiftikcioglu.com";"tiftikcioglu.com"
"Faprika";"altinzel";"https://www.altinzel.com";"altinzel.com"
"Faprika";"burakjewellery";"https://www.burakjewellery.com";"burakjewellery.com"
"Faprika";"carsiatolye";"https://www.carsiatolye.com";"carsiatolye.com"
"Faprika";"hilalgold";"https://www.hilalgold.com";"hilalgold.com"
"Faprika";"balciselahattin";"https://www.balciselahattin.com";"balciselahattin.com"
"Faprika";"kaktusmoda";"https://kaktusmoda.com";"kaktusmoda.com"
"Faprika";"maymoda";"https://maymoda.com";"maymoda.com"
"Faprika";"envooy";"https://www.envooy.com";"envooy.com"
"Faprika";"forbest";"https://www.forbest.com.tr";"forbest.com.tr"
"Faprika";"ifondi";"https://www.ifondi.com";"ifondi.com"
"Faprika";"lejardin";"https://www.lejardin.com.tr";"lejardin.com.tr"
"Faprika";"sistinaicgiyim";"https://www.sistinaicgiyim.com";"sistinaicgiyim.com"
"Faprika";"olsmoda";"https://www.olsmoda.com";"olsmoda.com"
"Faprika";"nigdecanta";"https://www.nigdecanta.com";"nigdecanta.com"
"Faprika";"ebruulusoy";"https://www.ebruulusoy.com.tr";"ebruulusoy.com.tr"
"Faprika";"suledenal";"https://www.suledenal.com";"suledenal.com"
"Faprika";"thermatlon";"https://www.thermatlon.com";"thermatlon.com"
"Faprika";"modameslina";"https://www.modameslina.com";"modameslina.com"
"Faprika";"modaadam";"https://www.modaadam.com";"modaadam.com"
"Faprika";"zafoni";"https://www.zafoni.com";"zafoni.com"
"Faprika";"seninfarkin";"http://www.seninfarkin.com";"seninfarkin.com"
"Faprika";"ltcjeans";"https://www.ltcjeans.com";"ltcjeans.com"
"Faprika";"bazaareon";"https://www.bazaareon.com";"bazaareon.com"
"Faprika";"serenze";"https://www.serenze.com";"serenze.com"
"Faprika";"markasende";"https://www.markasende.com";"markasende.com"
"Faprika";"eslinamoda";"https://www.eslinamoda.com";"eslinamoda.com"
"Faprika";"onurforma";"https://onurforma.com.tr";"onurforma.com.tr"
"Faprika";"modakids";"https://www.modakids.com";"modakids.com"
"Faprika";"tarhanaci";"https://www.tarhanaci.com.tr";"tarhanaci.com.tr"
"Faprika";"modayiz";"https://www.modayiz.com";"modayiz.com"
"Faprika";"tarztopuklar";"https://tarztopuklar.com";"tarztopuklar.com"
"Faprika";"ellacikolata";"https://ellacikolata.com.tr";"ellacikolata.com.tr"
"Faprika";"buy4barber";"https://buy4barber.com";"buy4barber.com"
"Faprika";"anilkids";"https://www.anilkids.com/TR";"anilkids.com"
"Faprika";"qenz";"https://qenz.com.tr";"qenz.com.tr"
"Faprika";"gunerofis";"https://www.gunerofis.com";"gunerofis.com"
"Faprika";"tugracenter";"https://www.tugracenter.com";"tugracenter.com"
"Faprika";"gimeravm";"https://gimeravm.com";"gimeravm.com"
"Faprika";"wagoonayakkabi";"https://wagoonayakkabi.com";"wagoonayakkabi.com"
"Faprika";"trendella";"https://www.trendella.com";"trendella.com"
"Faprika";"kilimce";"https://www.kilimce.com.tr";"kilimce.com.tr"
"Faprika";"byasafkids";"https://www.byasafkids.com";"byasafkids.com"
"Faprika";"saracshoes";"https://saracshoes.com";"saracshoes.com"
"Faprika";"mangalmarketi";"https://mangalmarketi.com";"mangalmarketi.com"
"Faprika";"dodobutik";"https://www.dodobutik.com";"dodobutik.com"
"Faprika";"warcareshoes";"https://warcareshoes.com";"warcareshoes.com"
