"Kaynak";"Kategori";"FirmaAdi";"WebSitesi";"Domain"
"IdeaSoft";"av kamp malzemeleri";"ersinoutdoor";"http://www.ersinoutdoor.com/";"ersinoutdoor.com"
"IdeaSoft";"av kamp malzemeleri";"pasifikcamp";"http://www.pasifikcamp.com/";"pasifikcamp.com"
"IdeaSoft";"av kamp malzemeleri";"noradrenalin";"http://www.noradrenalin.net/";"noradrenalin.net"
"IdeaSoft";"av kamp malzemeleri";"dogabisiklet";"http://www.dogabisiklet.com/";"dogabisiklet.com"
"IdeaSoft";"av kamp malzemeleri";"denizci";"http://www.denizci.com.tr/";"denizci.com.tr"
"IdeaSoft";"av kamp malzemeleri";"yildizbalik";"http://www.yildizbalik.com/";"yildizbalik.com"
"IdeaSoft";"av kamp malzemeleri";"askeriavurunleri";"http://www.askeriavurunleri.com/";"askeriavurunleri.com"
"IdeaSoft";"av kamp malzemeleri";"bisiklets";"http://www.bisiklets.com/";"bisiklets.com"
"IdeaSoft";"av kamp malzemeleri";"totemavmarket";"http://www.totemavmarket.com/";"totemavmarket.com"
"IdeaSoft";"av kamp malzemeleri";"effebalik";"http://www.effebalik.com/";"effebalik.com"
"IdeaSoft";"av kamp malzemeleri";"bayi ideasoft";"http://bayi.ideasoft.com.tr/";"bayi.ideasoft.com.tr"
"IdeaSoft";"av kamp malzemeleri";"eticaret";"http://www.eticaret.com/e-ticaret-paketleri/";"eticaret.com"
"IdeaSoft";"av kamp malzemeleri";"shopio";"http://www.shopio.com.tr/e-ihracat-paketleri/";"shopio.com.tr"
"IdeaSoft";"av kamp malzemeleri";"plus google";"https://plus.google.com/+Eticaret-ideasoft/posts";"plus.google.com"
"IdeaSoft";"ayakkabi canta sektoru";"bat bing";"https://bat.bing.com/";"bat.bing.com"
"IdeaSoft";"ayakkabi canta sektoru";"shoebutik";"http://www.shoebutik.com/";"shoebutik.com"
"IdeaSoft";"ayakkabi canta sektoru";"hbbagstore";"https://www.hbbagstore.com/";"hbbagstore.com"
"IdeaSoft";"ayakkabi canta sektoru";"derideposu";"https://www.derideposu.com/";"derideposu.com"
"IdeaSoft";"ayakkabi canta sektoru";"baykarancanta";"https://www.baykarancanta.com/";"baykarancanta.com"
"IdeaSoft";"ayakkabi canta sektoru";"slipstop";"https://www.slipstop.com.tr/";"slipstop.com.tr"
"IdeaSoft";"ayakkabi canta sektoru";"ayakkabingo";"https://www.ayakkabingo.com/";"ayakkabingo.com"
"IdeaSoft";"ayakkabi canta sektoru";"askmoda";"https://www.askmoda.com/";"askmoda.com"
"IdeaSoft";"ayakkabi canta sektoru";"deriboyalari";"https://www.deriboyalari.com/";"deriboyalari.com"
"IdeaSoft";"ayakkabi canta sektoru";"maera design";"https://www.maera-design.com/";"maera-design.com"
"IdeaSoft";"ayakkabi canta sektoru";"oksfootwear";"https://www.oksfootwear.com/";"oksfootwear.com"
"IdeaSoft";"ayakkabi canta sektoru";"jacbag";"https://www.jacbag.com.tr/";"jacbag.com.tr"
"IdeaSoft";"ayakkabi canta sektoru";"solmazlarayakkabi";"https://www.solmazlarayakkabi.com/";"solmazlarayakkabi.com"
"IdeaSoft";"ayakkabi canta sektoru";"aryako";"https://www.aryako.com/";"aryako.com"
"IdeaSoft";"ayakkabi canta sektoru";"alkimkonfor";"https://www.alkimkonfor.com/";"alkimkonfor.com"
"IdeaSoft";"ayakkabi canta sektoru";"metropolitancanta";"https://www.metropolitancanta.com/";"metropolitancanta.com"
"IdeaSoft";"ayakkabi canta sektoru";"danaci";"https://www.danaci.com.tr/";"danaci.com.tr"
"IdeaSoft";"ayakkabi canta sektoru";"tajnamoda";"https://www.tajnamoda.com/";"tajnamoda.com"
"IdeaSoft";"ayakkabi canta sektoru";"eticaretgunleri";"https://www.eticaretgunleri.com/";"eticaretgunleri.com"
"IdeaSoft";"ayakkabi sektoru";"pumabayi";"http://www.pumabayi.com/";"pumabayi.com"
"IdeaSoft";"ayakkabi sektoru";"sporfashion";"http://www.sporfashion.com/";"sporfashion.com"
"IdeaSoft";"ayakkabi sektoru";"deristudio";"http://www.deristudio.com/";"deristudio.com"
"IdeaSoft";"ayakkabi sektoru";"derici";"http://www.derici.com/";"derici.com"
"IdeaSoft";"ayakkabi sektoru";"sabolifeterlik";"http://www.sabolifeterlik.com/";"sabolifeterlik.com"
"IdeaSoft";"ayakkabi sektoru";"platinayakkabi";"http://www.platinayakkabi.com/";"platinayakkabi.com"
"IdeaSoft";"ayakkabi sektoru";"topukludunyasi";"http://www.topukludunyasi.com/";"topukludunyasi.com"
"IdeaSoft";"ayakkabi sektoru";"ninaperla";"http://www.ninaperla.com/";"ninaperla.com"
"IdeaSoft";"bebek cocuk urunleri";"cslkids";"http://www.cslkids.com/";"cslkids.com"
"IdeaSoft";"bebek cocuk urunleri";"organickid";"http://www.organickid.com.tr/";"organickid.com.tr"
"IdeaSoft";"bebek cocuk urunleri";"kocabebe";"http://www.kocabebe.com/";"kocabebe.com"
"IdeaSoft";"bebek cocuk urunleri";"bebekish";"http://www.bebekish.com/";"bebekish.com"
"IdeaSoft";"bebek cocuk urunleri";"royalbebe";"http://www.royalbebe.com/";"royalbebe.com"
"IdeaSoft";"bebek cocuk urunleri";"annecocuksepeti";"http://www.annecocuksepeti.com/";"annecocuksepeti.com"
"IdeaSoft";"bebek cocuk urunleri";"narkutu";"http://www.narkutu.com/";"narkutu.com"
"IdeaSoft";"bebek cocuk urunleri";"ekohane";"http://www.ekohane.com/";"ekohane.com"
"IdeaSoft";"bebek cocuk urunleri";"bobicraft";"http://www.bobicraft.com.tr/";"bobicraft.com.tr"
"IdeaSoft";"bebek cocuk urunleri";"ayben";"http://www.ayben.com.tr/";"ayben.com.tr"
"IdeaSoft";"beyaz esya ev aletleri";"avrupatr";"http://www.avrupatr.com/";"avrupatr.com"
"IdeaSoft";"beyaz esya ev aletleri";"small";"http://www.small.com.tr/";"small.com.tr"
"IdeaSoft";"beyaz esya ev aletleri";"siemensmarketi";"http://www.siemensmarketi.com/";"siemensmarketi.com"
"IdeaSoft";"beyaz esya ev aletleri";"hepsinialalim";"http://www.hepsinialalim.com/";"hepsinialalim.com"
"IdeaSoft";"beyaz esya ev aletleri";"e vestelbayi";"http://www.e-vestelbayi.com/";"e-vestelbayi.com"
"IdeaSoft";"beyaz esya ev aletleri";"asillerarcelik";"http://www.asillerarcelik.com/";"asillerarcelik.com"
"IdeaSoft";"beyaz esya ev aletleri";"arcesdtm";"http://www.arcesdtm.com/";"arcesdtm.com"
"IdeaSoft";"beyaz esya ev aletleri";"ankastrecity";"http://www.ankastrecity.com/";"ankastrecity.com"
"IdeaSoft";"beyaz esya ev aletleri";"zumrutcarsi";"http://www.zumrutcarsi.com/";"zumrutcarsi.com"
"IdeaSoft";"beyaz esya ev aletleri";"turuncuelma";"http://www.turuncuelma.com/";"turuncuelma.com"
"IdeaSoft";"bilgisayar bilisim";"toshibashop";"http://www.toshibashop.com.tr/";"toshibashop.com.tr"
"IdeaSoft";"bilgisayar bilisim";"canbilteknoloji";"http://www.canbilteknoloji.com/";"canbilteknoloji.com"
"IdeaSoft";"bilgisayar bilisim";"tvt";"http://www.tvt.com.tr/";"tvt.com.tr"
"IdeaSoft";"bilgisayar bilisim";"hpsunucu";"http://www.hpsunucu.com/";"hpsunucu.com"
"IdeaSoft";"bilgisayar bilisim";"hepsilenovo";"http://www.hepsilenovo.com/";"hepsilenovo.com"
"IdeaSoft";"bilgisayar bilisim";"syd";"http://www.syd.com.tr/";"syd.com.tr"
"IdeaSoft";"bilgisayar bilisim";"toptanbilgisayar";"http://www.toptanbilgisayar.net/";"toptanbilgisayar.net"
"IdeaSoft";"bilgisayar bilisim";"bilisimgurusu";"http://www.bilisimgurusu.com/";"bilisimgurusu.com"
"IdeaSoft";"canta";"centrumbags";"http://www.centrumbags.com/";"centrumbags.com"
"IdeaSoft";"canta";"bernaboutique";"http://www.bernaboutique.com/";"bernaboutique.com"
"IdeaSoft";"canta";"markaburadagidiyor";"https://www.markaburadagidiyor.com/";"markaburadagidiyor.com"
"IdeaSoft";"canta";"deri724";"http://www.deri724.com/";"deri724.com"
"IdeaSoft";"canta";"cantasevgisi";"http://www.cantasevgisi.com/";"cantasevgisi.com"
"IdeaSoft";"cep telefonu aksesuarlari";"ttec";"http://www.ttec.com.tr/";"ttec.com.tr"
"IdeaSoft";"cep telefonu aksesuarlari";"hopiyodi";"http://www.hopiyodi.net/";"hopiyodi.net"
"IdeaSoft";"cep telefonu aksesuarlari";"ekorium";"http://www.ekorium.com/";"ekorium.com"
"IdeaSoft";"cep telefonu aksesuarlari";"cesitcok";"http://www.cesitcok.com/";"cesitcok.com"
"IdeaSoft";"cep telefonu aksesuarlari";"cebimegir";"http://www.cebimegir.com/";"cebimegir.com"
"IdeaSoft";"cep telefonu aksesuarlari";"tele tur";"http://www.tele-tur.com.tr/";"tele-tur.com.tr"
"IdeaSoft";"cep telefonu aksesuarlari";"more tr";"http://www.more-tr.com/";"more-tr.com"
"IdeaSoft";"cep telefonu aksesuarlari";"ligovi";"http://www.ligovi.com/";"ligovi.com"
"IdeaSoft";"cep telefonu aksesuarlari";"ceppark";"http://www.ceppark.com/";"ceppark.com"
"IdeaSoft";"cep telefonu aksesuarlari";"microzen";"http://www.microzen.com.tr/";"microzen.com.tr"
"IdeaSoft";"ceyiz zuccaciye";"essenso";"http://www.essenso.com.tr/";"essenso.com.tr"
"IdeaSoft";"ceyiz zuccaciye";"evomarka";"http://www.evomarka.com/";"evomarka.com"
"IdeaSoft";"ceyiz zuccaciye";"ceyyiz";"http://www.ceyyiz.com/";"ceyyiz.com"
"IdeaSoft";"ceyiz zuccaciye";"binbirceyiz";"http://www.binbirceyiz.com/";"binbirceyiz.com"
"IdeaSoft";"ceyiz zuccaciye";"bambumstore";"http://www.bambumstore.com/";"bambumstore.com"
"IdeaSoft";"ceyiz zuccaciye";"saruhanstore";"http://saruhanstore.com/";"saruhanstore.com"
"IdeaSoft";"ceyiz zuccaciye";"mutfaginiz";"http://www.mutfaginiz.com/";"mutfaginiz.com"
"IdeaSoft";"ceyiz zuccaciye";"dinnerdesign";"http://www.dinnerdesign.com.tr/";"dinnerdesign.com.tr"
"IdeaSoft";"ceyiz zuccaciye";"happymadame";"http://www.happymadame.com/";"happymadame.com"
"IdeaSoft";"ceyiz zuccaciye";"aryildizcourt";"http://www.aryildizcourt.com/";"aryildizcourt.com"
"IdeaSoft";"cok cesitli urunler";"tamsaatinde";"http://www.tamsaatinde.com/";"tamsaatinde.com"
"IdeaSoft";"cok cesitli urunler";"genisreyon";"http://www.genisreyon.com/";"genisreyon.com"
"IdeaSoft";"cok cesitli urunler";"ucuzkasa";"http://www.ucuzkasa.com/";"ucuzkasa.com"
"IdeaSoft";"cok cesitli urunler";"sanalreyonum";"http://www.sanalreyonum.com/";"sanalreyonum.com"
"IdeaSoft";"cok cesitli urunler";"cagpromotion";"http://www.cagpromotion.com/";"cagpromotion.com"
"IdeaSoft";"cok cesitli urunler";"promosyoncum";"http://www.promosyoncum.com.tr/";"promosyoncum.com.tr"
"IdeaSoft";"cok cesitli urunler";"partiuzmani";"http://www.partiuzmani.com/";"partiuzmani.com"
"IdeaSoft";"cok cesitli urunler";"modulerdekor";"http://www.modulerdekor.com/";"modulerdekor.com"
"IdeaSoft";"cok cesitli urunler";"mixsepet";"http://www.mixsepet.com/";"mixsepet.com"
"IdeaSoft";"dernek vakif kurum";"kizilaymagaza";"http://www.kizilaymagaza.org.tr/";"kizilaymagaza.org.tr"
"IdeaSoft";"dernek vakif kurum";"tusasshop";"https://www.tusasshop.com.tr/";"tusasshop.com.tr"
"IdeaSoft";"dernek vakif kurum";"ststore";"https://www.ststore.com.tr/";"ststore.com.tr"
"IdeaSoft";"dernek vakif kurum";"kacuvumutdukkani";"https://www.kacuvumutdukkani.org/";"kacuvumutdukkani.org"
"IdeaSoft";"dernek vakif kurum";"e38";"https://www.e38.com.tr/";"e38.com.tr"
"IdeaSoft";"dernek vakif kurum";"tymarket";"https://www.tymarket.com.tr/";"tymarket.com.tr"
"IdeaSoft";"dernek vakif kurum";"canakkalestore";"https://www.canakkalestore.com/";"canakkalestore.com"
"IdeaSoft";"dernek vakif kurum";"lsvdukkan";"https://www.lsvdukkan.com/";"lsvdukkan.com"
"IdeaSoft";"dernek vakif kurum";"burbelzeytin";"https://www.burbelzeytin.com/";"burbelzeytin.com"
"IdeaSoft";"dernek vakif kurum";"mucizemol";"https://www.mucizemol.com/";"mucizemol.com"
"IdeaSoft";"dernek vakif kurum";"iktisadiisletme";"https://iktisadiisletme.com/";"iktisadiisletme.com"
"IdeaSoft";"dernek vakif kurum";"duslerindeozgurdunya";"https://www.duslerindeozgurdunya.com/";"duslerindeozgurdunya.com"
"IdeaSoft";"dernek vakif kurum";"aavdukkan";"https://www.aavdukkan.com/";"aavdukkan.com"
"IdeaSoft";"elektrik malzemeleri";"robocombo";"http://www.robocombo.com/";"robocombo.com"
"IdeaSoft";"elektrik malzemeleri";"empodepo";"http://www.empodepo.com/";"empodepo.com"
"IdeaSoft";"elektrik malzemeleri";"elektrodepo";"http://www.elektrodepo.com/";"elektrodepo.com"
"IdeaSoft";"elektrik malzemeleri";"elektrikciburda";"http://www.elektrikciburda.com/";"elektrikciburda.com"
"IdeaSoft";"elektrik malzemeleri";"ledstore";"http://www.ledstore.com/";"ledstore.com"
"IdeaSoft";"elektrik malzemeleri";"e elektrik";"http://www.e-elektrik.com/";"e-elektrik.com"
"IdeaSoft";"elektrik malzemeleri";"elektrikmarket";"http://www.elektrikmarket.com.tr/";"elektrikmarket.com.tr"
"IdeaSoft";"elektrik malzemeleri";"freeled";"http://www.freeled.net/";"freeled.net"
"IdeaSoft";"elektrik malzemeleri";"merterelektronik";"http://www.merterelektronik.com/";"merterelektronik.com"
"IdeaSoft";"elektrik malzemeleri";"aydinlatmaci";"http://www.aydinlatmaci.com.tr/";"aydinlatmaci.com.tr"
"IdeaSoft";"elektronik urunler";"siemenspartner";"http://www.siemenspartner.com/";"siemenspartner.com"
"IdeaSoft";"elektronik urunler";"phaksesuar";"http://www.phaksesuar.com/";"phaksesuar.com"
"IdeaSoft";"elektronik urunler";"selamelektronik";"http://www.selamelektronik.com/";"selamelektronik.com"
"IdeaSoft";"elektronik urunler";"e vizyon";"http://www.e-vizyon.net/";"e-vizyon.net"
"IdeaSoft";"elektronik urunler";"basarirstore";"http://www.basarirstore.com/";"basarirstore.com"
"IdeaSoft";"elektronik urunler";"akratek";"http://www.akratek.com/";"akratek.com"
"IdeaSoft";"elektronik urunler";"uydumarket";"http://www.uydumarket.net/";"uydumarket.net"
"IdeaSoft";"elektronik urunler";"extrateknoloji";"http://www.extrateknoloji.com/";"extrateknoloji.com"
"IdeaSoft";"ev dekorasyon siteleri";"zmdecor";"http://zmdecor.com/";"zmdecor.com"
"IdeaSoft";"ev dekorasyon siteleri";"tablo360";"http://www.tablo360.com/";"tablo360.com"
"IdeaSoft";"ev dekorasyon siteleri";"evka";"http://www.evka.com/";"evka.com"
"IdeaSoft";"ev dekorasyon siteleri";"evbenimev";"http://www.evbenimev.com/";"evbenimev.com"
"IdeaSoft";"ev dekorasyon siteleri";"platil";"http://www.platil.com.tr/";"platil.com.tr"
"IdeaSoft";"ev dekorasyon siteleri";"ibeking";"http://www.ibeking.com/";"ibeking.com"
"IdeaSoft";"ev dekorasyon siteleri";"dekorister";"http://www.dekorister.com.tr/";"dekorister.com.tr"
"IdeaSoft";"ev dekorasyon siteleri";"misyahome";"http://www.misyahome.com/";"misyahome.com"
"IdeaSoft";"ev dekorasyon siteleri";"avsarsanat";"http://www.avsarsanat.com/";"avsarsanat.com"
"IdeaSoft";"ev tekstili urunleri";"soley";"http://www.soley.com.tr/";"soley.com.tr"
"IdeaSoft";"ev tekstili urunleri";"tekstilev";"http://www.tekstilev.com/";"tekstilev.com"
"IdeaSoft";"ev tekstili urunleri";"nevresimev";"https://www.nevresimev.com/";"nevresimev.com"
"IdeaSoft";"ev tekstili urunleri";"magaza arzumdekor";"http://magaza.arzumdekor.com.tr/";"magaza.arzumdekor.com.tr"
"IdeaSoft";"ev tekstili urunleri";"kristaltasarim";"http://www.kristaltasarim.net/";"kristaltasarim.net"
"IdeaSoft";"ev tekstili urunleri";"rashahomestyle";"http://www.rashahomestyle.com/";"rashahomestyle.com"
"IdeaSoft";"ev tekstili urunleri";"fantazihali";"http://www.fantazihali.com/";"fantazihali.com"
"IdeaSoft";"ev tekstili urunleri";"evdelux";"http://www.evdelux.com/";"evdelux.com"
"IdeaSoft";"gida sektoru";"satis colyaklayasamak";"http://satis.colyaklayasamak.com/";"satis.colyaklayasamak.com"
"IdeaSoft";"gida sektoru";"ramizden";"http://www.ramizden.com/";"ramizden.com"
"IdeaSoft";"gida sektoru";"betateashop";"http://www.betateashop.com/";"betateashop.com"
"IdeaSoft";"gida sektoru";"egea";"http://www.egea.com.tr/";"egea.com.tr"
"IdeaSoft";"gida sektoru";"misafirliq";"http://www.misafirliq.com/";"misafirliq.com"
"IdeaSoft";"gida sektoru";"alibeysut";"http://www.alibeysut.com/";"alibeysut.com"
"IdeaSoft";"gida sektoru";"adresecigkofte";"http://www.adresecigkofte.com/";"adresecigkofte.com"
"IdeaSoft";"gida sektoru";"farksepeti";"http://www.farksepeti.com/";"farksepeti.com"
"IdeaSoft";"gida sektoru";"cikolatasehri";"http://www.cikolatasehri.com/";"cikolatasehri.com"
"IdeaSoft";"gida sektoru";"aradolu";"http://www.aradolu.com/";"aradolu.com"
"IdeaSoft";"guvenlik urunleri";"bebekizle";"http://www.bebekizle.com/";"bebekizle.com"
"IdeaSoft";"guvenlik urunleri";"globalguvenlik";"http://www.globalguvenlik.com.tr/";"globalguvenlik.com.tr"
"IdeaSoft";"guvenlik urunleri";"isvitrin";"http://www.isvitrin.com/";"isvitrin.com"
"IdeaSoft";"guvenlik urunleri";"ilkisguvenligi";"http://www.ilkisguvenligi.com/";"ilkisguvenligi.com"
"IdeaSoft";"guvenlik urunleri";"videofonelektronik";"http://www.videofonelektronik.com.tr/";"videofonelektronik.com.tr"
"IdeaSoft";"guvenlik urunleri";"dess";"http://www.dess.com.tr/";"dess.com.tr"
"IdeaSoft";"guvenlik urunleri";"sismik";"http://www.sismik.com.tr/";"sismik.com.tr"
"IdeaSoft";"hediyelik esya aksesuar";"kanvastablomarket";"http://www.kanvastablomarket.com/";"kanvastablomarket.com"
"IdeaSoft";"hediyelik esya aksesuar";"menessa";"http://www.menessa.com/";"menessa.com"
"IdeaSoft";"hediyelik esya aksesuar";"dekoratifmarket";"http://www.dekoratifmarket.com/";"dekoratifmarket.com"
"IdeaSoft";"hediyelik esya aksesuar";"99hediye";"http://www.99hediye.com/";"99hediye.com"
"IdeaSoft";"hediyelik esya aksesuar";"particimiz";"http://www.particimiz.com/";"particimiz.com"
"IdeaSoft";"hediyelik esya aksesuar";"678";"http://www.678.com.tr/";"678.com.tr"
"IdeaSoft";"hediyelik esya aksesuar";"saraytavla";"http://saraytavla.com/";"saraytavla.com"
"IdeaSoft";"hediyelik esya aksesuar";"kalemhediye";"http://www.kalemhediye.com/";"kalemhediye.com"
"IdeaSoft";"hediyelik esya aksesuar";"kagittanseyler";"http://www.kagittanseyler.com/";"kagittanseyler.com"
"IdeaSoft";"hirdavat yapi market";"hirdavatalani";"http://hirdavatalani.com/";"hirdavatalani.com"
"IdeaSoft";"hirdavat yapi market";"artokshop";"http://www.artokshop.com/";"artokshop.com"
"IdeaSoft";"hirdavat yapi market";"hirdavat24";"http://www.hirdavat24.com/";"hirdavat24.com"
"IdeaSoft";"hirdavat yapi market";"isaleti";"http://www.isaleti.com/";"isaleti.com"
"IdeaSoft";"hirdavat yapi market";"yeniozel";"http://www.yeniozel.com/";"yeniozel.com"
"IdeaSoft";"hirdavat yapi market";"e devat";"http://www.e-devat.com/";"e-devat.com"
"IdeaSoft";"hirdavat yapi market";"hirdavatmarketim";"http://www.hirdavatmarketim.com/";"hirdavatmarketim.com"
"IdeaSoft";"hirdavat yapi market";"hirdavatan";"http://www.hirdavatan.com/";"hirdavatan.com"
"IdeaSoft";"hirdavat yapi market";"teknikemniyet";"http://www.teknikemniyet.com/";"teknikemniyet.com"
"IdeaSoft";"hirdavat yapi market";"maviprogram";"http://www.maviprogram.com/";"maviprogram.com"
"IdeaSoft";"ic giyim magazalari";"yeniicgiyim";"http://www.yeniicgiyim.com/";"yeniicgiyim.com"
"IdeaSoft";"ic giyim magazalari";"renklidolap";"http://www.renklidolap.com/";"renklidolap.com"
"IdeaSoft";"ic giyim magazalari";"istanbulkorsemerkezi";"http://www.istanbulkorsemerkezi.com/";"istanbulkorsemerkezi.com"
"IdeaSoft";"ic giyim magazalari";"vedettekorse";"http://www.vedettekorse.com/";"vedettekorse.com"
"IdeaSoft";"ic giyim magazalari";"modawella";"http://www.modawella.com/";"modawella.com"
"IdeaSoft";"isitma sogutma";"kumtelsatis";"http://www.kumtelsatis.com/";"kumtelsatis.com"
"IdeaSoft";"isitma sogutma";"odeme ferroli";"http://odeme.ferroli.com.tr/";"odeme.ferroli.com.tr"
"IdeaSoft";"isitma sogutma";"intekticaret";"http://www.intekticaret.com/";"intekticaret.com"
"IdeaSoft";"isitma sogutma";"kombikazanmarket";"http://www.kombikazanmarket.com/";"kombikazanmarket.com"
"IdeaSoft";"isitma sogutma";"kombidepo";"http://www.kombidepo.com/";"kombidepo.com"
"IdeaSoft";"isitma sogutma";"klimaya";"http://www.klimaya.com/";"klimaya.com"
"IdeaSoft";"isitma sogutma";"kombiofisi";"http://www.kombiofisi.com/";"kombiofisi.com"
"IdeaSoft";"isitma sogutma";"cuhadaroglu";"http://www.cuhadaroglu.net/";"cuhadaroglu.net"
"IdeaSoft";"kisisel bakim kozmetik";"sunadumankaya";"http://www.sunadumankaya.com.tr/";"sunadumankaya.com.tr"
"IdeaSoft";"kisisel bakim kozmetik";"tuaturkey";"http://www.tuaturkey.com/";"tuaturkey.com"
"IdeaSoft";"kisisel bakim kozmetik";"parfumgezegeni";"http://www.parfumgezegeni.com/";"parfumgezegeni.com"
"IdeaSoft";"kisisel bakim kozmetik";"kuaforsepeti";"http://www.kuaforsepeti.com/";"kuaforsepeti.com"
"IdeaSoft";"kisisel bakim kozmetik";"e sansiro";"http://www.e-sansiro.com/";"e-sansiro.com"
"IdeaSoft";"kisisel bakim kozmetik";"bizceolur";"http://www.bizceolur.com/";"bizceolur.com"
"IdeaSoft";"kisisel bakim kozmetik";"missliva";"http://www.missliva.com/";"missliva.com"
"IdeaSoft";"kisisel bakim kozmetik";"fenjilyan";"http://www.fenjilyan.com/";"fenjilyan.com"
"IdeaSoft";"kisisel bakim kozmetik";"limuna";"http://www.limuna.com/";"limuna.com"
"IdeaSoft";"kisisel bakim kozmetik";"lolabomb";"http://www.lolabomb.com/";"lolabomb.com"
"IdeaSoft";"kitap yayinevi";"tr masumiyetmuzesi";"http://tr.masumiyetmuzesi.org/";"tr.masumiyetmuzesi.org"
"IdeaSoft";"kitap yayinevi";"benlikitap";"http://www.benlikitap.com/";"benlikitap.com"
"IdeaSoft";"kitap yayinevi";"dmyayincilik";"http://www.dmyayincilik.com/";"dmyayincilik.com"
"IdeaSoft";"kitap yayinevi";"sozunozumarket";"http://www.sozunozumarket.com/index.php";"sozunozumarket.com"
"IdeaSoft";"kitap yayinevi";"acikitabevi";"http://www.acikitabevi.com/";"acikitabevi.com"
"IdeaSoft";"kitap yayinevi";"kitapyayinlari";"http://www.kitapyayinlari.com/";"kitapyayinlari.com"
"IdeaSoft";"kitap yayinevi";"adeda";"http://www.adeda.com.tr/";"adeda.com.tr"
"IdeaSoft";"kitap yayinevi";"karacankitap";"http://www.karacankitap.com/";"karacankitap.com"
"IdeaSoft";"kitap yayinevi";"ganj";"http://www.ganj.com.tr/";"ganj.com.tr"
"IdeaSoft";"kitap yayinevi";"kuzeykitabevi";"http://www.kuzeykitabevi.com/";"kuzeykitabevi.com"
"IdeaSoft";"konsept tasarimlar";"shop koleksiyon";"http://shop.koleksiyon.com.tr/";"shop.koleksiyon.com.tr"
"IdeaSoft";"konsept tasarimlar";"modalife";"http://www.modalife.com/";"modalife.com"
"IdeaSoft";"konsept tasarimlar";"bayi petline";"http://bayi.petline.com.tr/";"bayi.petline.com.tr"
"IdeaSoft";"konsept tasarimlar";"online turkishexpress";"http://online.turkishexpress.com.tr/";"online.turkishexpress.com.tr"
"IdeaSoft";"konsept tasarimlar";"armetr";"http://www.armetr.com/";"armetr.com"
"IdeaSoft";"konsept tasarimlar";"aksesuaraski";"http://www.aksesuaraski.com/";"aksesuaraski.com"
"IdeaSoft";"konsept tasarimlar";"gozlukburda";"http://www.gozlukburda.com/";"gozlukburda.com"
"IdeaSoft";"konsept tasarimlar";"clubsafari";"http://www.clubsafari.com.tr/";"clubsafari.com.tr"
"IdeaSoft";"mobilya";"zivellamarket";"http://www.zivellamarket.com/";"zivellamarket.com"
"IdeaSoft";"mobilya";"ofiskoltuksepeti";"http://www.ofiskoltuksepeti.com/";"ofiskoltuksepeti.com"
"IdeaSoft";"mobilya";"bymobilyacim";"http://www.bymobilyacim.com/";"bymobilyacim.com"
"IdeaSoft";"mobilya";"ofisimburada";"http://www.ofisimburada.com/";"ofisimburada.com"
"IdeaSoft";"mobilya";"lettamobilya";"http://www.lettamobilya.com/";"lettamobilya.com"
"IdeaSoft";"mobilya";"royalgarden";"http://www.royalgarden.com.tr/";"royalgarden.com.tr"
"IdeaSoft";"mobilya";"sadeceonda";"http://www.sadeceonda.com/";"sadeceonda.com"
"IdeaSoft";"motosiklet ekipmanlari";"motomagaza";"http://www.motomagaza.com/";"motomagaza.com"
"IdeaSoft";"motosiklet ekipmanlari";"motosikletciyiz";"http://www.motosikletciyiz.com/";"motosikletciyiz.com"
"IdeaSoft";"motosiklet ekipmanlari";"motosiklets";"http://www.motosiklets.com/";"motosiklets.com"
"IdeaSoft";"motosiklet ekipmanlari";"motosikletstore";"http://www.motosikletstore.com/";"motosikletstore.com"
"IdeaSoft";"motosiklet ekipmanlari";"motoraksesuar";"http://www.motoraksesuar.com/";"motoraksesuar.com"
"IdeaSoft";"motosiklet ekipmanlari";"brnmotor";"http://www.brnmotor.com.tr/";"brnmotor.com.tr"
"IdeaSoft";"motosiklet ekipmanlari";"mototalonline";"http://www.mototalonline.com/";"mototalonline.com"
"IdeaSoft";"motosiklet ekipmanlari";"motorcumarketi";"http://www.motorcumarketi.com/";"motorcumarketi.com"
"IdeaSoft";"motosiklet ekipmanlari";"motorsepeti";"http://www.motorsepeti.com.tr/";"motorsepeti.com.tr"
"IdeaSoft";"motosiklet ekipmanlari";"store spormoto";"http://store.spormoto.com/";"store.spormoto.com"
"IdeaSoft";"muzik enstruman";"basmarket";"http://www.basmarket.com/";"basmarket.com"
"IdeaSoft";"muzik enstruman";"akalinmuzik";"http://www.akalinmuzik.com/";"akalinmuzik.com"
"IdeaSoft";"muzik enstruman";"pandamuzik";"http://www.pandamuzik.com/";"pandamuzik.com"
"IdeaSoft";"muzik enstruman";"muzikborsasi";"http://www.muzikborsasi.com/";"muzikborsasi.com"
"IdeaSoft";"muzik enstruman";"batimuzikmarket";"http://www.batimuzikmarket.com/";"batimuzikmarket.com"
"IdeaSoft";"muzik enstruman";"yenidunya";"http://www.yenidunya.com/";"yenidunya.com"
"IdeaSoft";"muzik enstruman";"webmuzikmarket";"http://www.webmuzikmarket.com/";"webmuzikmarket.com"
"IdeaSoft";"ofis kirtasiye";"lecolor";"http://www.lecolor.com.tr/";"lecolor.com.tr"
"IdeaSoft";"ofis kirtasiye";"sepetimofis";"http://www.sepetimofis.com/";"sepetimofis.com"
"IdeaSoft";"ofis kirtasiye";"office06";"http://www.office06.com/";"office06.com"
"IdeaSoft";"ofis kirtasiye";"bitmeyenkartus";"http://www.bitmeyenkartus.com.tr/";"bitmeyenkartus.com.tr"
"IdeaSoft";"ofis kirtasiye";"bayrakmarket";"http://www.bayrakmarket.com/";"bayrakmarket.com"
"IdeaSoft";"ofis kirtasiye";"temcoofis";"http://www.temcoofis.com/";"temcoofis.com"
"IdeaSoft";"ofis kirtasiye";"printer";"http://www.printer.com.tr/";"printer.com.tr"
"IdeaSoft";"ofis kirtasiye";"okulstore";"http://www.okulstore.com/";"okulstore.com"
"IdeaSoft";"ofis kirtasiye";"ofisplus";"http://www.ofisplus.com/";"ofisplus.com"
"IdeaSoft";"oto yedek parca";"parcagonder";"http://www.parcagonder.com/";"parcagonder.com"
"IdeaSoft";"oto yedek parca";"oztorunshop";"http://www.oztorunshop.com/";"oztorunshop.com"
"IdeaSoft";"oto yedek parca";"mothers";"http://www.mothers.com.tr/";"mothers.com.tr"
"IdeaSoft";"oto yedek parca";"akusepeti";"http://www.akusepeti.com/";"akusepeti.com"
"IdeaSoft";"oto yedek parca";"offroadaksesuar";"http://www.offroadaksesuar.com/";"offroadaksesuar.com"
"IdeaSoft";"oto yedek parca";"otocikmayedekparcalari";"http://www.otocikmayedekparcalari.com/";"otocikmayedekparcalari.com"
"IdeaSoft";"oto yedek parca";"parcakapimda";"http://www.parcakapimda.com/";"parcakapimda.com"
"IdeaSoft";"oto yedek parca";"krmparca";"http://www.krmparca.com/";"krmparca.com"
"IdeaSoft";"oto yedek parca";"uygunyedekparca";"http://www.uygunyedekparca.com/";"uygunyedekparca.com"
"IdeaSoft";"oto yedek parca";"haselvitrin";"http://www.haselvitrin.com/";"haselvitrin.com"
"IdeaSoft";"oyun hobi urunleri";"hobbytime";"http://www.hobbytime.com.tr/";"hobbytime.com.tr"
"IdeaSoft";"oyun hobi urunleri";"dreamersfigure";"http://www.dreamersfigure.com/";"dreamersfigure.com"
"IdeaSoft";"oyun hobi urunleri";"puzzlegaleri";"http://www.puzzlegaleri.com/";"puzzlegaleri.com"
"IdeaSoft";"oyun hobi urunleri";"hobiniyarat";"http://www.hobiniyarat.com/";"hobiniyarat.com"
"IdeaSoft";"oyun hobi urunleri";"mobicom";"http://www.mobicom.com.tr/";"mobicom.com.tr"
"IdeaSoft";"oyun hobi urunleri";"technomodel";"http://www.technomodel.com/";"technomodel.com"
"IdeaSoft";"oyuncak";"melisatoys";"http://www.melisatoys.com/";"melisatoys.com"
"IdeaSoft";"oyuncak";"bereneda";"http://www.bereneda.com/";"bereneda.com"
"IdeaSoft";"oyuncak";"eptoys";"http://www.eptoys.net/";"eptoys.net"
"IdeaSoft";"oyuncak";"kubikatoys";"http://www.kubikatoys.com/";"kubikatoys.com"
"IdeaSoft";"oyuncak";"banaoyuncakal";"http://www.banaoyuncakal.com/";"banaoyuncakal.com"
"IdeaSoft";"oyuncak";"toyland";"http://www.toyland.com.tr/";"toyland.com.tr"
"IdeaSoft";"pet shop";"ekstremakvaryum";"http://www.ekstremakvaryum.com.tr/";"ekstremakvaryum.com.tr"
"IdeaSoft";"pet shop";"mamaland";"http://www.mamaland.com.tr/";"mamaland.com.tr"
"IdeaSoft";"pet shop";"petzimo";"http://www.petzimo.com/";"petzimo.com"
"IdeaSoft";"pet shop";"petkolik";"http://www.petkolik.com/";"petkolik.com"
"IdeaSoft";"pet shop";"akvaryummerkezi";"http://www.akvaryummerkezi.com/";"akvaryummerkezi.com"
"IdeaSoft";"pet shop";"petgetir";"http://www.petgetir.com/";"petgetir.com"
"IdeaSoft";"pet shop";"dogandthecity";"http://www.dogandthecity.com/";"dogandthecity.com"
"IdeaSoft";"pet shop";"alicepetshop";"http://www.alicepetshop.com/";"alicepetshop.com"
"IdeaSoft";"pet shop";"evcilal";"http://www.evcilal.com/";"evcilal.com"
"IdeaSoft";"pet shop";"petkolay";"http://www.petkolay.com/";"petkolay.com"
"IdeaSoft";"saat optik";"modelasaat";"http://www.modelasaat.com/";"modelasaat.com"
"IdeaSoft";"saat optik";"9saat";"http://www.9saat.com/";"9saat.com"
"IdeaSoft";"saat optik";"gozlukcu";"http://www.gozlukcu.com.tr/";"gozlukcu.com.tr"
"IdeaSoft";"saat optik";"ekoldugmesi";"http://www.ekoldugmesi.com/";"ekoldugmesi.com"
"IdeaSoft";"saat optik";"duruselsaat";"http://www.duruselsaat.com/";"duruselsaat.com"
"IdeaSoft";"saat optik";"yenzasaat";"http://www.yenzasaat.com.tr/";"yenzasaat.com.tr"
"IdeaSoft";"saat optik";"nazarsaat";"http://www.nazarsaat.com.tr/";"nazarsaat.com.tr"
"IdeaSoft";"saglik medikal urunler";"medidogu";"http://www.medidogu.com/";"medidogu.com"
"IdeaSoft";"saglik medikal urunler";"biodermaecz";"http://www.biodermaecz.com/";"biodermaecz.com"
"IdeaSoft";"saglik medikal urunler";"aksuvital pazar";"http://www.aksuvital-pazar.com/";"aksuvital-pazar.com"
"IdeaSoft";"saglik medikal urunler";"acil365";"http://www.acil365.com.tr/";"acil365.com.tr"
"IdeaSoft";"saglik medikal urunler";"marena";"http://www.marena.com.tr/";"marena.com.tr"
"IdeaSoft";"saglik medikal urunler";"sepenatural";"http://www.sepenatural.com.tr/";"sepenatural.com.tr"
"IdeaSoft";"saglik medikal urunler";"festivalorganik";"http://www.festivalorganik.com.tr/";"festivalorganik.com.tr"
"IdeaSoft";"saglik medikal urunler";"diabstore";"http://www.diabstore.com/";"diabstore.com"
"IdeaSoft";"saglik medikal urunler";"dentaladres";"http://www.dentaladres.com/";"dentaladres.com"
"IdeaSoft";"saglik medikal urunler";"medikalortopedi";"http://www.medikalortopedi.com/";"medikalortopedi.com"
"IdeaSoft";"spor ve spor malzemeleri";"provitanya";"http://www.provitanya.com/";"provitanya.com"
"IdeaSoft";"spor ve spor malzemeleri";"galatamarine";"http://www.galatamarine.com/";"galatamarine.com"
"IdeaSoft";"spor ve spor malzemeleri";"vitamingym";"http://www.vitamingym.com/";"vitamingym.com"
"IdeaSoft";"spor ve spor malzemeleri";"sportifshop";"http://www.sportifshop.com/";"sportifshop.com"
"IdeaSoft";"spor ve spor malzemeleri";"sport444";"http://www.sport444.com/";"sport444.com"
"IdeaSoft";"spor ve spor malzemeleri";"shopandswim";"http://www.shopandswim.com/";"shopandswim.com"
"IdeaSoft";"spor ve spor malzemeleri";"sarginspor";"http://www.sarginspor.com/";"sarginspor.com"
"IdeaSoft";"spor ve spor malzemeleri";"sportcity";"http://www.sportcity.com.tr/";"sportcity.com.tr"
"IdeaSoft";"supermarket";"metrosiparis";"https://www.metrosiparis.com/";"metrosiparis.com"
"IdeaSoft";"supermarket";"tedi";"https://www.tedi.com.tr/";"tedi.com.tr"
"IdeaSoft";"supermarket";"hakmarexpress";"https://www.hakmarexpress.com.tr/";"hakmarexpress.com.tr"
"IdeaSoft";"supermarket";"seyramarket";"https://www.seyramarket.com/";"seyramarket.com"
"IdeaSoft";"supermarket";"terziogluticaret";"https://www.terziogluticaret.com/";"terziogluticaret.com"
"IdeaSoft";"supermarket";"omarketim";"https://www.omarketim.com/";"omarketim.com"
"IdeaSoft";"supermarket";"helalgetir";"https://www.helalgetir.com/";"helalgetir.com"
"IdeaSoft";"supermarket";"rimalsanalmarket";"https://www.rimalsanalmarket.com/";"rimalsanalmarket.com"
"IdeaSoft";"supermarket";"oncumar";"https://www.oncumar.com/";"oncumar.com"
"IdeaSoft";"supermarket";"showmar";"https://www.showmar.com.tr/";"showmar.com.tr"
"IdeaSoft";"supermarket";"sanalmarketcim";"https://www.sanalmarketcim.com/";"sanalmarketcim.com"
"IdeaSoft";"supermarket";"ergandan";"https://www.ergandan.com.tr/";"ergandan.com.tr"
"IdeaSoft";"supermarket";"grisatis";"https://www.grisatis.com/";"grisatis.com"
"IdeaSoft";"taki mucevherat";"incidenonline";"http://www.incidenonline.com/";"incidenonline.com"
"IdeaSoft";"taki mucevherat";"tesbihevim";"http://www.tesbihevim.com/";"tesbihevim.com"
"IdeaSoft";"taki mucevherat";"rosediam";"http://www.rosediam.com/";"rosediam.com"
"IdeaSoft";"taki mucevherat";"sehzadetesbih";"http://www.sehzadetesbih.com/";"sehzadetesbih.com"
"IdeaSoft";"taki mucevherat";"gumuscarsisi";"http://www.gumuscarsisi.com/";"gumuscarsisi.com"
"IdeaSoft";"taki mucevherat";"gumuskadin";"http://www.gumuskadin.com/";"gumuskadin.com"
"IdeaSoft";"taki mucevherat";"gumusgumus";"http://www.gumusgumus.com/";"gumusgumus.com"
"IdeaSoft";"taki mucevherat";"mytaki";"http://www.mytaki.com/";"mytaki.com"
"IdeaSoft";"taki mucevherat";"namaste";"https://www.namaste.com.tr/";"namaste.com.tr"
"IdeaSoft";"tarim organik urunler";"fidansepetim";"http://www.fidansepetim.com/";"fidansepetim.com"
"IdeaSoft";"tarim organik urunler";"barbarosmotor";"http://www.barbarosmotor.com/";"barbarosmotor.com"
"IdeaSoft";"tarim organik urunler";"ziraishop";"http://www.ziraishop.com/";"ziraishop.com"
"IdeaSoft";"tarim organik urunler";"tohumal";"http://www.tohumal.com/";"tohumal.com"
"IdeaSoft";"tarim organik urunler";"e fidancim";"http://www.e-fidancim.com/";"e-fidancim.com"
"IdeaSoft";"tarim organik urunler";"ziraimarket";"http://www.ziraimarket.com/";"ziraimarket.com"
"IdeaSoft";"tekstil giyim";"ca cemadrian";"http://www.ca-cemadrian.com/";"ca-cemadrian.com"
"IdeaSoft";"tekstil giyim";"trendbrandlove";"http://www.trendbrandlove.com/";"trendbrandlove.com"
"IdeaSoft";"tekstil giyim";"cinarextreme";"http://www.cinarextreme.com/";"cinarextreme.com"
"IdeaSoft";"tekstil giyim";"giysidolabi";"http://www.giysidolabi.net/";"giysidolabi.net"
"IdeaSoft";"tekstil giyim";"stilefit";"http://www.stilefit.com/";"stilefit.com"
"IdeaSoft";"tekstil giyim";"bayildim";"http://www.bayildim.com/";"bayildim.com"
"IdeaSoft";"tekstil giyim";"balmoral";"http://www.balmoral.com.tr/";"balmoral.com.tr"
"IdeaSoft";"tekstil giyim";"goja";"http://www.goja.com.tr/";"goja.com.tr"
"IdeaSoft";"temizlik urunleri";"dogapak";"http://www.dogapak.com.tr/";"dogapak.com.tr"
"IdeaSoft";"temizlik urunleri";"hijyendunyasi";"http://www.hijyendunyasi.com/";"hijyendunyasi.com"
"IdeaSoft";"temizlik urunleri";"temizsiparis";"http://www.temizsiparis.com/";"temizsiparis.com"
"IdeaSoft";"temizlik urunleri";"hijyenplus";"http://www.hijyenplus.com/";"hijyenplus.com"
"IdeaSoft";"temizlik urunleri";"endustriyelshowroom";"http://www.endustriyelshowroom.com/";"endustriyelshowroom.com"
"IdeaSoft";"temizlik urunleri";"yesilanne";"http://www.yesilanne.com/";"yesilanne.com"
"IdeaSoft";"temizlik urunleri";"temizlikmalzemem";"http://www.temizlikmalzemem.com/";"temizlikmalzemem.com"
"IdeaSoft";"tesettur giyim";"rabiasamli";"http://www.rabiasamli.com/";"rabiasamli.com"
"IdeaSoft";"tesettur giyim";"ebrulimmalisveris";"https://www.ebrulimmalisveris.com/";"ebrulimmalisveris.com"
"IdeaSoft";"tesettur giyim";"adabmayo";"http://www.adabmayo.com.tr/";"adabmayo.com.tr"
"IdeaSoft";"tesettur giyim";"modaizim";"http://www.modaizim.com/";"modaizim.com"
"IdeaSoft";"tesettur giyim";"hacumremarketi";"http://www.hacumremarketi.com/";"hacumremarketi.com"
"IdeaSoft";"tesettur giyim";"modasenle";"http://www.modasenle.com/";"modasenle.com"
"IdeaSoft";"tesettur giyim";"renklerevi";"http://www.renklerevi.com/";"renklerevi.com"
"IdeaSoft";"unluler ve fenomenler";"kerimcandurmaz";"https://www.kerimcandurmaz.com/";"kerimcandurmaz.com"
"IdeaSoft";"unluler ve fenomenler";"biondinastyle";"http://www.biondinastyle.com.tr/";"biondinastyle.com.tr"
"IdeaSoft";"unluler ve fenomenler";"cumartesi";"https://www.cumartesi.com/";"cumartesi.com"
"IdeaSoft";"unluler ve fenomenler";"1992store";"https://www.1992store.com/";"1992store.com"
"IdeaSoft";"unluler ve fenomenler";"byselincigerci";"https://www.byselincigerci.com/";"byselincigerci.com"
"IdeaSoft";"unluler ve fenomenler";"soo cool";"https://www.soo.cool/";"soo.cool"
"IdeaSoft";"unluler ve fenomenler";"fenowear";"https://www.fenowear.com/";"fenowear.com"
"IdeaSoft";"unluler ve fenomenler";"ayhansicimoglu";"https://www.ayhansicimoglu.com/";"ayhansicimoglu.com"
"IdeaSoft";"unluler ve fenomenler";"soflycosmetics";"https://www.soflycosmetics.com/";"soflycosmetics.com"
"IdeaSoft";"unluler ve fenomenler";"gorkito";"https://www.gorkito.com/";"gorkito.com"
"IdeaSoft";"unluler ve fenomenler";"ecrinsucoban";"https://www.ecrinsucoban.com.tr/";"ecrinsucoban.com.tr"
"IdeaSoft";"unluler ve fenomenler";"tugbabag";"https://www.tugbabag.com/";"tugbabag.com"
