firma_adi;adres;sehir;ilce;telefon;website;domain;birlik
YONCA GIDA SANAYİ İŞLETMELERİ İÇ VE DIŞ TİCARET ANONİM ŞİRKETİ;KOCATEPE MAH. YAĞ İSKELESİ CAD. MEGA CENTER SİTESİ C BLOKLAR C30  BLOK NO:21 İÇ KAPI NO:17;İSTANBUL;BAYRAMPAŞA;(236) 2332520;https://www.yonca.com.tr/;yonca.com.tr;İİB-YAŞ MEYVE
KİBAR DIŞ TİCARET ANONİM ŞİRKETİ;TERSANE CAD. IŞIK İŞ MRKZ. NO:92 K:2-3-4;İSTANBUL;BEYOĞLU;(212) 2564970;www.kibarholding.com;kibarholding.com;İİB-YAŞ MEYVE
ENPA  İTH.İHR.VE GIDA AMBALAJ SAN. TİC. LTD. ŞTİ.;KARADENİZLİLER MAH. KULLAR CAD. NO:361;KOCAELI;BAŞİSKELE;(262) 3493230;www.enpagida.com;enpagida.com;İİB-YAŞ MEYVE
DANIŞ GİYİM DIŞ TİC. VE SAN. LTD. ŞTİ. ;KEMALPAŞA MAH. FETHİ BEY CAD. NO:39 LALELİ İSTANBUL;İSTANBUL;FATİH;(212) 5185499;www.danisgroup.com;danisgroup.com;İİB-YAŞ MEYVE
AVS KÜRESEL GEMİ TEDARİĞİ VE YÖNETİMİ AŞ;SOĞANLIK YENİ MH PAMUKKALE SK NO:2;İSTANBUL;KARTAL;(216) 5910849;www.avsglobalsupply.com;avsglobalsupply.com;İİB-YAŞ MEYVE
ORTAÇLAR ELEKTRİK SAN. VE TİC. LTD. ŞTİ.;İBNİ SİNA CADESİ HADIMKÖY MAH N:9;İSTANBUL;ARNAVUTKÖY;(212) 8581900;www.ortaclar.com.tr;ortaclar.com.tr;İİB-YAŞ MEYVE
ŞÖLEN ÇİKOLATA GIDA SAN.VE TİC .A.Ş.;ORTAKÖY MAH. HARBİYE CAD. NO:33SİLİVRİ;İSTANBUL;SİLİVRİ;(212) 8675800;www.solen.com.tr;solen.com.tr;İİB-YAŞ MEYVE
KOÇBEY SU VE MEŞRUBAT PAZ.SAN.TİC.A.Ş;GÜLDİBİ MAH.GÜNDOĞDU CAD. NO:10;SAKARYA;SAPANCA;(264) 5828600;www.fuska.com.tr;fuska.com.tr;İİB-YAŞ MEYVE
SARBAY GIDA EĞİTİM GİYİM ÇELİK ORMAN ÜRÜNLERİ SANAYİ VE TİCARET LİMİTED ŞİRKETİ;BARBAROS MAHALLESİ AL ZAMBAK SOKAK VARYAP MERIDIAN A BLOK GRAND TOWER APARTMANI NO:2/178;İSTANBUL;ATAŞEHİR;;www.sarbayihracat.com.tr;sarbayihracat.com.tr;İİB-YAŞ MEYVE
DOĞUŞ ÇAY VE GIDA MAD.ÜRT.PAZ. İTH.İHR.A.Ş.; RAMAZANOĞLU MAH.SANAYİ CAD. N.24;İSTANBUL;PENDİK;(452) 2339999;www.doguscay.com.tr;doguscay.com.tr;İİB-YAŞ MEYVE
SPC DANIŞMANLIK İÇ VE DIŞ TİC.LTD.ŞTİ;B.CAMİ MAH. EFES BULVARI NO:46 ;EDIRNE;KEŞAN;(284) 7149742;www.spcimportexport.com;spcimportexport.com;İİB-YAŞ MEYVE
FERRERO TÜRKİYE ÇİKOLATA VE TARIM ÜRÜNLERİ SAN. VE DIŞ TİC. A.Ş.;ORG.SAN.BÖL.V KISIM FERRERO CAD.NO:3;MANISA;YUNUS EMRE;(236) 2266200;www.ferrero.com.tr;ferrero.com.tr;İİB-YAŞ MEYVE
ASE PLASTIK SANAYI VE TICARET A.Ş.;İSTANBUL TUZLA KİMYA SAN. ORG.SAN. BÖL.MELEKARAS BUL.NO.16;İSTANBUL;TUZLA;(216) 5930320;www.asepack.com;asepack.com;İİB-YAŞ MEYVE
NİMBUS GIDA SANAYI VE TİCARET LİMİTED ŞİRKETİ;KEMALPAŞA MAH. 48.SOK.NO:2;SAKARYA;SERDİVAN;(264) 2787929;https://nimbusfood.com.tr/;nimbusfood.com.tr;İİB-YAŞ MEYVE
WEST ANATOLIA GIDA SANAYİ VE TİCARET LİMİTED ŞİRKETİ;İZZET PAŞA MAH. YENİ YOL CAD. NO:3 İÇ KAPI NO:336;İSTANBUL;ŞİŞLİ;(212) 0000000;http://bunyamin.mrl@westanatolia.com;westanatolia.com;İİB-YAŞ MEYVE
DANONE TIKVEŞLI GIDA VE IÇECEK SAN.VE TIC.A.Ş.;KÜÇÜKBAKKALKÖY MAH. VEDAT GÜNYOL CAD. DEFNE SOK. NO:3 BÜYÜKHANLI PLAZA B BLOK K:13;İSTANBUL;ATAŞEHİR;(216) 5389868;www.danone.com.tr;danone.com.tr;İİB-YAŞ MEYVE
DÖHLER GIDA SANAYİ ANONİM ŞİRKETİ;CEVİZLİ MH ZUHAL CD A/3 BLOK NO:46/182;İSTANBUL;MALTEPE;(216) 5456868;www.dohler.com.tr;dohler.com.tr;İİB-YAŞ MEYVE
SIRMA GRUP İÇECEK SAN VE TIC A.Ş;KÜÇÜKBAKKALKÖY MAH.VEDAT GÜNYOL CAD. DEFNE SOK.NO:3 BÜYÜKHANLI PLAZA B BLOK K:11  ;İSTANBUL;ATAŞEHİR;(216) 5442700;www.sirmagrup.com;sirmagrup.com;İİB-YAŞ MEYVE
İNTERVO DIŞ TİCARET VE MÜMESSİLLİK LİMİTED ŞİRKETİ;ETİLER NİSPETİYE CAD.AKMERKEZİŞ MERK.B3 BLOK KAT:1;İSTANBUL;BEŞİKTAŞ;(212) 2821900;www.intervoltd.com;intervoltd.com;İİB-YAŞ MEYVE
ROYAL FOODS GIDA MADDELERİ İTHALAT İHRACAT SANAYİ VE TİCARET ANONİM ŞİRKETİ;KULOĞLU MAH.GAZETECİ EROL DERNEK SK.YENİ MELEK İŞ HANI NO:17/1 PK:34200;İSTANBUL;BEYOĞLU;(212) 2472112;www.royalfoods.com.tr;royalfoods.com.tr;İİB-YAŞ MEYVE
SARIKIZ DOĞAL KAYNAK SULARI GIDA SAN VE TİC AŞ;KOCATEPE M YAĞ İSKELESİ C MEGA CENTER 31/C NO4NO:4/ 518;İSTANBUL;BAYRAMPAŞA;(212) 4372400;www.sarikiz.com.tr;sarikiz.com.tr;İİB-YAŞ MEYVE
ANADOLU EFES BİRACILIK VE MALT SANAYİ ANONİM ŞİRKETİ;FATİH SULTAN MEHMET MAHALLESİ BALKAN CAD. BU KAYA E BLOK NO:58/23                    ;İSTANBUL;ÜMRANİYE;(212) 4493600;www.anadoluefes.com;anadoluefes.com;İİB-YAŞ MEYVE
MERTER HELVA. SAN VE TIC. A.Ş.;AMBARLI KAVŞAĞI CİHANGİR MAH.ŞEHİT ZAFER SOKAK;İZMİR;Avcılar;;www.koska.com;koska.com;İİB-YAŞ MEYVE
ŞENKARDEŞ GIDA SAN. VE TİC. LTD. ŞTİ.;HANLIKÖY MAH. ESKİŞEHİR CD. NO:123;SAKARYA;ARİFİYE;(264) 2764760;www.senkardes.com.tr;senkardes.com.tr;İİB-YAŞ MEYVE
DONİPA GIDA ÜRETİM VE PAZARLAMA ANONİM ŞİRKETİ;MERVE MAH.UZUNGÖL CAD.NUMARA:8;İSTANBUL;SANCAKTEPE;(216) 5920600;www.donipa.com.tr;donipa.com.tr;İİB-YAŞ MEYVE
ATLAS SHIP SUPPLY GEMİ TEDARİK HİZMETLERİ TİCARET ANONİM ŞİRKETİ;DEFTERDAR MAH.OTAKÇILAR CAD. NUMARA:60/A;İSTANBUL;EYÜP;(212) 6139110;www.atlasshipsupply.com;atlasshipsupply.com;İİB-YAŞ MEYVE
SÖNMEZLER AGROTAR TAR.GIDA SAN. VE TİC.A.Ş.;KARATAŞ YOLU ÜZERİ 10 KM.;ADANA;YÜREĞİR;(322) 3340144;www.sonmezlergida.com.tr;sonmezlergida.com.tr;İİB-YAŞ MEYVE
SERAS LOJİSTİK GIDA DAĞITIM VE DEPOLAMA HİZMETLERİ SANAYİ TİCARET LİMİTED ŞİRKETİ;YENİDOĞAN MAHALLESİ HATTAT SK. NO: 35;İSTANBUL;SANCAKTEPE;(216) 6227029;http://www.seraslojistik.com;seraslojistik.com;İİB-YAŞ MEYVE
ANADOLU ETAP DIŞ TİC.AŞ;FATİH SULTAN MEHMET MAH. BALKAN CAD. BU YAKA E BLOK NO:58;İSTANBUL;ÜMRANİYE;(216) 5788700;www.anadoluetap.com;anadoluetap.com;İİB-YAŞ MEYVE
YAŞAR DIŞ TİC.A.Ş;GAZIOSMANPASA BULV.BATI ISH.10/1KAT3-4-5;İZMİR;KONAK;02324890121;www.yasardis.com.tr;yasardis.com.tr;İİB-YAŞ MEYVE
AYDOĞAN PORSELEN SERAMİK CAM SANAYİ VE DIŞ TİCARET LİMİTED ŞİRKETİ;TOKATKÖY MAH. DOĞANYOL ÇIKMAZI SK. NO:8 DAİRE:A ;İSTANBUL;BEYKOZ;(216) 3230150;www.rainbowcrytal.com.tr;rainbowcrytal.com.tr;İİB-YAŞ MEYVE
DİLER DIŞ TİCARET ANONİM ŞİRKETİ;"MASLAK MAHALLESİ, ESKİ BÜYÜKDERE CADDESİ KOÇKAYA AS PLAZA MASLAK NO:1 34485 ";İSTANBUL;SARIYER;(212) 2536630;www.dilerhld.com;dilerhld.com;İİB-YAŞ MEYVE
METİN ZAFER PAZ. VE DIŞ TİCARET LTD.ŞTİ.;ORDU CD.LALELI IŞ MERKEZINO:89/604;İSTANBUL; ;(212) 5178096;www.metinzafer.com;metinzafer.com;İİB-YAŞ MEYVE
GİMAŞ TEDARİK VE DAĞITIM PAZ. TİC. A. Ş.;AYKOSAN SAN. SİT. 4 . A BLK. NO:232;İSTANBUL;BAŞAKŞEHİR;2126712480;www.gimas.com;gimas.com;İİB-YAŞ MEYVE
RAM DIŞ TİCARET A.Ş.;RÜZGARLIBAHÇE KAVACIK KAVŞAĞI ENERGY PLAZA K:2;İSTANBUL;BEYKOZ;(216) 5381100;www.ram.com.tr;ram.com.tr;İİB-YAŞ MEYVE
RUMELİ HARDALİYECİLİK GIDA ÜRETİM İTHALAT İHRACAT TİCARET SANAYİ LİMİTED ŞİRKETİ;KIZILCIKDERE OSB 5. CAD. KIRKLARELİ ÜZÜMÜRETİCİLERİ BİRLİĞİ APT. NO:21;KIRKLARELI;MERKEZ;(288) 2634344;http://www.rumelihardaliye.com;rumelihardaliye.com;İİB-YAŞ MEYVE
ESCA INTERNATİONAL İTHALAT VE İHRACAT LİMİTED ŞİRKETİ;ZİYA GÖKALP MAH. SÜLEYMAN DEMİREL BLV.THE OFFICE NO: 7 E İÇ KAPI NO: 136;İSTANBUL;BAŞAKŞEHİR;(850) 3090894;www.escafoods.com;escafoods.com;İİB-YAŞ MEYVE
ÖZMER PASTACILIK VE IÇECEK ÜRN SAN.PAZ.TURZ.VE DIŞ TIC.A.Ş.;ŞERİFALİ MAH.BEYİT SOK NO:54;İSTANBUL;ÜMRANİYE;(216) 3659883;www.limpo.com.tr;limpo.com.tr;İİB-YAŞ MEYVE
GÜLÇİÇEK KİMYA VE UÇAN YAĞLAR SAN. VE TİC. A.Ş.;G.O.S.B. TEMBELOVA ALANI 3300 SK. NO:3306 PK.41400 ;KOCAELI;GEBZE;(262) 6770000;www.gulcicek.com;gulcicek.com;İİB-YAŞ MEYVE
MESA İÇ VE DIŞ TİC.LTD.ŞTİ;YEŞİLBAYIR MAHALLESİ 29 MAYIS CAD. NO: 19 A/1;İSTANBUL;ARNAVUTKÖY;(212) 8861508;www.mesagida.com;mesagida.com;İİB-YAŞ MEYVE
MALATYA PAZARI KURUYEMIŞCILIK  SAN VE TİC. A.Ş.;E-5 KARAYOLU ÜZERI CEYLAN ÇIFTLİĞİMEVKII MIMAR SINAN BELDESI;İSTANBUL;BÜYÜKÇEKMECE;(212) 8630933;www.malatyapazari.com.tr;malatyapazari.com.tr;İİB-YAŞ MEYVE
BESLER GIDA VE KİMYA SAN. VE TİC. A.Ş.;KISIKLI MAH. YENİŞEN SK. B BLOK NO: 8/1;İSTANBUL;ÜSKÜDAR;(212) 6951010;www.kerevitas.com.tr;kerevitas.com.tr;İİB-YAŞ MEYVE
DİMES GIDA SANAYİ VE TİCARET A.Ş.;GIDA SAN. SİTESİ. NO:1;TOKAT; ;(356) 2149160;www.dimes.com.tr;dimes.com.tr;İİB-YAŞ MEYVE
TALİA ZEYTİNYAĞI GIDA SANAYİ VE TİCARET ANONİM ŞİRKET;MALTEPE MAH. DAVUTPAŞA CAD. KALE IŞ MERKEZI NO:141İÇ KAPI NO: 100;İSTANBUL;ZEYTİNBURNU;(212) 6592002;http://www.taliagurme.com;taliagurme.com;İİB-YAŞ MEYVE
KAVAKLIDERE ŞARAPLARI A.Ş.;GÜZELHİSAR MAH. ÇANKIRI BULVARI NO:8006750 ;ANKARA;AKYURT;(312) 8475073;www.kavaklidere.com;kavaklidere.com;İİB-YAŞ MEYVE
UÇAK KARDEŞLER GIDA ANONİM ŞİRKETİ;ANTALYA SEBZE MEYVE HALİ NO : 535-536;ANTALYA;KEPEZ;(232) 7433434;www.ucakkardesler.com.tr;ucakkardesler.com.tr;İİB-YAŞ MEYVE
H BAZAAR DIŞ TİC AŞ;İÇERENKÖY MH TOPÇU İBRAHİM SK NO 8/100;İSTANBUL;ATAŞEHİR;(216) 4110495;www.hbazaar.com.tr;hbazaar.com.tr;İİB-YAŞ MEYVE
MERKO GIDA SANAYİ VE TİCARET ANONİM ŞİRKETİ;LEVENT MAH. CÖMERT SOK. YAPIKREDİPLAZA SİTESİ B BLOK NO:1-B/23;İSTANBUL; ;;www.merko.com.tr;merko.com.tr;İİB-YAŞ MEYVE
PARK GIDA ALKOLLÜ VE ALKOLSÜZ İÇECEKLER SAN.VE TİC..A.Ş.;TEKSTİLKENT TİC. MERK. TEKSTİLKENT KOZA PLAZAA BLOK K:27 ATIŞALANI ;İSTANBUL;ESENLER;(212) 4213111;www.roycedrink.com;roycedrink.com;İİB-YAŞ MEYVE
EK-MAŞ GIDA MAKİNA SANAYİ TİCARET LİMİTED ŞİRKETİ;KAGITHANE BARBAROS CADŞEBNEM SOK .NO:10;İSTANBUL;KAĞITHANE;(212) 2831651;www.ekmas.com.tr;ekmas.com.tr;İİB-YAŞ MEYVE
ISTANBUL GIDA SAN.VE TIC.A.Ş.; MİMARSİNANMAH ESKİ SİLİVRİ CAD. NO:8/2;İSTANBUL;BÜYÜKÇEKMECE;(212) 8614343;www.yurtkonserve.com.tr;yurtkonserve.com.tr;İİB-YAŞ MEYVE
ZEYTURSAN GIDA SANAYİ VE TİCARET A.Ş.;GEMİÇ KÖYÜ;BURSA;ORHANGAZİ;(224) 5865201;www.berraktursulari.com.tr;berraktursulari.com.tr;İİB-YAŞ MEYVE
ÜSTÜN PLASTİK AMBALAJ SAN.VE TİC.A.Ş.;ORG.SAN.BÖL.KAĞITHANE SAN.SİT.17.CD. NO:7;İSTANBUL;BAŞAKŞEHİR;(212) 4857676;www.ustunplastik.com;ustunplastik.com;İİB-YAŞ MEYVE
GEZGİN BİTKİCİ EĞİTİM VE ÜRETİM SANAYİ VE TİCARET LİMİTED ŞİRKETİ;KOÇYAZI MAH. 2241. SK. B BLOK NO: 8 A;DÜZCE;MERKEZ;(380) 0000000;https://www.gezginbitkici.com/;gezginbitkici.com;İİB-YAŞ MEYVE
MİLDO GIDA SAN. VE DIŞ TİC. A.Ş;BATTALGAZİ MAH. ŞARK CAD. AYTOP GIDA SIT. E BLOK NO:15;İSTANBUL;SULTANBEYLİ;(216) 3488002;http://www.mildofood.com;mildofood.com;İİB-YAŞ MEYVE
FRUKO MEŞRUBAT SANAYİ LİMİTED ŞİRKETİ;4.LEVENT BÜYÜKDERE CAD.209TEKVEN TOWER IŞ MERKEZİ;İSTANBUL;ŞİŞLİ;(212) 3193000;www.fruko.com.tr;fruko.com.tr;İİB-YAŞ MEYVE
ARMA GLOBAL DIŞ TİC.A.Ş;AYAZAĞA MAH.MİMAR SİNAN SOK.A BLOK NO:21A İÇ KAPI:38 ;İSTANBUL;SARIYER;(212) 9890010; https://www.armaglobaltrade.com ;armaglobaltrade.com;İİB-YAŞ MEYVE
ELMA-SU PUCCİNELLİ ELMATAŞ MEY.SEB.DEĞ.ÖZÜ VE SUL.SAN.VE TİC.A.Ş;VIŞNEZADE MAH.PROF.ALAEDDINYAVAŞÇA SK.MARMARA AP.NO:4 D.2;İSTANBUL;BEŞİKTAŞ;(212) 3270080;www.elmasu.com.tr;elmasu.com.tr;İİB-YAŞ MEYVE
GOLDEN TARIMSAL ÜRETİM PAZ AŞ;KOCATEPE MH YAĞ İSKELESİ CD C26 BLOK NO 35/49;İSTANBUL;BAYRAMPAŞA;(374) 2534545; www.goldentarimsal.com.tr ;goldentarimsal.com.tr;İİB-YAŞ MEYVE
ULUBAY SOĞUK DEPO İŞLETMECİLİĞİ VE TİCARET LTD. ŞTİ.;GAZİYAKUP BEY MAH. 1.ORDU CADDESİ NO:213;ÇANAKKALE;LAPSEKİ;(286) 5325029;www.ulubaytr.com;ulubaytr.com;İİB-YAŞ MEYVE
NUGA BANT BASKILI ÜRÜNLER SAN.VE TİC.A.Ş;ÇAVUŞOĞLU MAH. YAKACIK CAD. NO:130 ;İSTANBUL;KARTAL;(216) 3893040;www.nugabant.com;nugabant.com;İİB-YAŞ MEYVE
MEYVACILAR İTHALAT İHRACAT TİC VE SAN. LTD. ŞTİ.;ORTA MH. TORUNLAR CD.NO:40;ANTALYA;FİNİKE;(242) 8656383;www.meyvacilar.com;meyvacilar.com;İİB-YAŞ MEYVE
TAT GIDA SAN. A.Ş.;TAŞDELEN ÇAMLIK MH.SIRRI ÇELİK BLV. NO:7;İSTANBUL;ÇEKMEKÖY;(216) 4300000;www.tat.com.tr;tat.com.tr;İİB-YAŞ MEYVE
EKONET İÇ VE DIŞ TİC.LTD.ŞTİ.;BASINKÖY MAH. EMRE SOK. NO:4/6;İSTANBUL;BAKIRKÖY;(850) 8888356;www.ekonet.com.tr;ekonet.com.tr;İİB-YAŞ MEYVE
MERTEM DIŞ TİCARET MÜMESSİLLİK PAZARLAMA A. Ş.;DEĞİRMENYOLU CAD. ŞAKİRBEY SOK.TÜRK İŞ MERKEZİ NO:7 KAT: 4;İSTANBUL;ATAŞEHİR;(216) 5722096;www.mertem.com.tr;mertem.com.tr;İİB-YAŞ MEYVE
CHEVEL PRIVATE DIŞ TİCARET LİMİTED ŞİRKETİ;KARTALTEPE MAH.SÜVARİ CAD.NO:10/1 NO: 19;İSTANBUL;KÜÇÜKÇEKMECE;(212) 0000000;http://www.chevel.net;chevel.net;İİB-YAŞ MEYVE
MEY IÇKI SAN. VE TIC. A.Ş.;ABIDE-I HÜRRIYET CD. NO:211BOLKAN CENTER B-BLOK K:2;İSTANBUL;ŞİŞLİ;(212) 3734666;www.mey.com.tr;mey.com.tr;İİB-YAŞ MEYVE
HAZAR ARITIM PROJE VE İNŞ. TAAH. SAN. VE TİC. A.Ş.;TAKSIM CAD. NO:65 KAT:2/3;İSTANBUL;BEYOĞLU;02122568490;www.hazar.gen.tr;hazar.gen.tr;İİB-YAŞ MEYVE
SAĞLIKLI GIDA ÜRÜNL.SAN.VE TIC A.Ş.;CELALİYE MAH.BAĞLARBAŞI CAD.NO:55A;İSTANBUL;BÜYÜKÇEKMECE;(212) 8851845;www.sgu.com.tr;sgu.com.tr;İİB-YAŞ MEYVE
KUZUBAĞ TARIM SANAYİ VE TİCARET ANONİM ŞİRKETİ;AYAZAGA MAH. AZERBAYCAN CAD. 1B BLOK NO: 3 B IÇ KA KAPI NO: 46;İSTANBUL;SARIYER;(212) 4654895;http://www.kuzubag.com;kuzubag.com;İİB-YAŞ MEYVE
NOMAD TARIM A.Ş;EVLİYA ÇELEBİ MAH. MEŞRUTİYET CAD. NUMARA:64/2;İSTANBUL;BEYOĞLU;(212) 2444354;www.nomadtarim.com;nomadtarim.com;İİB-YAŞ MEYVE
LEMONERA GIDA SAN. VE TİC. LTD. ŞTİ.;İKİTELLİ OSB. MAH. ENKOOP CAD. ENKOOP SAN. SİT. 4B BLOK NO:4/B;İSTANBUL;BAŞAKŞEHİR;(212) 6413003;www.lemonera.com;lemonera.com;İİB-YAŞ MEYVE
SAYINLAR GIDA SAN.İTH. İHR. VE TİC.LTD.ŞTİ.;BÜYÜK ŞIRE PAZARI 5.BLK.NO:22;MALATYA;MERKEZ;(422) 3221410;www.sayinlargida.com;sayinlargida.com;İİB-YAŞ MEYVE
HAZER BABA GIDA SAN.IÇ VE DIŞ TIC. LTD.ŞTI.;KEMAL TÜRKLER MAH. SÜMER CAD.HANIMELİ SOK.NO:43;İSTANBUL;SANCAKTEPE;(216) 6222355;www.hazerbaba.com;hazerbaba.com;İİB-YAŞ MEYVE
YENER GIDA VE ENDÜSTRİYEL KİMYA SAN. VE TİC. A.Ş.;ATATURK C. N:43 A BL.K2/3-4;İSTANBUL;KADIKÖY;02163550950;www.yenergida.com;yenergida.com;İİB-YAŞ MEYVE
FRİGO-PAK GIDA MADDELERİ SAN. VE TİC.A.Ş.;FENERBAHÇE MAH.HACI MEHMET SOK NO:24 F     BLOK D:21-22;İSTANBUL;KADIKÖY;(216) 3024023;www.frigo-pak.com.tr;frigo-pak.com.tr;İİB-YAŞ MEYVE
AROMA BURSA MEYVE SULARI VE GIDA SANAYİ A.Ş.;ANKARA YOLU GURSU YOL KAVSAGIP.K.165;BURSA;GÜRSU;02243713939;www.aroma.com.tr;aroma.com.tr;İİB-YAŞ MEYVE
SELENDİ  TARIM ÜRÜNLERİ SANAYİ VE TİCARET ANONİM ŞİRKETİ;MORALLILAR KÖYÜ ÇAY MEVKİİ;MANISA;AKHİSAR;(236) 4146585;www.selendi.com.tr;selendi.com.tr;İİB-YAŞ MEYVE
BEKTAŞ ITH.IHR.VE DIŞ TICARET LTD. ŞTI.;NAMIK KEMAL MAH. ATATÜRK CAD. NO:88/3E;ÇANAKKALE;MERKEZ;(286) 2174767;www.bektasmushrooms.com;bektasmushrooms.com;İİB-YAŞ MEYVE
ZORBEY GRUP TARIM RÜNLERİ GIDA İÇ VE DIŞ TİCARET LİMİTED ŞİRKETİ;DUMLUPINAR MAH.YUMURTACI ABDİBEY CAD.B BLOK NO:4 B İÇ KAPI NO:72;İSTANBUL;KADIKÖY;(312) 2241145;http://zorbeytarimurunleri.@gmail.com;gmail.com;İİB-YAŞ MEYVE
FİDE KONSERVE GIDA SANAYİ ANONİM ŞİRKETİ;BÜYÜKDERE CD.NO:73 KAT:2 D:4;İSTANBUL;ŞİŞLİ;(212) 2883415;www.fide.com.tr;fide.com.tr;İİB-YAŞ MEYVE
DELUVIO GIDA VE DIŞ TİCARET LİMİTED ŞİRKETİ;KAZLIÇEŞME MAH.KENNEDY CAD.BÜYÜKYALI İSTANBUL SİT.K BLOK NO: 52K İÇ KAPI NO: 35;İSTANBUL;ZEYTİNBURNU;(212) 6035506; http://www.deluviogida.com/;deluviogida.com;İİB-YAŞ MEYVE
SMZ DIŞ TİC. LTD. ŞTİ. ;KEMALPAŞA MAH. VİDİNLİ TEFİKPAŞA CADDE NO: 13 A;İSTANBUL;FATİH;(212) 0000000;www.smzgrup.com.tr;smzgrup.com.tr;İİB-YAŞ MEYVE
RICH PRODUCTS GIDA SAN. VE TİC. LTD. ŞTİ.;KONAKLI SK. NO:30/A BEYAZ APT. D:534149;İSTANBUL;BAKIRKÖY;(212) 5738855;www.richs.com;richs.com;İİB-YAŞ MEYVE
ÇALIŞIR ET ÜRÜNLERİ SAN. VE DIŞ TİC. LTD. ŞTİ.; YAKUPLU MERKEZ MAH. MAREŞAL FEVZİ ÇAKMAK CD. NO 6 ;İSTANBUL;BEYLİKDÜZÜ;;www.calisiret.com;calisiret.com;İİB-YAŞ MEYVE
İKRAM GIDA ANONİM ŞİRKETİ;KOCATEPE MAH. YAĞ İSKELESİ CAD.C43 B1 NO:11/B;İSTANBUL;BAYRAMPAŞA;(212) 4371297;www.ikramzeytin.com.tr;ikramzeytin.com.tr;İİB-YAŞ MEYVE
PEYBA GIDA TARIM TUR. HAY. İNŞ. SAN. TİC. A.Ş;OSMAN YILMAZ MAH. 639 SOK NO:19 ;KOCAELI;GEBZE;(262) 6450875;www.peyba.com.tr;peyba.com.tr;İİB-YAŞ MEYVE
CKS LOJİSTİK VE GIDA A.Ş.;FATİH MH. TUNA CAD. NO:35-C;İSTANBUL;SANCAKTEPE;(216) 3945418;www.ckslojistik.com;ckslojistik.com;İİB-YAŞ MEYVE
GÜNKAR İNŞAAT GIDA TEKSTİL NAKLİYAT İTHALAT İHRACAT SANAYİ VE TİCARET LİMİTED ŞİRKETİ;AYDIN ORGANIZE SANAYI BOLGESI2.CAD.2/9 SOK. NO:19;AYDIN;AYDIN;(256) 2591023;www.eftelyaolives.com;eftelyaolives.com;İİB-YAŞ MEYVE
CANSU SU SAN. NAK. TİC. A.Ş.;SÖGÜTLÜ KÖYÜ SÖĞÜTLÜ MEVKİİ BAHAR SOK. CANSU SU APT. NO:9;DÜZCE;ÇİLİMLİ;(380) 6817545;www.asyasu.com.tr;asyasu.com.tr;İİB-YAŞ MEYVE
DESERT VESSEL TEKS. DIŞ TİC. SAN. LTD. ŞTİ.;BUYUKREŞİTPAŞA CAD. KURULTAY SOK NO:27-1LALELİ;İSTANBUL;FATİH;(212) 5222318;www.desert-vessel.com/tr;desert-vessel.com;İİB-YAŞ MEYVE
PAYROS GIDA İÇECEK ANONİM ŞİRKETİ;ESENTEPE MAH. YILDIZ POSTA CAD. NO: 21 İÇ KAPI :2;İSTANBUL;ŞİŞLİ;(850) 3777376;http://www.payros.com;payros.com;İİB-YAŞ MEYVE
BUSRA TARIM GIDA ÜRÜNLERİ AKARYAKIT İNŞAAT TURİZM VE PLASTİK SANAYİ VE TİCARET LİMİTED ŞİRKETİ;TEPECİK MAHALLESİ KUŞADASIYOLU ÜZERİ NO:34;İZMİR;SEFERİHİSAR;(232) 7433434;www.busratarim.com.tr;busratarim.com.tr;İİB-YAŞ MEYVE
TAMEK SAGRA GRUP GIDA ÜRETİM A.Ş.;CEVİZLİ MAH. TUGAY YOLU CAD. OYAK DRAGOS SİTESİ C BLOK NO: 10C İÇ KAPI NO: 72;İSTANBUL;MALTEPE;(216) 2551535;http://www.tamek.com.tr;tamek.com.tr;İİB-YAŞ MEYVE
SEMAA LÜKS GIDA TARIM ÜRÜNLERİ SANAYİ VE TİCARET LTD.ŞTİ;KEMALPAŞA MAH.18 SEKBANLAR SK. SEKBAN AP.BLOKNO:16/6;İSTANBUL;FATİH;(326) 6132560;http://www.semagroups.com;semagroups.com;İİB-YAŞ MEYVE
ASKALE İÇECEK ÜRETİM PAZARLAMA A.Ş;SANAYİ ASKALE PLAZA NO:1A  YAKUPLU ;İSTANBUL;BEYLİKDÜZÜ;(212) 4225960;www.askale.com.tr;askale.com.tr;İİB-YAŞ MEYVE
ALPAK GIDA BAHARAT VE AMB. SAN. TİC. LTD ŞTİ;ADNAN KAHVECİ MAH. DAVUTPAŞA CAD. NO:23 İÇ KAPI NO:1 :Ç2/A;İSTANBUL;BEYLİKDÜZÜ;(212) 6594763;https://alpak.com.tr/;alpak.com.tr;İİB-YAŞ MEYVE
AGRİNATURA GIDA ÜRETİM SAN.VE TİC.A.Ş.;MERKEZ MAHALLESİ ÇAVUŞBAŞI CADDESİ ITRİ SOKAK NO: 2/A  ;İSTANBUL;ÇEKMEKÖY;(850) 3053355;www.agrinatura.com.tr;agrinatura.com.tr;İİB-YAŞ MEYVE
TAB GIDA SANAYİ VE TICARET ANONİM ŞİRKETİ;DİKİLİTAŞ MAH.EMİRHAN CAD.NO:109 K:2-3 ATAKULE ;İSTANBUL;BEŞİKTAŞ;(212) 3106600;www.tabgida.com.tr;tabgida.com.tr;İİB-YAŞ MEYVE
ARMADA TARIM SANAYI VE TICARET ANONIM SIRKETI;FULYA MAH UYGAR SOK. 16/15 ŞİŞLİ;İSTANBUL;ŞİŞLİ;(212) 2029916;www.armadagrup.com;armadagrup.com;İİB-YAŞ MEYVE
GENSA KIMYA SANAYI VE TICARET ANONİM ŞİRKETİ;KÖŞKLÜÇEŞME MAH.532.SOK.NO:17;KOCAELI;GEBZE;(262) 6423278;www.gensa.com.tr;gensa.com.tr;İİB-YAŞ MEYVE
İSAPUR PLASTİK VE AMB. SAN. DIŞ TİC. LTD. ŞTİ.;D.O.S.B. 2. KISIM D-2034 SK. NO:14 ;KOCAELI;DİLOVASI;(262) 7542269;www.isapur.com;isapur.com;İİB-YAŞ MEYVE
GÜLOR ŞARAPÇILIK TURİZM SAN.VE TİC.A.Ş;OTO SANAYİ SİT.ÇAMLIK YOLU BİRLAS BİNASI NO:2 K:3 4.LEVENT;İSTANBUL;BEŞİKTAŞ;(212) 3245099;gulorwine.com;gulorwine.com;İİB-YAŞ MEYVE
DEREN AMBALAJ SANAYİ VE TİCARET A.Ş.;MIMAR SINAN MAH. ŞEKER PINARCAD. NO:27;İSTANBUL;TUZLA;(216) 4235555;www.deren.com.tr;deren.com.tr;İİB-YAŞ MEYVE
ÖZFEN MAKİNA SANAYİ VE DIŞ TİCARET A.Ş.;KİRAZLIK MH.NO:43 ATATÜRK BLV.;SAMSUN;TEKKEKÖY;(362) 2669160;www.ozfen.com;ozfen.com;İİB-YAŞ MEYVE
ABAATE DIŞ TİCARET DENİZCİLİK VE LOJİSTİK LİMİTED ŞİRKETİ;KEMALPAŞA MAH. ŞAHABETTIN BILGISU CAD. BİL YIL APTNO: 133 İÇ KAPI NO: 6 ;KOCAELI;İZMİT;(262) 3323949;http://www.abaate.com.tr;abaate.com.tr;İİB-YAŞ MEYVE
GLOBALTRADE DIŞ TİCARET VE LOJİSTİK LİMİTED ŞİRKETİ;TAHTAKALE MAH. FIRAT 1 CAD. BAHÇE CITY SİTESİ A BLOK NO: 4/2 İÇ KAPI NO: 69;İSTANBUL;AVCILAR;(212) 5320050;https://globallogistics.com.tr/;globallogistics.com.tr;İİB-YAŞ MEYVE
MSI MEDİKAL GIDA TİCARET LTD. ŞTİ;H.RIFAT PAŞA MAH.PERPA TİC.MERK.A BLOK NO:K5/405;İSTANBUL;ŞİŞLİ;(212) 4373190;www.msi.com.tr;msi.com.tr;İİB-YAŞ MEYVE
BÜYÜK ÇAMLICA FİDANCILIK SERACILIK İNŞAAT SAN. TİC. LTD. ŞTİ.;KISIKLI ALEMDAĞ CD.NO.73/1;İSTANBUL;ÜSKÜDAR;(216) 3283122;www.bcf.com.tr;bcf.com.tr;İİB-YAŞ MEYVE
HCC İSTANBUL DIŞ TİC.A.Ş;YEŞİLKÖY MAH.ATATÜRK CAD.EGS BUSİNESS    PARK BLOK. NO:12/451;İSTANBUL;BAKIRKÖY;(212) 4650305;www.hccistanbul.com.tr;hccistanbul.com.tr;İİB-YAŞ MEYVE
URGANCI GIDA TURİZM İNŞAAT SAN. VE DIŞ TİC. LTD. ŞTİ.;BAŞAKŞEHİR İKİTELLİ OSB MAH.ÇORAPÇILAR C BLOK  SOK: 17-18 ;İSTANBUL;BAŞAKŞEHİR;(212) 4858090;www.urganci.com.tr;urganci.com.tr;İİB-YAŞ MEYVE
URLA ŞARAPÇILIK GIDA TURİZM TARIM SAN.VE TİC. A.Ş.;8028 SOK. NO:12 KUŞÇULAR KÖYÜ;İZMİR;URLA;(232) 7590111;www.urlasarapcilik.com.tr;urlasarapcilik.com.tr;İİB-YAŞ MEYVE
SEVİLEN ŞARAP SANAYİİ A.Ş.;AKÇAY CAD.NO:239;İZMİR;GAZİEMİR;(232) 2512917;www.sevilengroup.com;sevilengroup.com;İİB-YAŞ MEYVE
CAN TEKS. ENTEGRE TESİS. VE TARIM ÜRN. SAN. TİC. AŞ;KODAMAN SOK.NO.57;İSTANBUL; ;(212) 2332525;www.cantekstil.com.tr;cantekstil.com.tr;İİB-YAŞ MEYVE
YASMİN FOOD GIDA İTHALAT İHRACAT SANAYİ TİCARET LİMİTED ŞİRKETİ;FERHATPAŞA MAH.AKDAL SK.NO:11A;İSTANBUL;ATAŞEHİR;(216) 3870144;http://muhasebe@arminpack.com;arminpack.com;İİB-YAŞ MEYVE
SMG TEKS. GIDA İNŞ. SAN. VE TİC. LTD. ŞTİ.;SANAYİ CAD. NO:44 NİSH İSTANBUL REZİDENCE B BLOK K:7 D:84;İSTANBUL;BAHÇELİEVLER;(212) 6303463;www.smggida.com;smggida.com;İİB-YAŞ MEYVE
AEP ANADOLU ETAP PENKON GI.TAR.ÜRN.SAN.TİC.A.Ş.;FATİH SULTAN MEHMET MH.BALKAN CD.NO:58 BUYAKA E BLK.K:4 TEPEÜSTÜ;İSTANBUL;ÜMRANİYE;(216) 5770020;www.anadoluetap.com;anadoluetap.com;İİB-YAŞ MEYVE
MTG GRUP DIŞ TİCARET A.Ş.;19 MAYIS MAH.DR.HÜSNÜ İSMET ÖZTÜRK SK  ELİDE RESIDENCE 3/3 .;İSTANBUL;ŞİŞLİ;;https://www.mtggroups.com;mtggroups.com;İİB-YAŞ MEYVE
ENGİN TARIM MEYVECİLİK GIDA SAN.TİC.A.Ş.;BURHANİYE MAH. ABDULLAHAĞA CAD. ÇULHA İŞ MERK.NO:  KAT.3;İSTANBUL;ÜSKÜDAR;(216) 3184018;www.engintarim.com.tr;engintarim.com.tr;İİB-YAŞ MEYVE
DELTA İNŞAAT MALZ.GIDA TEKSTİL OTOM.TUR.SAN.VE DIŞ TİC.LTD.ŞTİ.;ORUÇ REİS MAHALLESİ VADİ CADDESİ GİYİMKENT SİTESİ NO:170/117;İSTANBUL;ESENLER;(212) 5882551;www.ıstanbulfoodsgroup.com;xn--stanbulfoodsgroup-bvc.com;İİB-YAŞ MEYVE
EREKS IHR. ITH. VE TIC. A.Ş.;BAĞDAT CAD. KÜÇÜAĞA SK. IFFETAPT. NO:2/1 D:3.ŞAŞKINBAKKAL MEVKİİ;İSTANBUL;KADIKÖY;(216) 3639500;www.ereks.com.tr;ereks.com.tr;İİB-YAŞ MEYVE
OHBE GIDA VE İÇECEK MAMÜLLERİ SANAYİ VE TİCARET ANONİM ŞİRKETİ;AHİ EVREN CAD.ATA CENTER İŞ MRK.NO:1 KAT:1 MASLAK;İSTANBUL;SARIYER;(212) 3280902;www.ohbeic.com;ohbeic.com;İİB-YAŞ MEYVE
EFEPORT LOJİSTİK KARGO TAŞIMA GIDA İTHALAT İHRACAT LİMİTED ŞİRKETİ;HALKALI MERKEZ MAH. BASIN EKSPRES CAD. CAPİTAL TOWER NO: 9 İÇ KAPI NO: 36;İSTANBUL;KÜÇÜKÇEKMECE;(212) 9098897;http://www.efeenterprise.com;efeenterprise.com;İİB-YAŞ MEYVE
FRİTO LAY GIDA SAN.VE TİC.A.Ş;NORA CENTER K.4/5/6/7  USKUDARCAD.CAYIRYOLU SOK.;İSTANBUL;KADIKÖY;02165741505;www.fritolay.com.tr;fritolay.com.tr;İİB-YAŞ MEYVE
UCUZCULAR GIDA MADDELERI SAN. VE TIC.A.Ş.;MISIR ÇARŞISI IÇI   NO:51;İSTANBUL;FATİH;(212) 5206492;www.ucuzcular.com.tr;ucuzcular.com.tr;İİB-YAŞ MEYVE
SANPA GIDA SAN.VE TIC.A.Ş.;ATATÜRK MAH  ATATÜRK CAD.NO:18;İSTANBUL;ESENYURT;(212) 6897100;www.sanpagida.com.tr;sanpagida.com.tr;İİB-YAŞ MEYVE
BUNZEN KİMYA SANAYİ VE TİC. LTD.ŞTİ;İNÖNÜ MAH. GEBZE GÜZELLER OSB MAH. KAZIM KARABEKİR SOK. NO:4/8;KOCAELI;GEBZE;(262) 5026811;http://www.bunzenkimya.com.tr;bunzenkimya.com.tr;İİB-YAŞ MEYVE
TARIM KREDİ TOHUMCULUK ANONİM ŞİRKETİ;KAZAKİSTAN CD.(4.CD.) NO.136/5EMEK;ANKARA;ÇANKAYA;(312) 2158005;www.tareks.com.tr;tareks.com.tr;İİB-YAŞ MEYVE
KEYFTİME GIDA A.Ş;İSTANBUL MAH. DUMANSIZ 11 SOK NO:8/2;TEKIRDAĞ;SÜLEYMANPAŞA;(282) 0000000;http://.keyfitime.com/;.keyfitime.com;İİB-YAŞ MEYVE
GÜZELPINAR KAYNAK SUYU SAN.TIC LTD.ŞTI.;CEBECİ MAH. 2605 SOK. NO:28/D NO:27:/A;İSTANBUL;SULTANGAZİ;(212) 5942401;www.guzelpinar.com;guzelpinar.com;İİB-YAŞ MEYVE
ALİ-CAN HALICILIK TURZ. TEKS. HED. EŞ. VE DERİ TİC. SAN. LTD. ŞTİ.;ORTA KAZAZLAR C.NO.22;İSTANBUL;FATİH;02125289973;www.pillowsstore.com;pillowsstore.com;İİB-YAŞ MEYVE
AVRASYA LİNE TEKSTİL MAK. GIDA İÇ VE DIŞ TİC. LTD. ŞTİ. ;KEMALPAŞA MAH.GENÇTÜRK CAD. NO.38 ;İSTANBUL;FATİH;(212) 5349119;www.mayagroup.com.tr;mayagroup.com.tr;İİB-YAŞ MEYVE
ZEN İNOVATİF GIDALAR KİMYA VE KOZMETİK SAN.TİC.LTD.ŞTİ.;KARADENİZLİLER MAH. KÖKLÜ SOK. NO:11/1;KOCAELI;BAŞİSKELE;(262) 0000000;https://zendrinks.com.tr;zendrinks.com.tr;İİB-YAŞ MEYVE
AYMİRA BİLİŞİM DIŞ TİCARET LİMİTED ŞİRKETİ;ORUÇREİS MAH.T.KENT CAD.T.KENT SİT.ARABLK.APT.NO.10 AC/103;İSTANBUL;FATİH;(212) 5200202;https://www.bilisimline.com/index.html;bilisimline.com;İİB-YAŞ MEYVE
APEX YAŞ MEYVE SEBZE LOJİSTİK İTHALATİHRACAT SANAYİ VE TİCARET LİMİTED ŞİRKETİ;MEŞRUTİYET MAH. ŞEHİT İSMET ARMAGAN SOK. ELITE APT NO:43 İÇ KAPI NO:1;İSTANBUL;ŞİŞLİ;(212) 0000000;www.apexfruitgetable.com;apexfruitgetable.com;İİB-YAŞ MEYVE
URSA SANAYİ HAMMADDELERİ LTD.ŞTİ;AYAZMA CD.ALIYE MERIC KONAK ISMER.NO:3 D:14 D.TAS BESIKTAS;İSTANBUL; ;2885563;www.ur-sa.com.tr;ur-sa.com.tr;İİB-YAŞ MEYVE
C.P.STANDART GIDA SAN.VE TIC. A.Ş.;DİKİLİTAŞ MAH.BÜYÜKDERE CAD.AKINCI BAYIRI SOKAK NO:6;İSTANBUL;ŞİŞLİ;(212) 2748536;www.cpturkiye.com;cpturkiye.com;İİB-YAŞ MEYVE
KIZILAY KAYNAK SULARI SANAYI VE TICARET ANONIM SIRKETI;EMNIYET EVLERI MAH. GÜVERCIN SK. NO: 3 IÇ KAPI NO: 5NO:127 ;İSTANBUL;KAĞITHANE;(216) 3677150;www.asassu.com;asassu.com;İİB-YAŞ MEYVE
AYFİRA İNŞAAT DIŞ TİCARET ANONİM ŞİRKETİ;KÜÇÜKBAKKALKÖY MAHALLESİ YENİDOĞAN CADDESİ HAZAR SOKAKNUMARA:4;İSTANBUL;ATAŞEHİR;(216) 5755656;www.ayfira.com.tr;ayfira.com.tr;İİB-YAŞ MEYVE
DOLUCA BAĞCILIK VE ŞARAPÇILIK A.Ş;KEMANKEŞ CAD. NO:81 K:3-434425;İSTANBUL;KÜÇÜKÇEKMECE;(212) 2134000;www.doluca.com;doluca.com;İİB-YAŞ MEYVE
SYLVAN TARIM ÜR.SAN.VE TIC.LTD ŞTI.;ÖMERAĞA MH. ALEMDAR CD. ISMAILKOLAYLI APT. NO:14/4;KOCAELI;İZMİT;(262) 3210675;www.sylvaninc.com;sylvaninc.com;İİB-YAŞ MEYVE
PEKMEZ DÜNYASI GIDA PAZARLAMA SAN.VE DIŞ TİC.LTD.ŞTİ;CUMHURİYET MAH. SEZA SOK NO:7/4;İSTANBUL;KARTAL;(216) 3090469;www.pekmezdunyasi.com;pekmezdunyasi.com;İİB-YAŞ MEYVE
MUSTAFA YILMAZ - VİTUP NATURAL TARIMSAL VE HAYVANSAL İÇECEK ÜRÜNLERİ ÜRETİM PAZARLAMA;GÜVERCİNTEPE MAH. GÜL SK. NO: 29 -31A ;İSTANBUL;BAŞAKŞEHİR;(212) 0000000;www.vitup.com.tr;vitup.com.tr;İİB-YAŞ MEYVE
PAŞAELİ BAĞCILIK VE ŞARAPÇILIK A.Ş.;ATATÜRK MAH. ANKARA CAD. NO:47/2 ;İZMİR;KEMALPAŞA;(232) 4462300;www.pasaeli.com;pasaeli.com;İİB-YAŞ MEYVE
AGROWELL GIDA SAN. VE TİC. A.Ş.;ZAFER MH ADİLE NAŞİT BULVARI ARIS GRAND TOWERS NO 30-32 R;İSTANBUL;ESENYURT;(212) 9450615;www.agrowell.com.tr;agrowell.com.tr;İİB-YAŞ MEYVE
AMİRAL HALI SAN.VE TİC. AŞ;MAHMUTBEY MAH.SOĞUKSU CAD. TRADE TOWER SİTESİ NO:16 İÇ KAPI:21;İSTANBUL;BAĞCILAR;(212) 8909123;www.amiralhali.com;amiralhali.com;İİB-YAŞ MEYVE
HISAR DOĞAL KAYNAK SU VE GER. PAZL. SAN. VE DIŞ TIC. A.Ş.;MİMARSİNAN MAH.KARANLIK KEMER MEVKİİ HİSAR SK. P.K. 49 KEMERBURGAZOK NO:100-102 PK.49 ;İSTANBUL;EYÜP;(212) 3603141;www.hisarkaynak.com.tr;hisarkaynak.com.tr;İİB-YAŞ MEYVE
ARI DAMLASI DOĞAL ÜRÜNLER SANAYİ VE TİCARET LİMİTED ŞİRKETİ;IKITELLI OSB FATİH 6A BLOK NO 1;İSTANBUL;BAŞAKŞEHİR;(212) 4855080;www.aridamlasi.com;aridamlasi.com;İİB-YAŞ MEYVE
2BE SATINALMA HİZMETLERİ DANIŞ.VE DIŞ.TİC.AŞ.;CUMHURİYET MAH. CUMHURİYET CAD. BEY CENTER PLAZA K:10 NO:74;İSTANBUL;ESENYURT;(212) 8522421;www.2be.com.tr;2be.com.tr;İİB-YAŞ MEYVE
DALAYMAN LOJİSTİK ULUSLARARASI NAKLİYAT İTHALAT İHRACAT DANIŞMANLIK LTD. ŞTİ.;YAKUPLU MAH. GEÇİT SOK. SİTESİ NO. 17 İÇ KAPI NO: 5;İSTANBUL;BEYLİKDÜZÜ;;www.dalayman.com;dalayman.com;İİB-YAŞ MEYVE
BESU GIDA SAN. VE TİC. LTD.ŞTİ;YENİŞEHİR MAHALLESİ SÜMBÜL SOK. - SİTESİA BLOK NO:61İÇ KAPI NO:14;İSTANBUL;PENDİK;(216) 0000000;www.besugida.com;besugida.com;İİB-YAŞ MEYVE
HERBY GIDA SAN PAZ VE TİC AŞ;ACIBADEM MH ÇEÇEN SK AKASYA EVLERİA BLOK NO 25/A63;İSTANBUL;ÜSKÜDAR;(212) 5227316;www.herby.com.tr;herby.com.tr;İİB-YAŞ MEYVE
ANC GROUP GIDA İMALAT SANAYİ VE DIŞ TİCARET LİMİTED ŞİRKETİ;KOZA MAH. 1638 SOK AÇELYA SİTESİ B BLOK D:41;İSTANBUL;ESENYURT;(212) 8926697;www.ancgroup.com;ancgroup.com;İİB-YAŞ MEYVE
SLPLUS GAYRİMENKUL YATIRIM A.Ş.;MOLLA FENARİ MAH. ALİBABA TÜRBE SOK.NO:24/104 ;İSTANBUL;FATİH;(212) 2152512;www.slplusgroup.com;slplusgroup.com;İİB-YAŞ MEYVE
BORİST GIDA SAN VE TİC.LTD.ŞTİ.;K.BAKKALKÖY MAH. DEFNE SOK.FLORA NO:1 İÇ KAPI  NO:231;İSTANBUL;ATAŞEHİR;;www.borist.com.tr ;borist.com.tr;İİB-YAŞ MEYVE
KONFRUT AG TARIM ANONİM ŞİRKETİ;CEVİZLİ MAHALLESİ ZUHAL CADDESİ RİTİM İSTANBUL SİTA3 BLOK APT. NO.46C/182;İSTANBUL;MALTEPE;(216) 5456868;http://www.konfrutag.com.tr;konfrutag.com.tr;İİB-YAŞ MEYVE
BATA TARIM VE GIDA ÜRÜNLERİ TURİZM PAZARLAMA SANAYİ VE TİCARET ANONİM ŞİRKETİ;MÜEYYETZADE MAH. NECATİBEY CAD. GAYRET HAN NO:53İÇ KAPI NO:401;İSTANBUL;BEYOĞLU;(212) 2430844;http://www.safitad.com;safitad.com;İİB-YAŞ MEYVE
MUTİ GIDA SANAYİ PAZARLAMA VE TİCARET A.Ş.;ULUS MAH.İSMETPAŞA CAD.KURT 1 SOK. NO:4;İSTANBUL;BÜYÜKÇEKMECE;(212) 8614530;www.mutigida.com;mutigida.com;İİB-YAŞ MEYVE
TURKUAZ GÖZETİM BELGELENDİRME VE EĞİTİM HİZM.TİC.LTD.ŞTİ;TUNA MAH. OSMAN GAZİ CAD. 24 / 2;İSTANBUL;ESENLER;(850) 2551887;saim.tasdemir@ks01.kep.tr;ks01.kep.tr;İİB-YAŞ MEYVE
ÖZTÜRK İÇECEK GIDA PAZARLAMA SAN.TİC.LTD.ŞTİ.;KOCATEPE MAHALLESİ GÜMRÜK İSKELESİ CADDESİMEGA CENTER SİT A BLOK APT NO 89/560 ;İSTANBUL;BAYRAMPAŞA;(216) 5724342;http://www.ozturkicecek.com;ozturkicecek.com;İİB-YAŞ MEYVE
DEMKO DEMİRCİ KONSERVECİLİK A.Ş.;BÜYÜKDERE CAD.MEYDAN SK.PLAZASPRING K.12;İSTANBUL;SARIYER;(212) 2118767;www.demko.com.tr;demko.com.tr;İİB-YAŞ MEYVE
KOCABAĞ BAĞCILIK VE ŞARAPÇILIK LTD. ŞTI.;ATATÜRK BULVARI GÜREME YOLUNO:69 UÇHISAR KASABASI;NEVŞEHIR;NEVŞEHİR;(384) 2192979;www.kocabag.com;kocabag.com;İİB-YAŞ MEYVE
TİMO DEKORASYON AYDINLATMA İNŞAAT VE DIŞ TİCARET LİMİTED ŞİRKETİ;NURTEPE MH DİYAR SK NO:1-C;İSTANBUL;KAĞITHANE;(212) 3954258;www.timodekarasyon.com;timodekarasyon.com;İİB-YAŞ MEYVE
SEÇ SALÇA KONS.SAN.VE TİC.LTD. ŞTİ.;RAMİ KURU GIDA SİT. ST BLOK NO 7RAMİ-EYÜP;İSTANBUL;EYÜP;(212) 6141802;www.secsalca.com.tr;secsalca.com.tr;İİB-YAŞ MEYVE
ARAS TOPLU TÜKETİM GIDA SANAYİ TİCARET LİMİTED ŞİRKETİ;ŞAHİNTEPE MAH. LALEZAR SK. IGTOT ÇARŞI 5A BLOKNO:4 Z 13;İSTANBUL;BAŞAKŞEHİR;(212) 5724342;http://www.arasgıda.com;xn--arasgda-vfb.com;İİB-YAŞ MEYVE
VARS GIDA TEMİZLİK VE PAZARLAMA LTD. ŞTİ.;YANIK MAH. YANIK ORTA SK. KÖY KONAGI NO: 19;SAKARYA;SAPANCA;(264) 0000000;https://varsfoods.com/;varsfoods.com;İİB-YAŞ MEYVE
MERİSA GIDA SANAYİ TİCARET ANONİM ŞİRKETİ;ÖMERAĞA MAH. İSTİKLAL CAD. GAKKO İŞ HANI SİTESİ NO85/48;KOCAELI;İZMİT;(262) 0000000;http://info@merisagida.com;merisagida.com;İİB-YAŞ MEYVE
EKİN KOCADAĞ ZEYTİN VE GIDA SANAYİ TİCARET LİMİTED ŞİRKETİ;PETROL İŞ MAH.BATMAN SOK.NO:19 İÇ KAPI NO:5;İSTANBUL;KARTAL;;www.ekinkocadag.com;ekinkocadag.com;İİB-YAŞ MEYVE
FETTAHOĞLU MEŞRUBAT VE GIDA SAN.VE TIC.LTD.ŞTI.;EYÜP SULTAN MAH. SEKMEN CAD.NO:20;İSTANBUL;SANCAKTEPE;(216) 3119660;www.gozemeyvesuyu.com;gozemeyvesuyu.com;İİB-YAŞ MEYVE
VARİOLİNE İSTANBUL DIŞ TİC.A.Ş;ÇAYIR CAD.ÖZCE CENTER NO:3/7;İSTANBUL;ATAŞEHİR;(216) 5728282;www.varioline.com.tr;varioline.com.tr;İİB-YAŞ MEYVE
NATUR YAŞ SEBZE MEYVE TİC. İTH. VE İHR. A.Ş.;DUMLUPINAR MAH.PELİN SK. B BLOK NO: !8;İSTANBUL;KADIKÖY;(216) 0000000;http://www.natur.net.tr;natur.net.tr;İİB-YAŞ MEYVE
ARTWAY LOJİSTİK HİZM. VE DIŞ TİC LTD ŞTİ;ATAKENT MH 221 SK ROTA OFFICE A BLOK NO 3/A 17;İSTANBUL;KÜÇÜKÇEKMECE;(850) 3052555;www.artway.com.tr ;artway.com.tr;İİB-YAŞ MEYVE
EFOR YATIRIM SANAYİ TİCARET ANONİM ŞİRKETİ;İÇERENKÖY MAH. DESTAN SOK. EFOR PLAZA NO:6İÇ KAPI:11;İSTANBUL;ATAŞEHİR;(216) 5926053;www.akpascay.com.tr;akpascay.com.tr;İİB-YAŞ MEYVE
ALTINPINAR KAYNAK SUYU İŞLETMESİ İMALAT SANAYİ VE TİCARET LİMİTED ŞİRKETİ;GÜMÜŞPINAR MAH.BOZYİĞİT SOK. NO:19;İSTANBUL;ÇATALCA;(212) 2213311;http://www.altinpinar.com.tr;altinpinar.com.tr;İİB-YAŞ MEYVE
ARCADİA VİNEYARDS TURİZM TARIM ÜRÜNLERİ VE TİC.LTD.ŞTİ;HAMITABAT KÖYÜ NO:353/B;KIRKLARELI;LÜLEBURGAZ;(216) 3459322;www.arcadiavineyards.com;arcadiavineyards.com;İİB-YAŞ MEYVE
ROYALMAX İÇECEK SANAYİ VE TİCARET ANONİM ŞİRKETİ;GÜNES MAH. KOCAMAN CAD. NO: 32;KIRKLARELI;LÜLEBURGAZ;(212) 8064776; www.royalmaxicecek.com ;royalmaxicecek.com;İİB-YAŞ MEYVE
ÇEKOK GIDA SANAYİ TİCARET ANONİM ŞİRKETİ;ÇEŞMELİ BELDESİ FATİH MAH. MERSİN CAD. 295/A -297 -A;MERSIN;ERDEMLİ;(324) 5442725;www.cekok.com.tr;cekok.com.tr;İİB-YAŞ MEYVE
FERPA ENERJİ VE  GIDA SAN.IHR.ITH.LTD.ŞTI;BAKIR VE PIRINÇ SANAYI  SIT.SARDUNYA CD. N:2;İSTANBUL;BEYLİKDÜZÜ;(212) 8753173;www.ferpagida.com;ferpagida.com;İİB-YAŞ MEYVE
LİOLİ GROUP İÇ VE DIŞ TİCARET ANONİM ŞİRKETİ;KÜÇÜK ÇAMLICA MAH. YANIK SK. NO: 2 ;İSTANBUL;ÜSKÜDAR;(216) 5190007;https://lioligroup.com/;lioligroup.com;İİB-YAŞ MEYVE
PALM ASİA GIDA ANONİM ŞİRKETİ;CAFERAĞA MAH. GENERAL ASIM GÜNDÜZ CAD. NO: 62  İÇ KAPI NO: 5;İSTANBUL;KADIKÖY;(216) 0000000;http://www.palmasia.co;palmasia.co;İİB-YAŞ MEYVE
ÇETİNKAYA İLAÇ SAN.TİC.A.Ş.;BOLU ORGANİZE SANAYİ BÖLGESİ NO:120/10SUSUZKINIK KÖYÜ;BOLU;MERKEZ;(374) 2439585;www.cetinkayailac.com.tr;cetinkayailac.com.tr;İİB-YAŞ MEYVE
EFLAKİ TARIM ORGANİK GIDA ÜRÜNLERİ AKARYAKIT NAKLİYE İNŞAAT TURİZM VE PLASTİK SANAYİ VE TİC.LTD.ŞTİ.;TEPECİK MAH.KUŞADASI CAD.NO:77/A;İZMİR;SEFERİHİSAR;(232) 7433434;ww.eflakitarim.com;ww.eflakitarim.com;İİB-YAŞ MEYVE
MARTAŞ MARMARA GIDA SAN. IMAL. IHR. TIC. A.Ş.;İSTİKLAL CAD. CEBİRHAN K:2 NO:20/30;KOCAELI;KANDIRA;(262) 3222256;www.martasas.com;martasas.com;İİB-YAŞ MEYVE
NAMLI ZEYTİNLERİ TİC. VE SAN. LTD. ŞTİ.;UMURBEY MAH.YALOVA YOLU CD.NO:20/A;BURSA;GEMLİK;(224) 0000000;www.namlizeytinleri.com;namlizeytinleri.com;İİB-YAŞ MEYVE
OKTRANS ULAŞIM VE LOJİSTİK DIŞ TİC. A.Ş.;SUADİYE MAH. AYŞE ÇAVUŞ CAD. ÖZLER APT. NO:22 D:6;İSTANBUL;KADIKÖY;(216) 3846090;www.oktrans.com.tr;oktrans.com.tr;İİB-YAŞ MEYVE
REDBULL GIDA DAĞ.VE PAZ.TIC. LTD.ŞTI.;ÜNALAN MAH.LİBADİYE CAD.EMAAR SQUARE SİT.F BLOK APT  NO:82 F/20;İSTANBUL;ÜSKÜDAR;(216) 6331600;www.redbull.com.tr;redbull.com.tr;İİB-YAŞ MEYVE
M Y GRUP BİLİŞİM VE DANIŞMANLIK HİZMETLERİ TİC. LTD.ŞTİ.;BARBAROS MAH YAVUZ SELİM CAD BAYRAM SK BARÇAĞ PLAZA N:1/A;İSTANBUL;ATAŞEHİR;(216) 5534453;www.mygruplimited.com;mygruplimited.com;İİB-YAŞ MEYVE
OFFER İÇECEK VE GIDA PAZARLAMA  ANONİM ŞİRKETİ;İÇERENKÖY MAHALLESİ DESTAN SOKAK EFOR PLAZA NO: 6 İÇ KAPI NO: 13;İSTANBUL;ATAŞEHİR;(216) 2520746;http://www.eforcay.com;eforcay.com;İİB-YAŞ MEYVE
İKBAL GIDA VE İHTİYAÇ MAD.İML. SAN.İÇ VE DIŞ TİC.A.Ş.;ORG.SAN.BÖL.1.CAD.1.SOK.NO:19;AFYON;AFYONKARAHİSAR;(272) 2211666;www.ikbal.com;ikbal.com;İİB-YAŞ MEYVE
MURAT ALPEREN-W VİP ULUSLAR ARASI TİC.ORG.E-TİCARET;BAĞLARBAŞI MAH. BEŞEVLER SOKAĞI NO:6/1 YALI 34844;İSTANBUL;MALTEPE;(216) 0000000;www.wvip.org;wvip.org;İİB-YAŞ MEYVE
3M GLOBAL LOJ. İÇ VE DIŞ TİC. LTD. ŞTİ.;YAKUPLU MAH. YAKUPLU CAD. NO:6/36;İSTANBUL;BEYLİKDÜZÜ;(212) 0000000;http://www.3mgloballojistik.com;3mgloballojistik.com;İİB-YAŞ MEYVE
NORA FINE FOODS GIDA ÜRETIM INSAAT ITHALAT IHRACAT VE SANAYI TICARET LIMITED SIRKETI;KARDEŞLER SOK. NO:26/A SEDA APT.16/2;İSTANBUL;ŞİŞLİ;(212) 2812241;www.norafoods.net;norafoods.net;İİB-YAŞ MEYVE
MEGA UZMAN DIŞ TİCARET VE DANIŞMANLIK HİZMETLERİ SAN. TİC. LTD. ŞTİ.;CENNET MAH. ZİYA GÖKALP CAD. NO:51/B;İSTANBUL;KÜÇÜKÇEKMECE;(212) 0000000;http://megauzman.com/;megauzman.com;İİB-YAŞ MEYVE
LAZERİST MARKALAMA KAYNAK SAN.VE TİC.LTD.ŞTİ;İKİTELLİ ESKOOP SN SİT.C3 BLK.NO:85-87 ;İSTANBUL;BAŞAKŞEHİR;(212) 5493264;www.lazerist.com;lazerist.com;İİB-YAŞ MEYVE
PUMA YÖNETİM VE DANIŞMANLIK İTHALAT İHRACAT LTD.ŞTİ;VEKO GİZ PLAZA MEYDAN SOK.NO:3/48 K:14 ODA:1409;İSTANBUL;ŞİŞLİ;(212) 7059506;www.wifag-polytype.com;wifag-polytype.com;İİB-YAŞ MEYVE
BALABAN BOZA GIDA SAN.TİC.LTD.ŞTİ;KOCASİNAN MAH. SANAYİ 7.SOK NO:11;KIRKLARELI;LÜLEBURGAZ;(288) 4133083;www.balaban.com.tr;balaban.com.tr;İİB-YAŞ MEYVE
MONDES GLOBAL DANIŞMANLIK VE EĞİTİM HİZMETLERİ LİMİTED ŞİRKETİ;IZZET PASA MAHALLESI YENI YOL CAD. NUROL TOWER APTNO: 3/336 ;İSTANBUL;ŞİŞLİ;(212) 9700624;https://www.mondesglobal.com/;mondesglobal.com;İİB-YAŞ MEYVE
DURU GRUP GIDA SANAYI DIS TICARET LIMITED SIRKETI;YARIMBURGAZ MAH 7.YILDIRIM SOKAK NO 32 A;İSTANBUL;KÜÇÜKÇEKMECE;(212) 6307050;http://www.kumpirbox.com;kumpirbox.com;İİB-YAŞ MEYVE
ACT DIŞ TİCARET ANONİM ŞİRKETİ;HAMİDİYE MAH.CENDERE CAD.NO:103/2/90;İSTANBUL;KAĞITHANE;(212) 2747575; www.tusan.com;tusan.com;İİB-YAŞ MEYVE
FURKAN KARAKAŞ;KÜÇÜKYALI MERKEZ MAH. SERA SK. NO:1A ;İSTANBUL;MALTEPE;(216) 8033054;http://furkan.karakas@hs01.kep.tr;hs01.kep.tr;İİB-YAŞ MEYVE
HAMIDIYE KAYNAK SULARI SAN. TURIZM VE TIC.A.Ş;İSTANBUL CAD.NO.112;İSTANBUL;ŞİŞLİ;(212) 3601745;www.hamidiye.com.tr;hamidiye.com.tr;İİB-YAŞ MEYVE
EMTROIS ENDÜSTRİYEL ÜRÜNLER SANAYİ VE TİCARET LİMİTED ŞİRKETİ;ATATÜRK MAH. FIRAT CD. GARDENYA 6E NO 15;İSTANBUL;ATAŞEHİR;(216) 7477647;www.emtrois.com;emtrois.com;İİB-YAŞ MEYVE
SUVLA ŞARAPLARI TARIM SAN.VE TİC.A.Ş;İSMETPAŞA MAH. ÇINARLIDERE MEVKİİ NO:11 ;ÇANAKKALE;ECEABAT;(286) 8141000;www.suvla.com.tr;suvla.com.tr;İİB-YAŞ MEYVE
FACTORY İÇECEK GIDA SANAYİ İHRACAT İTHALAT VE TİCARET LTD.ŞTİ.;SARAY MAH. DR. ADNAN BÜYÜKDENİZ CAD. CESAS PLAZA NNO:4 KAT:10;İSTANBUL;ÜMRANİYE;(216) 0000000;http://www.icecekfactory.com;icecekfactory.com;İİB-YAŞ MEYVE
ÖZKARA ZEYTİNCİLİK ÜRÜNLERİ VE GIDA SANAYİ TİCARET LİMİTED ŞİRKET;KOCATEPE MAH.GÜMRÜK İSKELESİ CADDESİ MEGA CENTER KURU GIDA SİTESNO:A BLOK 89/585;İSTANBUL;BAYRAMPAŞA;(212) 4371314;www.karazeytincilik.com;karazeytincilik.com;İİB-YAŞ MEYVE
GÖKOVA DIŞ TİCARET LOJİSTİK İNŞAAT VE TURİZM ANONİM ŞİRKETİ;KÜÇÜK BEBEK CD. NO:51 D:8;İSTANBUL;BEŞİKTAŞ;(212) 3580922;http://www.gokovadenizcilik.com;gokovadenizcilik.com;İİB-YAŞ MEYVE
LALEZAR YAPI İTH. İHR. SANAYİ VE TİC. LTD.ŞTİ.;FATİH MAH. SELAHADDIN EYYUBI CAD.NO:8 A / 1 SANCAKİSTANBUL;İSTANBUL;SANCAKTEPE;(216) 5102847;www.lalezaryapi.com.tr;lalezaryapi.com.tr;İİB-YAŞ MEYVE
MOORE GIDA TİCARET VE SANAYİ LİMİTED ŞİRKETİ; İNCİRKÖY MAH. MEHMET AKİF ERSOY CAD. NO: 61A ;İSTANBUL;BEYKOZ;(216) 5735530;https://moore.com.tr/;moore.com.tr;İİB-YAŞ MEYVE
ÖZEN INTERNATIONAL İÇ VE DIŞ TİCARET ANONİM ŞİRKETİ;FEVZİ ÇAKMAK CAD. FEVZİ ÇAKMAK MAH. NO:11/2 ÖZEN İŞ MERKEZİ 34290 34290 ;İSTANBUL;KÜÇÜKÇEKMECE;;www.ozenglobal.com;ozenglobal.com;İİB-YAŞ MEYVE
IŞIK GIDA IHT.MADD.ÜRE.VE PAZ. LTD.ŞTI.;BATTALGAZI MAH.ŞARK CAD.AYTOPSAN.SITESI H BLOK NO:7-8;İSTANBUL;SULTANBEYLİ;(216) 5925190;www.isikdondurulmusgida.com;isikdondurulmusgida.com;İİB-YAŞ MEYVE
TARİŞ ÜZÜM ALKOLLÜ ALKOLSÜZ İÇECEKLER SANAYİ VE TİCARET ANONİM ŞİRKETİ;YENİKÖY MAH.YENİKÖY SOK.NO:301;MANISA;ALAŞEHİR;(236) 6748503;www.tarisuzum.com.tr;tarisuzum.com.tr;İİB-YAŞ MEYVE
PRIUS LOJISTIK DIS TICARET LIMITED SIRKETI;NECİP FAZIL MAH. BEŞPARMAK SK. NO: 11A;İSTANBUL;ÜMRANİYE;(288) 6060478;http://www.priuswines.com;priuswines.com;İİB-YAŞ MEYVE
BÜYÜLÜBAĞ BAĞCILIK ŞARAPÇILIK SAN.VE TIC.LTD.ŞTI.;YENİYOL SOK. ETAP İŞ MERKEZİ C BLOK NO:20 D:1 ACIBADEM;İSTANBUL;KADIKÖY;(216) 3275215;www.buyulubag.com;buyulubag.com;İİB-YAŞ MEYVE
YÜCEL EKO TARIM SANAYİ ANONİM ŞİRKETİ;RASİMPAŞA MAH/SEMT RIHTIM CAD. NO: 44 İÇ KAPI NO: ;İSTANBUL;KADIKÖY;(216) 4181000;http://www.yucelgrup.com;yucelgrup.com;İİB-YAŞ MEYVE
TİRELİ ÇİFTLİĞİ TARIM İŞLETMELERİ SAN.TİC.A.Ş.;TİRELİ ÇİFTLİĞİ MEVKİİ PINARCIK MAH. AKHİSAR 45200;MANISA;AKHİSAR;(212) 3580185;www.ktwines.com;ktwines.com;İİB-YAŞ MEYVE
HARRANOVA BESI VE TARIM ÜRÜNL. A.Ş.;YARIMTEPE MAHALLESI YARIMTEPE KÜME EVLERI NO:38/1;ŞANLIURFA;Karaköprü;(414) 0000000;www.harranova.com.tr;harranova.com.tr;İİB-YAŞ MEYVE
KRISTAL KOLA VE MEŞRUBAT SAN. TIC.A.Ş.;BAHÇELİEVLER MAH. FEVZİ ÇAKMAK 2 CAD. GÜZELŞEHİR SİT. NO:1 A ;İSTANBUL;BÜYÜKÇEKMECE;(212) 8680909;www.kristalkola.com.tr;kristalkola.com.tr;İİB-YAŞ MEYVE
GLOBAL WINES GIDA LİMİTED ŞİRKETİ;KÜÇÜKBAKKALKÖY MAH. SELVİLİ SK. NO:4/20;İSTANBUL;ATAŞEHİR;(216) 0000000;http://www.wines-global.com;wines-global.com;İİB-YAŞ MEYVE
KÜP ŞARAPÇILIK FERMANTASYON GIDA İNŞAAT TAAHHÜT NAK.SAN.VE TİC.LTD.ŞTİ;YENİ MAH.SAĞLIK CAD.NO:27-29-31;DENIZLI;BEKİLLİ;(258) 7912019;www.kupsarap.com;kupsarap.com;İİB-YAŞ MEYVE