firma_adi;adres;telefon;website;domain;birlik
ABACI SANATSAL ÜRÜNLER SAN.TİC.LTD.ŞTİ;TEŞVİKİYE MAHALLESİ HÜSREV GEREDE CD.NO:104/A ŞİŞLİ İSTANBUL;(212) 2367070;www.abbachi.com;abbachi.com;JTR - Mücevher İhracatçıları Birliği
ABKA KIRTASİYE VE AMBALAJ SANAYİ TİCARET ANONİM ŞİRKETİ;IKİTELLİ OSB ATATÜRK OTO SAN SİT 22. SOK. IŞIKBAY PLAZA BAŞAKŞEHİR İSTANBUL;(212) 6719450;www.abkakirtasiye.com;abkakirtasiye.com;JTR - Mücevher İhracatçıları Birliği
ADOR KUYUMCULUK VE DIŞ TİCARET ANONİM ŞİRKETİ;MOLLAFENARİ MAH. ŞEREFEFENDİ CAD. NO:6 FATİH İSTANBUL;(212) 5228989;www.adorgold.com;adorgold.com;JTR - Mücevher İhracatçıları Birliği
AFİLİ KOZMETİK SANAYİ VE TİCARET LİMİTED ŞİRKETİ;HALKALI MERKEZ MAH. ÇALIŞKAN SK. NO:1-1 KÜÇÜKÇEKMECE İSTANBUL;(212) 0000000;https://www.missliva.com;missliva.com;JTR - Mücevher İhracatçıları Birliği
AHLATÇI KUYUMCULUK SANAYİ VE TİCARET ANONİM ŞİRKETİ;GÜLALİBEY MH EĞRİDERE SK N:17 ÇORUM ÇORUM;(364) 4440186;www.ahlatci.com.tr;ahlatci.com.tr;JTR - Mücevher İhracatçıları Birliği
AIDA BERGSEN TAKI VE EL SANATLARI ÜRETİMİ LTD. ŞTİ.;EMİN SİNAN MAH. TAŞDİREK ÇEŞMESİALTUNBUKEN PASAJI N:6/54 FATİH İSTANBUL;(212) 2313624;www.aidabergsen.com;aidabergsen.com;JTR - Mücevher İhracatçıları Birliği
AKBAY TEKNİK HIRDAVAT PAZARLAMA VE DIŞ TİC. LTD. ŞTİ.;TOZKOPARAN MH GENERAL ALİ RIZA GÜRCAN CD ALPARSLAN İS MERK A BLOKNO:29/11 GÜNGÖREN İSTANBUL;(212) 6505555;www.akbayteknikhirdavat.com;akbayteknikhirdavat.com;JTR - Mücevher İhracatçıları Birliği
AKDEMİR KUYUMCULUK SANAYİ VE TİCARET LİMİTED ŞİRKETİ;KUYUMCUKENT ATOLYECİLER BLOGU 1 KOYALTİ MEVKİİ 6. SOKAK, K:2-10 YENİBOSNA BAHÇELİEVLER İSTANBUL;(212) 6031969;www.akdemirgold.com;akdemirgold.com;JTR - Mücevher İhracatçıları Birliği
AKDOLU KUYUMC.TUR.TES.ISL.TUR. ESYA PAZ.VE LTD.STI.;ÇARŞI MAH. DR. ALİMBEY CAD.NO.13/C BODRUM MUĞLA;(252) 3193315;www.ara24k.com;ara24k.com;JTR - Mücevher İhracatçıları Birliği
AKFEN INSAAT TURIZM VE TIC.A.S;KOZA SOKAK NO.22 ÇANKAYA ANKARA;(312) 4414211;www.akfen.com.tr;akfen.com.tr;JTR - Mücevher İhracatçıları Birliği
AKGÜN KUYUMCULUK SANAYİ VE TİCARET LİMİTED ŞİRKETİ;YENİÇERİLER CAD. KÜRKÇÜLERPAZARI SOK. NO.17 FATİH İSTANBUL;(212) 5138950;www.akgunsilver.com;akgunsilver.com;JTR - Mücevher İhracatçıları Birliği
AKHAS HEDIYELIK ESYA SAN.VE TI C.LTD.STI.;MERKEZ MAH. KUYUMCULAR SOK. İSTANBUL VİZYON PARK MERKEZ PLAZA C-1 BLOK NO:4 K:9 D:913-914-915 YENİBOSNA BAHÇELİEVLER İSTANBUL;(212) 6030949;www.akhas.com;akhas.com;JTR - Mücevher İhracatçıları Birliği
AKS ANAHTAR KONTAK SANAYİ VE TİCARET A.Ş.;RAMAZANOĞLU MH.SANAYI CD. NO 40 PENDİK İSTANBUL;02165950355;www.akskontak.com.tr;akskontak.com.tr;JTR - Mücevher İhracatçıları Birliği
ALBAYRAK TURİZM SEYAHAT İNŞAAT TİCARET ANONİM ŞİRKETİ;MALTEPE MH FETİH CD NO:6 ZEYTİNBURNU İSTANBUL;(212) 4681818;www.albayrak.com.tr;albayrak.com.tr;JTR - Mücevher İhracatçıları Birliği
ALEKS MAKİNE TICARET VE SANAYİ LİMİTED SİRKETI;YENİBOSNA MERKEZ MAH. KUYUMCULAR SOK. İSTANBUL VİZYON PARK 4/C1 BLOK NO:23 BAHÇELİEVLER İSTANBUL;02124581703;www.alexmakina.com;alexmakina.com;JTR - Mücevher İhracatçıları Birliği
ALEXANDRA GOLD KUYUMCULUK SANAYİ VE TİCARET ANONİM ŞİRKETİ;MESİHPAŞA MAH. LALELİ CAD. NO:9 FATİH İSTANBUL;(212) 5161126;www.alexandragold.com;alexandragold.com;JTR - Mücevher İhracatçıları Birliği
ALİBABA MÜCEVHERAT TAŞ SAN. VE TİC. LTD. ŞTİ.;SABUNCUHAN CAD. NO:24 EMİNÖNÜ/CAĞALOĞLU FATİH İSTANBUL;(212) 5199094;www.alibabadogaltas.com.tr;alibabadogaltas.com.tr;JTR - Mücevher İhracatçıları Birliği
ALTIN RAFİNERİ DÜNYASI ANONİM ŞİRKETİ;YENİBOSNA MERKEZ MAH. LADİN SOK. KUYUMCUKENT SİTESİ BAŞAKŞEHİR İSTANBUL;(212) 0000000;http://www.ardgold.com.tr/;ardgold.com.tr;JTR - Mücevher İhracatçıları Birliği
ALTINALEV KUYUMCULUK SAN.VE T IC.LTD.STI.;Y.BOSNA 29 EKIM CD.KUYUMCUKENTATÖLYE BLK.1 K-2 SK.NO.9 BAHÇELİEVLER İSTANBUL;(212) 6030571;www.altınalev.com;altınalev.com;JTR - Mücevher İhracatçıları Birliği
ALTINBAŞ KUYUMCULUK İTHALAT İHRACAT SANAYİ VE TİCARET ANONİM ŞİRKETİ;NURUOSMANIYE CAD. NO:49 FATİH İSTANBUL;(212) 4445683;www.altinbas.com;altinbas.com;JTR - Mücevher İhracatçıları Birliği
ALTINDAMLA KUYUMC.TEKS.TUR.İTH.İHR.SAN.VE TİC.LTD.ŞTİ.;MOLLAFENARİ MAH.NURUOSMANİYECAD.NO:31 FATİH İSTANBUL;(212) 5146888;www.simoro.com;simoro.com;JTR - Mücevher İhracatçıları Birliği
ALTINGOZ KUYUMCULUK SAN.VE TIC.LTD.STI.;İSTANBUL VİZYON PARK C 2 BLOK 6.KAT 189 NUMARA BAHÇELİEVLER İSTANBUL;(212) 5277953;www.altingoz.com.tr;altingoz.com.tr;JTR - Mücevher İhracatçıları Birliği
ALTINOK KUYUMC.OTOM.ELEK.DERI VE TEKS.SAN.TIC.LTD.STI.;KUYUMCUKENT KOMPLEKSİ ATÖLYE BLOK5.KAT 1.SOK. NO.12 YENİBOSNA BAHÇELİEVLER İSTANBUL;(212) 5162475;www.altınokalyans.com;altınokalyans.com;JTR - Mücevher İhracatçıları Birliği
ANDAÇ GÜMÜŞÇÜLÜK SANAYİ VE TİCARET LİMİTED ŞİRKETİ;MOLLAFENARİ MAH. KÜRKÇÜLER PAZARI SOKYEŞİLSARAY İŞ MERKEZİ NO.29 EMİNÖNÜ/CAĞALOĞLU FATİH İSTANBUL;(212) 5198932;www.andacsilver.com;andacsilver.com;JTR - Mücevher İhracatçıları Birliği
ANT KUYUMCULUK SANAYİ VE TİCARET LİMİTED ŞİRKETİ;MOLLAFENARİ MAH. CELAL FERDİ GÖKÇAY SOKNO:22 K:2 D.201 FATİH İSTANBUL;(212) 5134623;www.antkuyumculuk.com;antkuyumculuk.com;JTR - Mücevher İhracatçıları Birliği
ANTAŞ KUYUMCULUK SANAYİ VE TİCARET ANONİM ŞİRKETİ;ISTANBUL VİZYON PARK, KUYUMCULAR SOK.MERKEZ PLAZA C1 BLOK KAT:5 NO: 521 BAHÇELİEVLER İSTANBUL;;www.antasgold.com;antasgold.com;JTR - Mücevher İhracatçıları Birliği
APEKS KUYUMCULUK MÜCEVHERAT SANAYİ VE TİCARET LİMİTED ŞİRKETİ;29 EKIM CAD. KÖYALTI MVK. K. KENTATÖLYE B. 1. KAT 3. SOK. NO:27 BAHÇELİEVLER İSTANBUL;(212) 6030637;www.apeksgold.com;apeksgold.com;JTR - Mücevher İhracatçıları Birliği
APPLE TEKNOLOJİ VE SATIŞ LTD.ŞTİ;FSM MAH.POLİGON CAD.BÜYÜKA S ST.NO:8 BLOK NO:2 CBLOK K:18 ÜMRANİYE İSTANBUL;(212) 2881812;www.apple.com.tr;apple.com.tr;JTR - Mücevher İhracatçıları Birliği
ARAKS İNCİ KIYMETLİ MADENLER SANAYİ VE TİCARET ANONİM ŞİRKETİ;ALEMDAR MAH. HİMAYE-İ ETFAL SOKAK YILDIRIM HAN NO:11 İÇ KAPI NO:302 FATİH İSTANBUL;(212) 5134978;www.arenstyle.com;arenstyle.com;JTR - Mücevher İhracatçıları Birliği
ARARAT MÜCEVHERAT LİMİTED ŞİRKETİ;MOLLAFENARİ MAH. TASVİR SOK. ÇINAR HAN NO:2 K.4 D.18-19 EMİNÖNÜ/CAĞALOĞLU FATİH İSTANBUL;(212) 5208469;www.araratjewellery.com.tr;araratjewellery.com.tr;JTR - Mücevher İhracatçıları Birliği
ARÇELİK ANONİM ŞİRKETİ;SÜTLÜCE KARAAGAÇ CAD. NO 2/6 BEYOĞLU İSTANBUL;(212) 3143803;www.arcelik.com.tr;arcelik.com.tr;JTR - Mücevher İhracatçıları Birliği
ARET BAHAR;İSKENDER BOGAZI SOK. SAHİN HANNO.17 K.2 CARSIKAPI BEYAZIT FATİH İSTANBUL;(212) 5280601;www.ab-jewellery.com;ab-jewellery.com;JTR - Mücevher İhracatçıları Birliği
AR-EV KUYUMCULUK SANAYI VE TICARET LTD.STI.;BAŞ MUHASIP SOK. TALAS HANNO.301-401 K.3-4 FATİH İSTANBUL;(212) 5285127;www.ar-ev.com;ar-ev.com;JTR - Mücevher İhracatçıları Birliği
ARIKAN SAAT AŞ.;İSTOÇ 2434 SOKAK NO:132/21 BAĞCILAR İSTANBUL;;www.arikantime.com;arikantime.com;JTR - Mücevher İhracatçıları Birliği
ARİŞ HEDİYELİK EŞYA SANAYİ VE TİCARET ANONİM ŞİRKETİ;NURUOSMANIYE SEREFEFENDI SOK. NO.27 EMİNÖNÜ/CAĞALOĞLU FATİH İSTANBUL;(212) 5200102;www.aris.com.tr;aris.com.tr;JTR - Mücevher İhracatçıları Birliği
ARK KIRTASIYE ÜRÜNLERİ DIŞ TICARET LİMİTED ŞİRKETİ;RÜSTEMPAŞA MH. SABUNCUHANI SK N:53 EMİNÖNÜ/CAĞALOĞLU FATİH İSTANBUL;(216) 3781415;www.arkakar.com;arkakar.com;JTR - Mücevher İhracatçıları Birliği
ARPAŞ İHRACAT İTHALAT VE PAZARLAMA ANONİM ŞİRKETİ;SELAHATTİN EYÜBİ MAH.BÜYÜK AYAZMA CAD.N:78-80 KIRAÇ ESENYURT İSTANBUL;(212) 6413615;www.arpas.com.tr;arpas.com.tr;JTR - Mücevher İhracatçıları Birliği
ARTE GEMS MUCEVHERAT VE TURIZM DIS TIC.LTD.STI.;MOLLA FENARİ MAH. CERİDEHANE SOK NO:17 D:101 FATİH İSTANBUL;;www.artediore.com;artediore.com;JTR - Mücevher İhracatçıları Birliği
ARTUN KOCABAY;MOLLA FENARİ MAH. TASVİR SK. GÜVENÇER İŞ HANI NO:5 KAT:6/302 - KAT:7/402 EMİNÖNÜ/CAĞALOĞLU FATİH İSTANBUL;(212) 5228619;www.mucevherim.com;mucevherim.com;JTR - Mücevher İhracatçıları Birliği
ASA KAYNAK VE METAL ALAŞIMLARI SANAYİ VE TİCARET ANONİM ŞİRKETİ;ARAPCAMİİ MH TERSHANE CD ARAPKAYYUM SK NO:23 BEYOĞLU İSTANBUL;(212) 2387563;www.asakaynak.com;asakaynak.com;JTR - Mücevher İhracatçıları Birliği
ASIR GROUP İHRACAT A.Ş;ORGANİZE SANAYİ MAH.10.CAD 34 PORTALL PLAZA NO.7 E/7 İKİTELLİ BAŞAKŞEHİR İSTANBUL;(212) 4387550;http://www.asirgroup.com;asirgroup.com;JTR - Mücevher İhracatçıları Birliği
ASMUZE KUYUMCULUK İTHALAT İHRACAT SANAYİ VE TİCARET LİMİTED ŞİRKETİ;YENİBOSNA MERKEZ MAHALLESİ KUYUMCULAR SOKAK NO:7/4 BAHÇELİEVLER İSTANBUL;(212) 0000000;http://www.asmuze.com;asmuze.com;JTR - Mücevher İhracatçıları Birliği
ASPENDOS KUYUMCULUK SANAYİ VE TİCARET LİMİTED ŞİRKETİ;ÇARŞIKAPI CAD. B.YOLGECEN HANINO.19/40 FATİH İSTANBUL;(212) 5200427;www.aspendos.com.tr;aspendos.com.tr;JTR - Mücevher İhracatçıları Birliği
ASTUR VE BEDO KUYUMCULUK GÜMÜŞÇÜLÜK LİMİTED ŞİRKETİ;LADİN SOK. NO:4 KUYUMCUKENT FABRİKALAR4. BLOĞU 2 KAT YENİBOSNA BAHÇELİEVLER İSTANBUL;(212) 5207752;www.bedosilver.com;bedosilver.com;JTR - Mücevher İhracatçıları Birliği
ATASAY KUYUMCULUK SANAYİ VE TİCARET ANONİM ŞİRKETİ;KUYUMCUKENT FABRKL. BLOĞU NO:6 34196 YENİBOSNA BAHÇELİEVLER İSTANBUL;(212) 6523366;www.atasay.com;atasay.com;JTR - Mücevher İhracatçıları Birliği
ATEK MİKRODALGA ANONİM ŞİRKETİ;ÇİFTE HAVUZLAR MAH. ESKİ LONDRA ASFALTICAD. KULUÇKA MRK. B1 BLOK NO:151/1D NO:409 ESENLER İSTANBUL;(212) 4837167;http://www.atekmidas.com;atekmidas.com;JTR - Mücevher İhracatçıları Birliği
ATİLLA GÜZELBERBER;KAPALIÇARŞI YAĞLIKCILAR CAD. İÇ CEBECİ HAN.NO:31 BEYAZIT BEYAZIT FATİH İSTANBUL;(212) 5199319;www.extrasepet.com;extrasepet.com;JTR - Mücevher İhracatçıları Birliği
AVS KÜRESEL GEMİ TEDARİĞİ VE YÖNETİMİ AŞ;SOĞANLIK YENİ MH PAMUKKALE SK NO:2 KARTAL İSTANBUL;(216) 5910849;www.avsglobalsupply.com;avsglobalsupply.com;JTR - Mücevher İhracatçıları Birliği
AYDIN KUYUMCULUK SANAYI VE TICARET LTD.STI.;KUYUMCUKENT ATÖLYE BLOĞU 3.KAT 6.SK.N:3 BAHÇELİEVLER İSTANBUL;(212) 5021016;www.aydıngold.net;aydıngold.net;JTR - Mücevher İhracatçıları Birliği
AYDOĞAN KUYUMCULUK SANAYİ VE TİCARET LİMİTED ŞİRKETİ;KUYUMCUKENT ATÖLYELER BLOĞU 5. KAT4. SOK. 5 NUMARA YENİBOSNA BAHÇELİEVLER İSTANBUL;(212) 6030745;www.aydogangold.com;aydogangold.com;JTR - Mücevher İhracatçıları Birliği
AZZURO KUYUMCULUK SANAYİ VE TİCARET LİMİTED ŞİRKETİ;MOLLA FENARİ MAHALLESİ VEZİRHANI CAD. NO:52/1 MOLLA FENARİ 34120 FATİH, FATİH, TÜRKİYE BEYAZIT FATİH İSTANBUL;(212) 5148816;www.azzurogold.com;azzurogold.com;JTR - Mücevher İhracatçıları Birliği
BAGET İŞ KUYUMCULUK GÜMÜŞ KOZMETİK HEDİYELİK EŞYA SAN. TİC. LTD. ŞTİ.;NURUOSMANİYE CAD. MOLLAFENARI MAH.ERDEM HAN NO:36 K:1 FATİH İSTANBUL;(212) 5206252;www.baget-is.com;baget-is.com;JTR - Mücevher İhracatçıları Birliği
BAĞ KUYUMCULUK TURİZM İMALAT İTHALAT İHRACAT VE DAHİLİ TİCARET LİMİTED ŞİRKETİ;MERKEZ MAH. KUYUMCULAR SOK. VİZYON PARK C2 BLOK K:3 NO:308 ÇOBANÇEŞME BAHÇELİEVLER İSTANBUL;(212) 4720486;www.bagjewellery.com;bagjewellery.com;JTR - Mücevher İhracatçıları Birliği
BAHADIR BAŞ;ÇEMBERLİTAŞ MOLLAFENARİ MAH.KÜRKÇÜLER PAZARI SOK. NO.6 D:308 FATİH İSTANBUL;;www.abgoldsiver.com;abgoldsiver.com;JTR - Mücevher İhracatçıları Birliği
BAKI DURAK;KUYUMCUKENT ATOLYE BLOĞU 10.SOK. NO:22 YENİBOSNA BAHÇELİEVLER İSTANBUL;(212) 6030353;www.sarıgelin.com.tr;sarıgelin.com.tr;JTR - Mücevher İhracatçıları Birliği
BARBAROS HAYRETTİN TOPAL;MOLLA FENARİ MAHALLESİ MESİH MEHMETPAŞA SOKAK KISMET İŞ HANI APT. NO: 3/304 FATİH/İSTANBUL FATİH İSTANBUL;(212) 5145834;http://www.affixsilver.com;affixsilver.com;JTR - Mücevher İhracatçıları Birliği
BARIŞ HEPYURDAKUL;MOLLA FENERİ MAHALLESİ TASVİR SOKAK NO:2 ÇINAR İŞ MERKEZİ KAT 4 DAİRE 401 FATİH İSTANBUL;(212) 0000000;http://www.baydorpirlanta.com;baydorpirlanta.com;JTR - Mücevher İhracatçıları Birliği
BAROK AKDOĞAN KUYUMCULUK SANAYİ VE TİCARET LİMİTED ŞİRKETİ;ŞEREFEFENDİ SK. ALTUN CENTER NO: 24 İÇ KAPI NO: 6 FATİH/ İSTANBUL MOLLA FENARİ MAH 34120 FATİH İSTANBUL;(212) 5263904;www.barok-jewellery.com;barok-jewellery.com;JTR - Mücevher İhracatçıları Birliği
BARS MÜCEVHERAT KUYUMCULUK İNŞAAT SANAYİ VE TİCARET LİMİTED ŞİRKETİ;YENİBOSNA MERKEZ MAHALLESİ. LADİN SOK. KUYUMCUKENT NO: 4 M İÇ KAPI NO: Z257 BAHÇELİEVLER İSTANBUL;(212) 0000000;www.barsmucevherat.com;barsmucevherat.com;JTR - Mücevher İhracatçıları Birliği
BARTO JEWELLERY MÜCEVHERT LTD. ŞTİ.;BİNBİRDİREK MAH. KLODFARER CAD. NO:3/32 FATİH İSTANBUL;(212) 0000000;http://barto.com.tr;barto.com.tr;JTR - Mücevher İhracatçıları Birliği
BAYEKS KIRTASIYE TURIZM HED. ESYA ITH.IHR.SAN.VETIC.LTD.STI;ISTOÇ 27.ADA N:81-83 BAĞCILAR İSTANBUL;02126595511;www.bayeks.com;bayeks.com;JTR - Mücevher İhracatçıları Birliği
BAYTEK BİLİŞİM TEKNOLOJİLERİ LİMİTED ŞİRKETİ;IOSB MH. ESKI TURGUT OZAL CD. ALTIN BAŞAKŞEHİR İSTANBUL;(212) 9637440;http://www.bayiteknoloji.com;bayiteknoloji.com;JTR - Mücevher İhracatçıları Birliği
BELBAK KUYUMCULUK VE KIYMETLİ MADENLER SANAYİ TİCARET ANONİM ŞİRKETİ;ADRES ŞEREFEFENDİ SK NO:31/A MOLLA FENARİ FATİH İSTANBUL;(212) 5127324;www.belbak.com.tr;belbak.com.tr;JTR - Mücevher İhracatçıları Birliği
BELLİ KUYUMCULUK İNŞAAT TEKSTİL TURİZM SANAYİ TİCARET İTHALAT İHRACAT LİMİTED ŞİRKETİ;BİNBİRDİREK MAH. KLOD FARER CAD. EVİN İŞ HANI NO:17 D.1 FATİH İSTANBUL;(212) 5187818;http://www.belligold.com;belligold.com;JTR - Mücevher İhracatçıları Birliği
BESAY KUYUMCULUK SAN.VE TIC. LTD.STI.;EMINSINAN MAH.YENİCERİLER CAD. NO:15/5 ÇEMBERLİTAŞ FATİH İSTANBUL;(212) 5168954;www.besaygold.com;besaygold.com;JTR - Mücevher İhracatçıları Birliği
BİROS KUYUMCULUK LİMİTED ŞİRKETİ;NURUOSMANIYE CAD. ÖZAYDIN İSHANINO.37-201 FATİH İSTANBUL;;www.biros.com.tr;biros.com.tr;JTR - Mücevher İhracatçıları Birliği
BOĞAZİÇİ HEDİYELİK EŞYA VE EL SANATLARI SANAYİ VE TİCARET ANONİM ŞİRKETİ;MERKEZ MAH. 29 EKİM CAD. NO:55 YENİBOSNA BAHÇELİEVLER İSTANBUL;(212) 6397205;www.goldenlinejew.com;goldenlinejew.com;JTR - Mücevher İhracatçıları Birliği
BOSA KUYUMCULUK KALIP VE DIŞ TİCARET LİMİTED ŞİRKETİ;EMİN SİNAN MAH. EVKAF SOK. N0.13 1B FATİH İSTANBUL;(212) 5116452;www.bosadesign.com;bosadesign.com;JTR - Mücevher İhracatçıları Birliği
BULUNMAZ KUYUMCULUK YAY.GOS.SANATLARI SAN. VE TIC.LTD.STI.;BİNBİRDİREK MAH. GEDİKPAŞA CAMİ SOK. NO:51/A EMİNÖNÜ/CAĞALOĞLU FATİH İSTANBUL;(212) 5134732;www.bulunmaz.com;bulunmaz.com;JTR - Mücevher İhracatçıları Birliği
BY TUĞÇE OSMANLI TAKI BİJUTERİ SANAYİ VE TİCARET LTD.ŞTİ;MERCAN MAHALLESİ NARGİLECİ SOKAK NO:4/1 FATİH İSTANBUL;(212) 2211121;www.osmanlitaki.com;osmanlitaki.com;JTR - Mücevher İhracatçıları Birliği
BYTEK DÜĞÜN EKİPMANLARI SANAYİ VE DIŞ TİCARET ANONİM ŞİRKETİ;MAHMUTBEY MAH 2421 SK İSTOÇ 5 ADA NO:66 BAĞCILAR İSTANBUL;(212) 5515511;www.bytek.com.tr;bytek.com.tr;JTR - Mücevher İhracatçıları Birliği
CENTUAR GIDA İLAÇ KOZMETİK VE KUYUMCULUK SAN TİC.A.Ş;FERHATPAŞA MAHALLESİ 22.SOKAK NO:27/A ATAŞEHİR İSTANBUL;;www.centuar.com.tr;centuar.com.tr;JTR - Mücevher İhracatçıları Birliği
CETAŞ KUYUMCULUK İMALAT İHRACAT İTHALAT VE DAHİLİ TİCARET LİMİTED ŞİRKETİ;NURUOSMANIYE CAD.30CAĞALOĞLU FATİH İSTANBUL;(212) 6030770;www.cetasjewelery;cetasjewelery;JTR - Mücevher İhracatçıları Birliği
CEVHERUN MÜCEVHERAT SANAYİ VE DIŞ TİCARET LİMİTED ŞİRKETİ;EMİNSİNAN MAH. YENİÇERİLER CAD. NO:11 K:2/304 FATİH İSTANBUL;(212) 5119134;www.cevherun.com;cevherun.com;JTR - Mücevher İhracatçıları Birliği
CODİA DİAMOND MÜCEVHERAT LİMİTED ŞİRKETİ;MOLLAFENARİ MAH. TÜRKOCAĞI CAD. NO:3 K:4 D:302 CAĞALOĞLU FATİH İSTANBUL;(212) 5200623;https://codiadiamond.com/;codiadiamond.com;JTR - Mücevher İhracatçıları Birliği
COŞKUN KAUÇUK SAN. VE TİC. A.Ş.;İKİTELLİ OR. SAN. BÖL. MUTFAKÇILARSİT. 8 BLK. NO.43-45 İKİTELLİ BAŞAKŞEHİR İSTANBUL;(212) 6716490;www.coskunkaucuk.com.tr;coskunkaucuk.com.tr;JTR - Mücevher İhracatçıları Birliği
COŞKUN MELENGİÇ KUYUMCULUK SANAYİ VE TİCARET LİMİTED ŞİRKETİ;MİMAR KEMALLETTİN MAH. ŞAİR HAŞMET SOK. NO.16/A EMİNÖNÜ/CAĞALOĞLU FATİH İSTANBUL;(212) 5168383;www.diamondgold.com.tr;diamondgold.com.tr;JTR - Mücevher İhracatçıları Birliği
CSF KUYUMCULUK İTHALAT İHRACAT SANAYİ VE TİCARET LİMİTED ŞİRKETİ;MOLLAFENARİ MAH. KÜRKCÜLER PAZARI SOK.NO.27 ÇEMBERLİTAŞ EMİNÖNÜ/CAĞALOĞLU FATİH İSTANBUL;(212) 5220450;www.csfsilver.com;csfsilver.com;JTR - Mücevher İhracatçıları Birliği
ÇAĞBERK LOJİSTİK PAZARLAMA İÇ VE DIŞ TİCARET ANONİM ŞİRKETİ;BAHÇEŞEHİR 2 KISIM MH MERCEDES BULVARI 2 BLOK NO:24B/78 BAŞAKŞEHİR İSTANBUL;(212) 6384807;www.cagatay.com.tr;cagatay.com.tr;JTR - Mücevher İhracatçıları Birliği
ÇAĞLAR ARTEK KUYUMCULUK LİMİTED ŞİRKETİ;BASIN EKSPRES YOLU 29 EKİM CAD. 6. SOK. KUYUMCUKENT K.2 NO.24 YENİBOSNA BAHÇELİEVLER İSTANBUL;;www.artekgold.com;artekgold.com;JTR - Mücevher İhracatçıları Birliği
ÇAKMAKÇI KIYMETLİ MADENLER SANAYİ TİCARET ANONİM ŞİRKETİ;MOLLA FENARİ MAH.NUR-U OSMANİYE CAD.NO:58A FATİH İSTANBUL;(216) 0000000;http://www.cakmakcikiymetlimadenler.com/;cakmakcikiymetlimadenler.com;JTR - Mücevher İhracatçıları Birliği
ÇIRAK KUYUMCULUK-TEKS. SAN. VE TİC. AŞ;BABIALİ CAD. NO:5 EMİNÖNÜ/CAĞALOĞLU FATİH İSTANBUL;(212) 5141114;www.matis.com.tr;matis.com.tr;JTR - Mücevher İhracatçıları Birliği
ÇMT ZİNCİR KUYUMCULUK VE TARIM SANAYİ TİCARET LİMİTED ŞİRKETİ;MOLLA FENARİ MAH. MESİH MEHMETPAŞA SOK.NO:2/A EMİNÖNÜ/CAĞALOĞLU FATİH İSTANBUL;(212) 5200753;www.cmtzincir.com;cmtzincir.com;JTR - Mücevher İhracatçıları Birliği
DAFNE KUYUMCULUK TİCARET VE SANAYİ LİMİTED ŞİRKETİ;YENİBOSNA MERKEZ MAH. 29 EKİM CAD.KUYUMCUKENT ATÖLYE BLOĞU 1.KAT 11 SOK.NO:4 YENİBOSNA BAHÇELİEVLER İSTANBUL;(212) 6030198;www.dafnedesing.com;dafnedesing.com;JTR - Mücevher İhracatçıları Birliği
DELTA TRADE COMPANY SAĞLIK ANONİM ŞİRKETİ;BAŞAKŞEHİR - İKİTELLİ - ATATÜRK BULVARI NO. 72 BAŞAKŞEHİR İSTANBUL;(212) 2215700;www.delta-trade-company.com;delta-trade-company.com;JTR - Mücevher İhracatçıları Birliği
DEMİR BİJUTERİ SANAYİ VE TİCARET LİMİTED ŞİRKETİ;TAHTAKALE MAHALLESİ. YAVAŞÇA ŞAHİN SOKAK. NO:7 EMİNÖNÜ / FATİH / İSTANBUL TAHTAKALE 34104 FATİH, İST EMİNÖNÜ/CAĞALOĞLU FATİH İSTANBUL;(212) 5194019;www.demirbijuteri.com;demirbijuteri.com;JTR - Mücevher İhracatçıları Birliği
DESTINY UNIVERSAL KİMYA SANAYİ VE TİCARET LİMİTED ŞİRKETİ;CADDEBOSTAN MAH. OPERATÖR CEMİL TOPUZLU CAD. SUZANAP. NO: 75 İÇ KAPI NO: 4 KADIKÖY İSTANBUL;(216) 7556747;http://ceo@destinyuniversal.com;ceo@destinyuniversal.com;JTR - Mücevher İhracatçıları Birliği
DEVA KUYUMCULUK SANAYI VE TIC. LTD.STI.;KUYUMCUKENT ATÖLYE BLOĞU 2.KAT 5. SOK. NO:25 YENİBOSNA BAHÇELİEVLER İSTANBUL;(212) 6030056;www.devagold.com;devagold.com;JTR - Mücevher İhracatçıları Birliği
DİAZ MÜCEVHER SANAYİ VE TİCARET ANONİM ŞİRKETİ;BAB-I ALİ CADDESİ NO:15/1 MOLLAFENARİ 34080 FATİH, İSTANBUL, TÜRKİYE FATİH İSTANBUL;;www.diaz.com.tr;diaz.com.tr;JTR - Mücevher İhracatçıları Birliği
DİLMENER KUYUMCULUK SANAYİ VE TİCARET LİMİTED ŞİRKETİ;VEZİRHAN CAD. NURUOSMANİYE MAH.ŞEREF HAN NO:96 EMİNÖNÜ/CAĞALOĞLU FATİH İSTANBUL;(212) 5262746;www.dilmener.com;dilmener.com;JTR - Mücevher İhracatçıları Birliği
DİRİLİŞ TAKI MAĞAZACILIK SANAYİ TİCARET LİMİTED ŞİRKETİ;KÜRKÇÜLER PAZ. SOKAK KERİM HAN BLOK NO:25B FATİH-İSTANBUL MOLLA FENARİ MAHALLEİS 34080 FATİH, İSTANB FATİH İSTANBUL;(212) 5110580;http://www.dirilistaki.com;dirilistaki.com;JTR - Mücevher İhracatçıları Birliği
DİVA HEDİYELİK EŞYA SANAYİ VE PAZARLAMA ANONİM ŞİRKETİ;MOLLAFENARİ MAH. TÜRBEDAR SOK.NO.7 EMİNÖNÜ/CAĞALOĞLU FATİH İSTANBUL;(212) 5141578;www.divakuyumculuk.com;divakuyumculuk.com;JTR - Mücevher İhracatçıları Birliği
DİYAMANDİ KUYUMCULUK VE KIYMETLİ TAŞLAR SANAYİ TİCARET LİMİTED ŞİRKETİ;MOLLAFENARI MAHALLESİ ALİBABA TÜRBESİ SK NO:11/A 34120 FATİH İSTANBUL;(212) 5201222;www.diyamandi.com;diyamandi.com;JTR - Mücevher İhracatçıları Birliği
DORA KUYUMCULUK SAN.VE TİC.AŞ.;İKİTELLİ OSB. MAH.MARMARA SAN. SİT.L BLOK NO:1 KÜÇÜKÇEKMECE İSTANBUL;(212) 4721770;www.dorarings.com;dorarings.com;JTR - Mücevher İhracatçıları Birliği
DREAMSTAR TEKNOLOJİ VE TİC. LTD. ŞTİ.;AYDINTEPE MAH. SAHİL YOLU BULVARIALİZE İŞ MERKEZİ NO.:191/94 TUZLA İSTANBUL;(216) 3927777;www.dreamstar.com.tr;dreamstar.com.tr;JTR - Mücevher İhracatçıları Birliği
DY KIYMETLİ MADENLER SANAYİ VE TİCARET LİMİTED ŞİRKETİ;BEYAZIT MH. VARAKÇI SK. NO:21/A FATİH İSTANBUL;;https://dykuyum.com/tr/ana-sayfa/;dykuyum.com;JTR - Mücevher İhracatçıları Birliği
E.C.E. ELEKTRONİK CİHAZLAR ENDÜSTRİSİ LTD.ŞTİ.;MÜEYYETZADE MH. KEMERALTI CD.NO:1-3 KARAKÖY BEYOĞLU İSTANBUL;(212) 2937924;www.eceelektronik.com;eceelektronik.com;JTR - Mücevher İhracatçıları Birliği
EDEL ROYAL KUYUMCULUK SANAYİ VE TİCARET LİMİTED ŞİRKETİ;: YENİBOSNA MERKEZ MAHALLESİ 29 EKİM CADDESİ VİZYONPARK SİTESİ A1 BLOK NO :3A BAHÇELİEVLER İSTANBUL;(212) 6030096;http://www.edelroyal.com;edelroyal.com;JTR - Mücevher İhracatçıları Birliği
EDİZ DERELİ DEĞERLİ TAŞLAR VE MÜCEVHERAT TİCARET LİMİTED ŞİRKETİ;MOLLAFENARİ MAH. ŞEREFEFENDİ ŞENER CENTER NO:28 K:5 EMİNÖNÜ/CAĞALOĞLU FATİH İSTANBUL;(212) 5200045;www.edizdereli.com;edizdereli.com;JTR - Mücevher İhracatçıları Birliği
EGEMET KALIBRASYON OLCUM TIC. LTD.STI.;KARACAOGLAN MAH. 172 SOK.NO:8 BORNOVA İZMİR;02324720604;www.egemet.com.tr;egemet.com.tr;JTR - Mücevher İhracatçıları Birliği
EKIP METAL TOZLARI SAN.VE TIC. A.S.;MASLAK SPRING GIZ PLAZA B.B. NO.3 ŞİŞLİ İSTANBUL;02127982640;www.ekipmetal.com;ekipmetal.com;JTR - Mücevher İhracatçıları Birliği
EKSPERT MUM.TURZ.VE TIC.LTD. STI.;IMES SAN. SITESI C BLOK 311.SOKAK NO:7 ÜMRANİYE İSTANBUL;02165733888;www.expert.com.tr;expert.com.tr;JTR - Mücevher İhracatçıları Birliği
ELEMENTAL GERİ DÖNÜŞÜM A.Ş.;OZIS YAPI KOOP.731.SOK.NO.78 ANKARA;03123954455;www.evciler.com.tr;evciler.com.tr;JTR - Mücevher İhracatçıları Birliği
ELIT KUY.INS.TUR.TEKS.ELK.MAD. IHR.ITH.SAN.LTD.STI.;LİMAN CAD. NO.41 SİDE MANAVGAT ANTALYA;(242) 7569042;www.palmiyejewellery.com;palmiyejewellery.com;JTR - Mücevher İhracatçıları Birliği
ELIT KUYUMCULUK LTD.STI.;MOLLA FENARİ MAH. GAZİ SİNAN PAŞA SOK. HAS İŞ HANI KAT:2 NO:33 NURUOSMANİYE FATİH İSTANBUL;(212) 5203491;www.dimojewelry.com;dimojewelry.com;JTR - Mücevher İhracatçıları Birliği
ELİF KIYMETLİ MADENCİLİK VE MÜCEVHERAT SAN. TİC. LTD. ŞTİ.;BİNBİRDİREK MAH.BEYKHANE SOK.BÜYÜK BİROL İŞ HANIN:6 K:2 D:208 FATİH İSTANBUL;(212) 6380286;www.elifjewellery.com;elifjewellery.com;JTR - Mücevher İhracatçıları Birliği
ELİZİ KUYUMCULUK SANAYİ VE TİCARET LİMİTED ŞİRKETİ;MOLLA FENARİ MH.VEZİRHAN CD. KAYA İŞHANI NO:86 KAT:3 NURUOSMANİYE FATİH İSTANBUL;(212) 5260216;www.elizihasir.com;elizihasir.com;JTR - Mücevher İhracatçıları Birliği
EMİR KUYUMCULUK SANAYİ İÇ VE DIŞ TİCARET PAZARLAMA LİMİTED ŞİRKETİ;ABDI IPEKÇI CAD. ENSAR SOK. H. ÖZEL NO.160 BAYRAMPAŞA İSTANBUL;(212) 5677835;www.emirgold.com;emirgold.com;JTR - Mücevher İhracatçıları Birliği
EMPRESS MÜCEVHER DERİ SANAYİ TICARET A.Ş.;NURUOSMANIYE CAD. NO:79 K.A/4 EMİNÖNÜ/CAĞALOĞLU FATİH İSTANBUL;(212) 5193010;www.gilan.com.tr;gilan.com.tr;JTR - Mücevher İhracatçıları Birliği
ERBAY ALUMINYUM INSAAT SANAYİ VE TİCARET AŞ.;ZUMRUTEVLER MAH. KESKIN SOK. NO.8 MALTEPE İSTANBUL;(216) 5891717;www.erbayaluminyum.com.tr;erbayaluminyum.com.tr;JTR - Mücevher İhracatçıları Birliği
ERFE İÇ VE DIŞ TİCARET LİMİTED ŞİRKETİ;MAHMUTBEY MH İSTOÇ TİCARET MERKEZİ 2430 SK 12 ADA NO:78-84 BAĞCILAR İSTANBUL;(212) 6590499;www.erfe.com.tr;erfe.com.tr;JTR - Mücevher İhracatçıları Birliği
ERINC KUYUMCULUK HEDİYELİK EŞYA TURİZM SANAYİ TICARET LİMİTED SİRKETİ;931 SOKAK NO.11 KONAK İZMİR;(232) 4453505;www.erinc.com.tr;erinc.com.tr;JTR - Mücevher İhracatçıları Birliği
ERİŞ MÜCEVHERAT TİCARET TURİZM İNŞAAT SANAYİ LİMİTED ŞİRKETİ;MOLLA FENARİ MAH. NURUOSMANIYE CAD. NO.44 EMİNÖNÜ/CAĞALOĞLU FATİH İSTANBUL;(212) 5266555;www.erisjewellery.com;erisjewellery.com;JTR - Mücevher İhracatçıları Birliği
ERSİN KOYUNCU KUYUMCULUK SANAYİ VE TİCARET LİMİTED ŞİRKETİ;MOLLA FENARİ MAH. NURUOSMANİYE CAD. NO:24/A FATİH İSTANBUL;(212) 5206142;www.ekmounting.online;ekmounting.online;JTR - Mücevher İhracatçıları Birliği
ERVA KIYMETLİ MADENLER ANONİM ŞİRKETİ;BEYAZIT MAH. KALCILAR SK. NO : 13/1 FATİH/İSTANBUL FATİH İSTANBUL;(021) 2511224;http://www.ervagold.com.tr;ervagold.com.tr;JTR - Mücevher İhracatçıları Birliği
ESER GOLD KUYUM. DIŞ TİC. OTOM. TAR. TEK. SAN. VE TİC. LTD. ŞTİ.;İSMETPAŞA MAH. MİLLİ EGEMENLİK CAD. MAŞALLAH İŞMERKEZİ K.4 NO:12 KAHRAMANMARAŞ KAHRAMANMARAŞ;(344) 2214668;www.dovekurutemizleme.com;dovekurutemizleme.com;JTR - Mücevher İhracatçıları Birliği
ESTA HEDIYELIK ESYA SANAYİ VE TICARET LİMİTED ŞİRKETİ;DİVANYOLU CAD. IŞILTI SOK. NO:2 ALİFAİK HAN KAT: 3DAİRE: 401 BİNBİRDİREK 34122 FATİH, YENİBOSNA BAHÇELİEVLER İSTANBUL;(212) 6031875;www.estapirlanta.com;estapirlanta.com;JTR - Mücevher İhracatçıları Birliği
EYLÜL TAKI BUJİTERİ İÇ VE DIŞ TİCARET LİMİTED ŞİRKETİ;ERTUĞRULGAZİ CADDESİ NO 86/8 ATİMER2 İŞ MERKEZİ İÇ KAPI 12 İNEGÖL MAHMUDİYE 16400 BEYLİKDÜZÜ BURSA;;www.laviyen.com;laviyen.com;JTR - Mücevher İhracatçıları Birliği
F.A.N.C.Y.KUYUMCULUK LİMİTED ŞİRKETİ;YENİÇERİLER CAD. EMİNSİNAN MAH. GÜZEL APT. NO:5/201 ÇEMBERLİTAŞ FATİH İSTANBUL;(212) 5286152;www.fancysilvertr.com;fancysilvertr.com;JTR - Mücevher İhracatçıları Birliği
FALEZ KUYUMCULUK SANAYİ VE TİCARET LİMİTED ŞİRKETİ;VEZIRHAN CAD. VEZIRHAN SOK. NO.11ÇEMBERLİTAŞ EMİNÖNÜ/CAĞALOĞLU FATİH İSTANBUL;(212) 5260726;www.falezgold.com.tr;falezgold.com.tr;JTR - Mücevher İhracatçıları Birliği
FİGÜR KUYUMCULUK SANAYİ VE TİCARET LİMİTED ŞİRKETİ;MERKEZ MAH. PROF. DR. M.NEVZAT PİSAK CAD. OĞU SAN. SİT. 2.BLOK NO:12 YENİBOSNA BAHÇELİEVLER İSTANBUL;(212) 6520006;www.figurejewellery.com;figurejewellery.com;JTR - Mücevher İhracatçıları Birliği
FİLİZ TOPTAN TAKI TİCARETİ MEHMET FİLİZ;MİMAR HAYRETTİN MAH. YENİÇERİLERCAD. KİĞILI PASAJI NO:31/101 FATİH İSTANBUL;(212) 4588534;www.filizjewelry.com;filizjewelry.com;JTR - Mücevher İhracatçıları Birliği
FİORE DORO KUYUMCULUK İÇ VE DIŞ TİCARET LİMİTED ŞİRKETİ;MOLLAFENARİ MAH. VEZİRHAN CAD.NO:68/F BEYAZIT FATİH İSTANBUL;(212) 5220640;www.fioredoro.com.tr;fioredoro.com.tr;JTR - Mücevher İhracatçıları Birliği
FLORA KUYUMCULUK SANAYİ VE TİCARET ANONİM ŞİRKETİ;LADİN SOK. KUYUMCUKENT ATÖLYE BLOĞU 1. KAT 1. SOK. N0.21 YENİBOSNA BAHÇELİEVLER İSTANBUL;(212) 6033009;www.florajewelry.com;florajewelry.com;JTR - Mücevher İhracatçıları Birliği
GARDEN GOLD KUYUMCULUK SANAYİ VE TİCARET ANONİM ŞİRKETİ;YENİÇERİLER CAD. UĞUR HAN. K-1 D-11 EMİNÖNÜ/CAĞALOĞLU FATİH İSTANBUL;(212) 5178473;www.gardenjewellry.com;gardenjewellry.com;JTR - Mücevher İhracatçıları Birliği
GEBERİT TESİSAT SİSTEMLERİ TİCARET LTD. ŞTİ.;İÇERENKÖY MH. ENGİN SK. NO.10 D.1ATAŞEHİR İÇERENKÖY ATAŞEHİR İSTANBUL;(216) 3408273;www.geberit.com.tr;geberit.com.tr;JTR - Mücevher İhracatçıları Birliği
GEÇEN KUYUMCULUK SANAYİ VE TİCARET LİMİTED ŞİRKETİ;MOLLAFENARI M.NURUOSMANIYE C.ORIENT BAZ.TIC.MERK.100/504 FATİH İSTANBUL;02125282072;www.gecenkuyumculuk.com;gecenkuyumculuk.com;JTR - Mücevher İhracatçıları Birliği
GELOSİA KUYUMCULUK VE TEKSTİL DIŞ TİC. LTD. ŞTİ.;KUYUMCULAR SOK. İSTANBUL VİZYON PARK C2 BLOK K:4 NO:405 YENİBOSNA BAHÇELİEVLER İSTANBUL;(212) 6031296;www.gelosiagold.com;gelosiagold.com;JTR - Mücevher İhracatçıları Birliği
GERAS MÜCEVHERAT SANAYİ VE TİCARET LİMİTED ŞİRKETİ;NURUOSMANİYE ORIENT BAZAARNO.45 Z.KAT 06 EMİNÖNÜ/CAĞALOĞLU FATİH İSTANBUL;(212) 5276503;www.gerasdiamond.com;gerasdiamond.com;JTR - Mücevher İhracatçıları Birliği
GEZ KUYUMCULUK SANAYİ VE TİCARET LİMİTED ŞİRKETİ;NURUOSMANİYE CAD. ORİENT BAZAAR NO:77/609 FATİH İSTANBUL;(212) 5267437;www.gezjewellery.com;gezjewellery.com;JTR - Mücevher İhracatçıları Birliği
GİZ ANTİK PIRLANTA VE KUYUMCULUK LTD. ŞTİ;HİMAYE-I ETFAL SOK.NO:8/3 EMİNÖNÜ/CAĞALOĞLU FATİH İSTANBUL;(212) 5135112;www.gizantik.com.tr;gizantik.com.tr;JTR - Mücevher İhracatçıları Birliği
GLAMİRA İNTERNET VE KUYUMCULUK SAN. TİC. A.Ş.;YENİBOSNA MERKEZ MH. KUYUMCULAR SK. NO:3İÇ KAPI NO:111 YENİBOSNA BAHÇELİEVLER İSTANBUL;(212) 6030174;www.glamira.com.tr;glamira.com.tr;JTR - Mücevher İhracatçıları Birliği
GOLDIUM KUYUMCULUK SANAYİ VE TİCARET LİMİTED ŞİRKETİ;KUYUMCUKENT ATÖLYE BLOĞU 2.KAT 5.SOKAK NO:17 YENİBOSNA BAHÇELİEVLER İSTANBUL;;www.goldium.com.tr;goldium.com.tr;JTR - Mücevher İhracatçıları Birliği
GOLDMAS KUYUMCULUK SANAYI VE TICARET LTD.STI.;MESİH PAŞA MAH. LALELİ CAD. NO:15/A LALELİ EMİNÖNÜ/CAĞALOĞLU FATİH İSTANBUL;(212) 5226471;www.goldmas.com;goldmas.com;JTR - Mücevher İhracatçıları Birliği
GÖĞÜŞ KUYUMCULUK-MUSTAFA MUZAFFER GÖĞÜŞ;KUYUMCUKENT ATÖLYE BLOĞU 3.KAT6. SOKAK NO:14 YENİBOSNA BAHÇELİEVLER İSTANBUL;(212) 6030491;www.gogusgold.com;gogusgold.com;JTR - Mücevher İhracatçıları Birliği
GRAMALTIN KIYMETLİ MADENLER RAFİNERİ SANAYİ VE TİCARET ANONİM ŞİRKETİ;KUYUMCUKENT SİT. 7 NOLU BÜYÜK ATÖLYEZEMİN KAT YENİBOSNA BAHÇELİEVLER İSTANBUL;(212) 6030101;www.iar.com.tr;iar.com.tr;JTR - Mücevher İhracatçıları Birliği
GÜLERYÜZ KUYUMCULUK TURİZM VE OTOMOTİV SANAYİ VE TİCARET ANONİM ŞİRKETİ;UZUN ÇARŞI 1. GEÇİT NO.26/28 MERKEZ SAKARYA;(264) 2776119;www.guleryuzkuyumculuk.com;guleryuzkuyumculuk.com;JTR - Mücevher İhracatçıları Birliği
GÜRALSAN MÜHENDİSLİK VE İNŞAAT SAN. TİC. LTD. ŞTİ.;YEŞİLKÖY MH ESG BUSİNESS B3 BLOK KAT:3 NO:12/148 YEŞİLKÖY BAKIRKÖY İSTANBUL;;www.guralinsaat.com.tr;guralinsaat.com.tr;JTR - Mücevher İhracatçıları Birliği
HAŞİMİ İÇ VE DIŞ TİCARET LİMİTED ŞİRKETİ;KAPALIÇARŞI PERHADÇILAR SOK.NO:28 FATİH İSTANBUL;(212) 5265412;https://www.hasimidogaltas.com/;hasimidogaltas.com;JTR - Mücevher İhracatçıları Birliği
HATİBOĞLU KUYUMCULUK TİCARET LİMİTED ŞİRKETİ;YENİBOSNA MERKEZ MAH. LADİN SOK. KUYUMCUKENT ATÖLYE BLOKZEMİN KAT 11. SOKAK D:16 BAHÇELİEVLER İSTANBUL;(212) 5173860;www.hatgold.com;hatgold.com;JTR - Mücevher İhracatçıları Birliği
HAZORFİM DIŞ TİCARET LTD. ŞTİ.;YENİDOĞAN MAH. ERCİYES SOK. ERCİYES SAN.SİT. NO.5/H İÇ KAPI NO:67 BAYRAMPAŞA İSTANBUL;(212) 6743397;www.hazorfim.com.tr;hazorfim.com.tr;JTR - Mücevher İhracatçıları Birliği
HEDEF MAKİNA İML.VE BAK.ONARIM İNŞ.TAAH.TİC.LTD.ŞTİ.;KADOSAN SAN.SITESI B BLOK NO:26/28 ÜMRANİYE İSTANBUL;02164664600;www.hedef-makine.com;hedef-makine.com;JTR - Mücevher İhracatçıları Birliği
HEMERA KUYUMCULUK SANAYİ VE TİCARET LİMİTED ŞİRKETİ;MALTEPE MAH. LİTROS YOLU SOK.NO:12/250 FATİH SAN. SİT. ZEYTİNBURNU İSTANBUL;(212) 4441467;www.hemerapirlanta.com.tr;hemerapirlanta.com.tr;JTR - Mücevher İhracatçıları Birliği
HERCA KUYUMCULUK İTHALAT İHRACAT İNŞAAT SANAYİ VE TİCARET LİMİTED ŞİRKETİ;MOLLA FENARİ MH.ŞEREFEFENDİ SK. SAİT HAN NO:33/A EMİNÖNÜ/CAĞALOĞLU 34120 FATİH, İSTANBUL, TÜRKİYE EMİNÖNÜ/CAĞALOĞLU FATİH İSTANBUL;(212) 5275282;www.hercajewellery.com;hercajewellery.com;JTR - Mücevher İhracatçıları Birliği
HERMES YÜZEY İŞLEME VE METAL İTH.İHR.LTD.ŞTİ.;SAADETDERE MAH. FEVZİ ÇAKMAK MAH. 83 A NO.1 ESENYURT İSTANBUL;(212) 2222222;http://hermesabrasive.com;hermesabrasive.com;JTR - Mücevher İhracatçıları Birliği
HOŞGÖR İÇ VE DIŞ TİCARET ANONİM ŞİRKETİ;ÇEMBERLITAS ALI BABA TURBE SOK.NO:9 K:1 D.3 EMİNÖNÜ/CAĞALOĞLU FATİH İSTANBUL;;www.hosgorjewels.com;hosgorjewels.com;JTR - Mücevher İhracatçıları Birliği
HUQQA GIDA İŞLETMELERİ SANAYİ VE TİCARET ANONİM ŞİRKETİ;YENİBOSNA MERKEZ MAHALLESİ SEDİR SOKAK NO:7 KAT:1 BAHÇELİEVLER İSTANBUL;(212) 6526222;www.huqqa.com;huqqa.com;JTR - Mücevher İhracatçıları Birliği
IDA KUYUMCULUK DEĞ.MADENLER GIDA TUR.SAN:VE TIC.A.Ş.;BEYAZIT MAHALLESİ AĞA SOK. VARAKÇI HAN NO:53/B 34126 FATİH İSTANBUL;(212) 5828145;www.idagold.com.tr;idagold.com.tr;JTR - Mücevher İhracatçıları Birliği
ITIMAT MUCEVHERAT SANAYI VE TICARET LTD.STI.;BAĞDAT CAD. MEYDAN SOK. NO.21 MALTEPE İSTANBUL;(216) 4427812;www.itimatjewellery.com;itimatjewellery.com;JTR - Mücevher İhracatçıları Birliği
İLBERNARDO DEĞERLİ MADENLER SANAYİ VE TİCARET LİMİTED ŞİRKETİ;VEZIRHAN CAD. NO:37/39 FATİH İSTANBUL;(212) 5275107;www.ilbernardo.com;ilbernardo.com;JTR - Mücevher İhracatçıları Birliği
İNCİ KUYUMCULUK ANONİM ŞİRKETİ;YENİBOSNA MERKEZ MAHALLESİ LADİN SOKAK KUYUMCUKENT SİTESİ YENİBOSNA BAHÇELİEVLER İSTANBUL;(212) 6030718;www.incigold.com.tr;incigold.com.tr;JTR - Mücevher İhracatçıları Birliği
İNNOVA KUYUMCULUK HEDİYELİK EŞYA SANAYİ VE TİCARET ANONİM ŞİRKETİ;MERKEZ MAH. LADİN SOK. NO:4/B001-1231-1232-2234-3251-4255-5253 YENİBOSNA BAHÇELİEVLER İSTANBUL;(212) 6031212;www.innovajewellery.com;innovajewellery.com;JTR - Mücevher İhracatçıları Birliği
İPEKYOLU KIYMETLİ TAŞLAR VE KUYUMCULUK SANAYİ TİCARET LİMİTED ŞİRKETİ;MOLLA FENARİ MAH BİLEYCİLER SK NO: 23 FATİH İSTANBUL;(212) 5285994;www.ipekyolusilver.com.tr;ipekyolusilver.com.tr;JTR - Mücevher İhracatçıları Birliği
İSGOLD ALTIN RAFİNERİSİ A.Ş.;İKİTELLİ OSB MAH.MARMARA SAN.SİT.S BLOK SK. NO:5 KÜÇÜKÇEKMECE İSTANBUL;(212) 4944810;www.isgold.com.tr;isgold.com.tr;JTR - Mücevher İhracatçıları Birliği
İSHAKOĞLU KUYUMCULUK VE DERİ SANAYİ TİCARET ANONİM ŞİRKETİ;29 EKİM CAD. KUYUMCUKENT ATÖLYEBLK. 2 5. SOK. NO.21-24 ÇOBANÇEŞME BAHÇELİEVLER İSTANBUL;(212) 4440995;www.ishakoglugold.com;ishakoglugold.com;JTR - Mücevher İhracatçıları Birliği
İSTANBUL ALTIN RAFİNERİSİ ANONİM ŞİRKETİ;KUYUMCUKENT SİT. ATÖLYELER BLOĞU7 NOLU FABRİKA YENİBOSNA BAHÇELİEVLER İSTANBUL;(212) 6030101;www.iar.com.tr;iar.com.tr;JTR - Mücevher İhracatçıları Birliği
İSTANBUL DIŞ TİCARET VE KUYUMCULUK SANAYİ LİMİTED ŞİRKETİ;İSTANBUL VİZYON PARK C2 BLOK K.5NO.161 BAHÇELİEVLER İSTANBUL;(212) 5136577;www.goldfinejewellery.com;goldfinejewellery.com;JTR - Mücevher İhracatçıları Birliği
İSTANBUL KUYUMCULUK TEKSTİL SANAYİ VE TİCARET LİMİTED ŞİRKETİ;: MOLLAFENARİ MAH. KÜRKÇÜLER PAZARI SKNO: 4/A EMİNÖNÜ/CAĞALOĞLU FATİH İSTANBUL;(212) 5268946;www.modnasilver.com;modnasilver.com;JTR - Mücevher İhracatçıları Birliği
İSTANBUL MERİDYEN MÜCEVHER SAAT VE AKSESUAR TİCARET A.Ş.;BALMUMCU MAHALLESİ BESTEKAR HACİFAİK SOKAK NO 6/2 BEŞİKTAŞ İSTANBUL;(212) 5193010;www.gilan.com;gilan.com;JTR - Mücevher İhracatçıları Birliği
İSTANBUL MOZAİK AYDINLATMA SAN. TİC. LTD. ŞTİ.;AKÇABURGAZ MAH. 91 SOK. NO:16 İÇ KAPI NO:1 ESENYURT İSTANBUL;(212) 8863880;www.istanbulmosaiclamps.com;istanbulmosaiclamps.com;JTR - Mücevher İhracatçıları Birliği
İSTEPAN BALIK;TIĞCILAR CAD. PASTIRMACI HAN.NO:7/1 MERCAN EMİNÖNÜ FATİH İSTANBUL;;www.antiksilver.com;antiksilver.com;JTR - Mücevher İhracatçıları Birliği
İSTOR KUYUMCULUK SANAYİ VE TİCARET ANONİM ŞİRKETİ;BAĞLAR MEVKII MEZARLIK ÜSTÜCAD.NO.16/1 FİRUZKÖY AVCILAR İSTANBUL;(212) 4239400;www.istor.com.tr;istor.com.tr;JTR - Mücevher İhracatçıları Birliği
İTALGOLD KUYUMCULUK SANAYİ VE TİCARET LİMİTED ŞİRKETİ;MİMAR KEMALETTİN MAH. MESİHPAŞA CAD. NO:72/ELALELİ EMİNÖNÜ/CAĞALOĞLU FATİH İSTANBUL;;www.italgold.com.tr;italgold.com.tr;JTR - Mücevher İhracatçıları Birliği
JEFFE GOLD MÜCEVHERAT LİMİTED ŞİRKETİ;HOCAPAŞA MAHALLESİ, ANKARA CADDESİ, PAMİR HAN NO: 22, 5. KAT, DAİRE 13 FATİH İSTANBUL;;http://www.jeffegold.com;jeffegold.com;JTR - Mücevher İhracatçıları Birliği
JP KUYUMCULUK SANAYİ VE TİCARET LİMİTED ŞİRKETİ;ALEMDAR MAH. NURUOSMANİYE CAD NAFİZ PAŞA İŞ HANI NO :10 EMİNÖNÜ/CAĞALOĞLU FATİH İSTANBUL;(212) 5208384;www.jpdiamond.com.tr;jpdiamond.com.tr;JTR - Mücevher İhracatçıları Birliği
KAFKAS KUYUMCULUK MÜCEVHERAT SANAYİ VE TİCARET LİMİTED ŞİRKETİ;KALPAKCILAR CAD. NO.4-6 FATİH İSTANBUL;(212) 5220326;www.kafkas-jewellery.com.tr;kafkas-jewellery.com.tr;JTR - Mücevher İhracatçıları Birliği
KAHRAMAN GÜMÜŞ VE HEDİYELİK EŞYA PAZARLAMA SANAYİ VE TİCARET LİMİTED ŞİRKETİ;MOLLA FENARI MAH.BILEYCILER SOK.NO.27/20 MERMER İŞHANI EMİNÖNÜ/CAĞALOĞLU FATİH İSTANBUL;(212) 5201814;www.kahramansilver.com.tr;kahramansilver.com.tr;JTR - Mücevher İhracatçıları Birliği
KALİTE KUYUMCULUK İMALAT İTHALAT İHRACAT SANAYİ VE TİCARET ANONİM ŞİRKETİ;MOLLA FENARİ MAH.ŞEREF EFENDİ SOK.ŞENER CENTER.NO:28 KAT:1 NURUOSMANİYE FATİH İSTANBUL;(212) 5200099;www.kalitekuyumculuk.net;kalitekuyumculuk.net;JTR - Mücevher İhracatçıları Birliği
KAL-MET KALİBRASYON TİC.LTD.ŞTİ.;ÜÇEVLER MAH. 79. SOK. NO:1/A NİLÜFER BURSA;(224) 4415535;www.kal-met.com;kal-met.com;JTR - Mücevher İhracatçıları Birliği
KAMEROGLU KUYUMCULUK SANAYI VE DIS TICARET LTD.STI.;MOLLA FENARI MAH. VEZIR HANCAD. VEZIR HAN UST KAT NO:46 FATİH İSTANBUL;(212) 5226873;www.kameroglu.com.tr;kameroglu.com.tr;JTR - Mücevher İhracatçıları Birliği
KAMEROĞLU KUYUMCULUK SANAYİ VE TİCARET ANONİM ŞİRKETİ;AYNACILAR CAD. NO:4 KAPALIÇARŞI EMİNÖNÜ/CAĞALOĞLU FATİH İSTANBUL;(212) 5120972;www.kameroglu.com.tr;kameroglu.com.tr;JTR - Mücevher İhracatçıları Birliği
KARACA ZÜCCACİYE TİCARET VE SANAYİ A.Ş.;YAKUPLU MERKEZ MAH.BEYSAN SAN.SİT.BİRLİK CAD.NO.24 YAKUPLU BEYLİKDÜZÜ İSTANBUL;(212) 4124400;www.krc.com.tr;krc.com.tr;JTR - Mücevher İhracatçıları Birliği
KARMA AKSESUAR BUJİTERİ DIŞ TİCARET LİMİTED ŞİRKETİ;DEMİRTAŞ MAH.ORD.PROF.DR. CEMİL BİRSEL CAD.NO:18 A/1 FATİH İSTANBUL;(212) 5798249;http://www.karmabijuteri.com;karmabijuteri.com;JTR - Mücevher İhracatçıları Birliği
KAROPAK ENDUSTRIYEL ÜRÜNLER SANAİ VE TİCARET ANONİM ŞİRKETİ;ATAŞEHİR MAH. 8229/2 SOK. NO:17 ÇİĞLİ İZMİR;;www.karopak.com;karopak.com;JTR - Mücevher İhracatçıları Birliği
KENAN KIZILKAYA;KALICILARHAN NO:15 KAPALIÇARŞI FATİH İSTANBUL;(212) 5131762;www.kennedysilver.com;kennedysilver.com;JTR - Mücevher İhracatçıları Birliği
KIGA DANISMANLIK ITHALAT IHRACAT TICARET LIMITED SIRKETI;CEMIL MERIÇ MAH. CEMALETTIN SK. NO: 5 A ÜMRANİYE İSTANBUL;(216) 0000000;http://www.ekplastik.com.tr;ekplastik.com.tr;JTR - Mücevher İhracatçıları Birliği
KISMET TASARIM TAKI VE MÜCEVHERAT SANAYI TICARET ANONIM SIRKETI;TESVKİYE CAD. GUNES APT. NO:3/2 TESVKİYE ŞİŞLİ İSTANBUL;(212) 2653032;www.kismetbymilka.com;kismetbymilka.com;JTR - Mücevher İhracatçıları Birliği
KİLİTÇİ ŞAKİR KUYUMCULUK SANAYİ VE TİCARET LİMİTED ŞİRKETİ;IKITELLI MARMARA SAN. SIT. R BLK NO.451 BAĞCILAR İSTANBUL;(212) 4720499;www.kilitcisakir.com.tr;kilitcisakir.com.tr;JTR - Mücevher İhracatçıları Birliği
KİNESİS KUYUMCULUK ANONİM ŞİRKETİ;İKİTELLİ OSB MAH. DERSAN A BLOK SOK. A BLOK NO:1 İÇ KAPI NO:048 BAŞAKŞEHİR İSTANBUL;(212) 0000000;https://kinesis.money/;kinesis.money;JTR - Mücevher İhracatçıları Birliği
KLİMASAN KLİMA SANAYİ VE TİCARET ANONİM ŞİRKETİ;1.KISIM KEÇİLİKÖY OSB MAH.CUM.CAD.MANİSA OSB NO:1 YUNUS EMRE MANİSA;(236) 2362233;www.klimasan.com;klimasan.com;JTR - Mücevher İhracatçıları Birliği
KOCAELİ BORU PROFİL SANAYİ TİCARET ANONİM ŞİRKETİ;ÇEPNI MAH. SUADIYE BAGDAT CAD. IMALATHANE NO: 23 KARTEPE KOCAELİ;(262) 8566555;https://www.kocaeliboru.com/;kocaeliboru.com;JTR - Mücevher İhracatçıları Birliği
KOÇAK GOLD KUYUMCULUK DIŞ TİCARET ANONİM ŞİRKETİ;MOLLAFENARİ MAH. NURUOSMANİYE CAD. NO:56 EMİNÖNÜ/CAĞALOĞLU FATİH İSTANBUL;(212) 5265595;www.kocakgold.com;kocakgold.com;JTR - Mücevher İhracatçıları Birliği
KOÇAK MÜCEVHERAT İTHALAT İHRACAT SANAYİ VE TİCARET LİMİTED ŞİRKETİ;MOLLA FENARI MAH.ŞEREF EFENDISOK. NO:41 K:4 FATİH İSTANBUL;(212) 5148111;www.kocak.com.tr;kocak.com.tr;JTR - Mücevher İhracatçıları Birliği
KORHAN KUYUMC.DERI TEKS.URUNL. SAN.VE DIS TIC.LTD.STI.;ALEMDAR MAH. MOLLA FENARİ ÇIKMAZI GÜLBAY HAN NO : 5/2 EMİNÖNÜ/CAĞALOĞLU FATİH İSTANBUL;(212) 5179665;www.korhanrings.com;korhanrings.com;JTR - Mücevher İhracatçıları Birliği
KOZAN KUYUMCULUK SANAYİ VE TİCARET LİMİTED ŞİRKETİ;MOLLAFENARİ MAH. ADEM YAVUZ SOK.İPEK HAN BLOK NO:8 İÇ KAPI NO:101 EMİNÖNÜ/CAĞALOĞLU FATİH İSTANBUL;(212) 5207800;www.kozan.com.tr;kozan.com.tr;JTR - Mücevher İhracatçıları Birliği
KOZAN ZINCIR KUYUMCULUK SANAYI VE TICARET LIMITED SIRKETI;YENIBOSNA MERKEZ MAH. LADIN SK. KUYUMCUKENT NO: 4 IÇ KAPI NO: 1238 BAHÇELİEVLER İSTANBUL;(212) 5160975;http://www.kozangroup.com.tr;kozangroup.com.tr;JTR - Mücevher İhracatçıları Birliği
KRAL SAĞCANLAR KUYUMCULUK BAKIRCILIK İNŞAAT TURİZM TEKSTİL PETROLCÜLÜK SANAYİ VE TİC.LTD.ŞTİ;VEZİRHAN CAD. NURUOSMANİYE NO.56 MAHMUTPAŞA FATİH İSTANBUL;(212) 5197320;www.detaygold.com;detaygold.com;JTR - Mücevher İhracatçıları Birliği
KUASAR KUYUMCULUK YAPI VE SANAYİ TİCARET LİMİTED ŞİRKETİ;KUYUMCULAR SOK.NO:4 VİZYONPARK MERKEZ PLAZA C1 BLOK K:2 İÇ KAPI NO:225 YENİBOSNA MERKEZ 34180 BAHÇEL BAHÇELİEVLER İSTANBUL;(212) 5220608;www.kurshuni.com.tr;kurshuni.com.tr;JTR - Mücevher İhracatçıları Birliği
KUNT ELEKTRONIK SAN.VE TIC.A.S;IKITELLI ORGANIZE SAN.BOL.ATATÜRK BULVARI N:216 KÜÇÜKÇEKMECE İSTANBUL;02125497474;www.kunt.com.tr;kunt.com.tr;JTR - Mücevher İhracatçıları Birliği
KURTULAN KUYUMCULUK TİCARET VE SANAYİ LİMİTED ŞİRKETİ;ALEMDAR MAH. HİMAYEY-İ EFTAL SOK.NO:5 CAĞALOĞLU EMİNÖNÜ/CAĞALOĞLU FATİH İSTANBUL;(212) 5200909;www.kurtulan.com;kurtulan.com;JTR - Mücevher İhracatçıları Birliği
KÜBRA NUR BİJUTERİ SAN.VE TİC.LTD.ŞTİ.;İSTOÇ TİCARET MERKEZİ 13 ADA NO.134 BAĞCILAR İSTANBUL;(212) 6591578;www.kuppeli.com;kuppeli.com;JTR - Mücevher İhracatçıları Birliği
KÜF TAKI TASARIM LİMİTED ŞİRKETİ;CUMHURİYET BULVARI NO:54/227 KONAK İZMİR;(232) 4845254;http://www.kuftaki.com;kuftaki.com;JTR - Mücevher İhracatçıları Birliği
LA ROSA MÜCEVHERAT İTH. İHR. PAZ. SAN. VE TİC. LTD. ŞTİ.;EMİN SİNAN MAH. EVKAF SOK. GÜNEŞ HAN NO.17 D:1 ÇEMBERLİTAŞ FATİH İSTANBUL;(212) 5170050;www.bijuteriilarosa.ro;bijuteriilarosa.ro;JTR - Mücevher İhracatçıları Birliği
LARA KUYUMCULUK KIYMETLİ MADENLER PAZARLAMA SANAYİ TİCARET LİMİTED ŞİRKETİ;29 EKİM CAD. KUYUMCUKENT ATÖLYEBLOK 5. KAT 6. SOK. NO.21 YENİBOSNA BAHÇELİEVLER İSTANBUL;(212) 5137223;www.laragold.net;laragold.net;JTR - Mücevher İhracatçıları Birliği
LAVİN KUYUMCULUK SANAYİ VE TİCARET LİMİTED ŞİRKETİ;MOLLAFENARİ MAH. NURUOSMANİYE ERDEM HAN NO:36 KAT:2 34120 EMİNÖNÜ/CAĞALOĞLU FATİH İSTANBUL;(212) 5192813;www.lavindiamond.com;lavindiamond.com;JTR - Mücevher İhracatçıları Birliği
LEE N G JEWELRY DIŞ TİCARET LİMİTED ŞİRKETİ;HOBYAR MAHALLESİ CAĞALOĞLU YOKUŞU SOKAK KARVARİŞHANI NO:8 KAT:3 FATİH İSTANBUL;(212) 5146531;www.leengjewelry.com;leengjewelry.com;JTR - Mücevher İhracatçıları Birliği
LEGOR GROUP TR MADEN ALAŞIML. SAN.VE TIC.LTD.ŞTI.;IKITELLI ORG.SAN.BÖLG.GALVANATEK.KOOP.SAN.SIT.G BL.33 KÜÇÜKÇEKMECE İSTANBUL;02126715177;www.legor.com;legor.com;JTR - Mücevher İhracatçıları Birliği
LEGRAND ELEKTRİK SANAYİ ANONİM ŞİRKETİ;İHSAN DEDE CAD. GOSB 100.CAD.NO.112 GEBZE KOCAELİ;(262) 7511258;www.legrand.com.tr;legrand.com.tr;JTR - Mücevher İhracatçıları Birliği
LİDA TURİZM TİCARET VE SANAYİ LİMİTED ŞİRKETİ;MOLLAFENARİ MAH. NURUOSMANİYE CAD.GOLD PARK PLAZA NO:47 KAT:5 D:12 EMİNÖNÜ/CAĞALOĞLU FATİH İSTANBUL;;www.lidadiamond.com;lidadiamond.com;JTR - Mücevher İhracatçıları Birliği
LİVA KUYUMCULUK VE HEDİYELİK EŞYA SANAYİ TİCARET LİMİTED ŞİRKETİ;KUYUMCUKENT ATÖLYE BLOK K-3NO-9 YENİBOSNA YENİBOSNA BAHÇELİEVLER İSTANBUL;(212) 6031004;www.livagold.com.tr;livagold.com.tr;JTR - Mücevher İhracatçıları Birliği
LİZAY KUYUMCULUK TİC. A.Ş;MOLLAFENARİ MAH. ALİ BABA TÜRBE SOK. NO:17 FATİH İSTANBUL;(212) 5113222;www.lizaypirlanta.com;lizaypirlanta.com;JTR - Mücevher İhracatçıları Birliği
LOCCA DIAMOND MÜCEVHERAT TİCARET LİMİTED ŞİRKETİ;MOLLAFENARİ MAHALLESİ ŞEREFEFENDİ SOKAKŞEREFHAN N0:42/3B14 FATİH İSTANBUL;;http://www.loccagold.com;loccagold.com;JTR - Mücevher İhracatçıları Birliği
LONDİA KUYUMCULUK SANAYİ TİCARET LİMİTED ŞİRKETİ;MOLLA FENARİ MH. KILIÇÇILAR SK. ÇUHACI HANI NO:17 FATİH İSTANBUL;(212) 5424699;http://www.londiajewellery.com;londiajewellery.com;JTR - Mücevher İhracatçıları Birliği
MAGMAWELD ULUSLARARASI TİCARET A. Ş.;MASLAK MH BİLİM SK SUN PLAZA 5A-29 SARIYER İSTANBUL;(212) 4111400;www.magmaweld.com;magmaweld.com;JTR - Mücevher İhracatçıları Birliği
MARKİZ DIŞ TİCARET LİMİTED ŞİRKETİ;ALEMDAR MAH.NURUOSMANİYE CAD. DOKTOR CELAL BEY KARDEŞLER İŞHANI NO:1 KAT:2 EMİNÖNÜ/CAĞALOĞLU FATİH İSTANBUL;(212) 5204306;www.markizjewellery.com;markizjewellery.com;JTR - Mücevher İhracatçıları Birliği
MARSELDİAM KUYUMCULUK SANAYİ VE TİCARET LİMİTED ŞİRKETİ;ANKARA CAD. HOBYAR MAH. UYGUR İŞHANI NO:13 KAT :3 FATİH İSTANBUL;(212) 5144223;www.khailo.com;khailo.com;JTR - Mücevher İhracatçıları Birliği
MAYA DIZAYN KUYUMCULUK ANONİM ŞİRKETİ;YENİBOSNA MERKEZ MAH. LADİN SK. KUYUMCUKENT SİTESİ ATÖLYE BLOĞU NO:4 KAT: 5/5005 BAHÇELİEVLER İSTANBUL;;www.mayadizayn.com;mayadizayn.com;JTR - Mücevher İhracatçıları Birliği
MB DEHA KUYUMCULUK SANAYİ VE TİCARET LİMİTED ŞİRKETİ;MOLLAFENARI MAH. BILEYCILER SOK.NO.52 EMİNÖNÜ/CAĞALOĞLU FATİH İSTANBUL;(212) 5204728;www.mbdehasilver.com;mbdehasilver.com;JTR - Mücevher İhracatçıları Birliği
MCM AMBALAJ HEDİYELİK EŞYA KOZMETİK VE METAL İTHALAT İHRACAT SANAYİ VE LİMİTED ŞİRKETİ;YENİDOĞAN MAH POLAT SOK NO.19 BAYRAMPAŞA İSTANBUL;;www.mcbambalaj.com;mcbambalaj.com;JTR - Mücevher İhracatçıları Birliği
MED-ART SAĞLIK HİZMETLERİ VE KUYUMCULUK SANAYİ VE TİCARET LİMİTED ŞİRKETİ;MOLLA FENARİ MAH. ŞEREFEFENDİ SOK.NO.37 KAT:3 EMİNÖNÜ/CAĞALOĞLU FATİH İSTANBUL;(212) 5200041;www.zenpirlanta.com;zenpirlanta.com;JTR - Mücevher İhracatçıları Birliği
MEGA METAL SANAYİ VE TİCARET ANONİM ŞİRKETİ;MECLİSİ MEBUSAN CAD. FINDIKLI HAN N:63 K:2 BEYOĞLU İSTANBUL;(212) 2435454;www.megametal.com;megametal.com;JTR - Mücevher İhracatçıları Birliği
MEHMET FATİH EREN;YENİBOSNA MERKEZ MAH LADİN SK KUYUMCUKENT MAĞAZA BLOĞU NO:4 M İÇ KAPI NO:Z194 BAHÇELİEVLER İSTANBUL;;www.birikimaltin.com;birikimaltin.com;JTR - Mücevher İhracatçıları Birliği
MELİKE KUYUMCULUK SANAYİ TİCARET LİMİTED ŞİRKETİ;GAZI SINAN PASA SOK. NO:7 MOLLA FENARİ MAH FATİH İSTANBUL;(212) 5269350;www.melike.com.tr;melike.com.tr;JTR - Mücevher İhracatçıları Birliği
MELİS KIYMETLİ MADENLER TURİZM YAPI SANAYİ VE TİCARET LİMİTED ŞİRKETİ;KUYUMCUKENT ATÖLYE BLOKLARIK:5 6.SOK NO:5 İSTANBUL;(212) 6030906;www.melisgold.com;melisgold.com;JTR - Mücevher İhracatçıları Birliği
MELİSA KUYUMCULUK MÜCEVHERAT SAN. VE TİC. LTD. ŞTİ.;MOLLA FENARİ MAH. ÇUHACIHAN SOKAKÇUHACIHAN NO:25/5 FATİH İSTANBUL;(212) 5188982;www.melisagold.com;melisagold.com;JTR - Mücevher İhracatçıları Birliği
MERT KUYUMCULUK SANAYİ TİCARET LİMİTED ŞİRKETİ;SEFAKÖY TEVFİKBEY MAH. DR. ALİ DEMİR CAD.NO:39 KÜÇÜKÇEKMECE İSTANBUL;(212) 6030343;www.bmarings.com;bmarings.com;JTR - Mücevher İhracatçıları Birliği
MESİH KUYUMCULUK SANAYİ VE TİCARET LİMİTED ŞİRKETİ;TARAKCILAR HANI SOK. NO.4 K.2/4 MAHMUTPAŞA FATİH İSTANBUL;(212) 5283094;www.mesih.com;mesih.com;JTR - Mücevher İhracatçıları Birliği
MIMOZA KUYUMCULUK SAN.TIC. LTD.STI.;SEREFEFENDI SOK. ÜÇLER HAN NO.47/2 FATİH İSTANBUL;(212) 5138419;www.mimozadiamond.com;mimozadiamond.com;JTR - Mücevher İhracatçıları Birliği
MİAS ACCESSORİES DOĞAL TAŞ İTHALAT İHRACAT TİCARET LTD.ŞTİ.;KAZLIÇEŞME MAH. KENNEDY CAD. BÜYÜKYALI İSTANBULSİTESİ NO:52A İÇ KAPI NO:55 ZEYTİNBURNU İSTANBUL;(212) 4165000;http://miasaccessories.com;miasaccessories.com;JTR - Mücevher İhracatçıları Birliği
MİDAS HEDİYELİK EŞYA SANAYİ VE TİCARET ANONİM ŞİRKETİ;YALCIN KORES CAD. NO.18 BAHÇELİEVLER İSTANBUL;(212) 5039080;www.midas.com.tr;midas.com.tr;JTR - Mücevher İhracatçıları Birliği
MİLAN HEDİYELİK EŞYA SANAYİ VE TİCARET ANONİM ŞİRKETİ;MOLLA FENARİ MAH. ŞEREF EFENDİ SOKAK NO:41 EMİNÖNÜ/CAĞALOĞLU FATİH İSTANBUL;(212) 5199042;www.milanjewellery.com;milanjewellery.com;JTR - Mücevher İhracatçıları Birliği
MİORO HEDİYELİK EŞYA SAN. VE TİC. A.Ş.;YENİBOSNA MERKEZ MAH. KAVAK SK. NO:20 YENİBOSNA BAHÇELİEVLER İSTANBUL;(212) 5512222;www.mioro.com.tr;mioro.com.tr;JTR - Mücevher İhracatçıları Birliği
MİR HEDİYELİK EŞYA SANAYİ VE TİCARET LİMİTED ŞİRKETİ;MOLLA FENERİ MAH. VEZİRHAN CAD. NO:47 FATİH İSTANBUL;(212) 5224450;www.mirdiamond.com;mirdiamond.com;JTR - Mücevher İhracatçıları Birliği
MODA KUYUMCULUK SANAYİ VE DIŞ TİCARET LİMİTED ŞİRKETİ;VİZYON PARK C2 BLOK K.4 NO.411 34180 BAHÇELİEVLER İSTANBUL;(212) 6030748;www.modaalyans.com;modaalyans.com;JTR - Mücevher İhracatçıları Birliği
MODEL KUYUMCULUK SANAYİ VE TİCARET ANONİM ŞİRKETİ;NURUOSMANİYE CD.NO:60/1 MOLLAFENARİ MAH 34980 FATİH, İSTANBUL, TÜRKİYE EMİNÖNÜ/CAĞALOĞLU FATİH İSTANBUL;(212) 5112838;www.e-modelpirlanta.com;e-modelpirlanta.com;JTR - Mücevher İhracatçıları Birliği
MODERNİST BİJUTERİ SANAYİ TİCARET LİMİTED ŞİRKETİ;MERCAN MAH ÇAKMAKCILAR YOKUŞU SK BÜYÜK VALİDEİŞHANI N:31/64 FATİH İSTANBUL;(212) 5121339;www.modernistbijuteri.com;modernistbijuteri.com;JTR - Mücevher İhracatçıları Birliği
MODES ETİKET VE PROMOSYON HEDİYELİK EŞYA SAN.TİC. LTD.ŞTİ.;MASSİT MATBAACILAR SİTESİ 100. YIL MAH. 4. CAD. NO:93/1 BAĞCILAR İSTANBUL;(212) 5493500;www.modesetiket.com;modesetiket.com;JTR - Mücevher İhracatçıları Birliği
MONTÜR İŞ HEDİYELİK EŞYA SANAYİ VE TİCARET LİMİTED ŞİRKETİ;MOLLA FENARİ MAH. ŞEREFEFENDİ SK. NO:47 EMİNÖNÜ/CAĞALOĞLU FATİH İSTANBUL;(212) 5206060;www.monturis.com.tr;monturis.com.tr;JTR - Mücevher İhracatçıları Birliği
MORIS ABRAVAYA;GİYİMKENT 9.SOKAK NO 64A ESENLER İSTANBUL;(212) 4380702;www.ma-cs.eu;ma-cs.eu;JTR - Mücevher İhracatçıları Birliği
MORVAN MÜCEVHERAT SANAYİ LİMİTED ŞİRKETİ;YENİBOSNA MERKEZ MAH KUYUMCUKENT SOKAK NO:32 İÇ KAPI NO :248 BAHÇELİEVLER İSTANBUL;;http://www.neweragold.com;neweragold.com;JTR - Mücevher İhracatçıları Birliği
MOSART KUYUMCULUK SANAYİ VE TİCARET LİMİTED ŞİRKETİ;ALEMDAR MAHALLESİ ÇATALÇEŞMESOKAK MUHTAR AYKIN HAN NO:19/1 İÇ KAPI:101 FATİH İSTANBUL;(212) 0000000;www.mosartpirlanta.com;mosartpirlanta.com;JTR - Mücevher İhracatçıları Birliği
MOTİF KUYUMCULUK SANAYİ VE TİCARET ANONİM ŞİRKETİ;VEZIRHAN CAD. NO.101/1 FATİH İSTANBUL;02125134826;www.robertobravo.com;robertobravo.com;JTR - Mücevher İhracatçıları Birliği
MUHAMMET SALİH YILDIRIM;OSMANAĞA MAH SÖĞÜTLÜÇEŞME CAD NO:64A KADIKÖY İSTANBUL;(216) 0000000;www.tassandigi.com;tassandigi.com;JTR - Mücevher İhracatçıları Birliği
MURAD KUYUMCULUK VE HEDİYELİK EŞYA İTHALAT İHRACAT SANAYİ VE TİCARET LİMİTED ŞİRKETİ;YENİBOSNA MERKEZ MAH. KUYUMCUKENT MAĞAZA BLOĞU ZÜMRÜT SOK. NO:55 BAHÇELİEVLER İSTANBUL;(212) 6030130;www.muradgold.com;muradgold.com;JTR - Mücevher İhracatçıları Birliği
MURAT KIZILTEPE;MİMAR HAYRETTTİN MAH. YENİÇERİLER CAD. DİVAN-I ALİ SOK.ZAFERİŞ HANI NO.11/3 BEYAZIT FATİH İSTANBUL;(212) 5220595;www.zerrger.com;zerrger.com;JTR - Mücevher İhracatçıları Birliği
MURAT ÖZAKYÜZ;EMEKEVLER MAH. FIRAT SK. KATSİAD KARTEPESANAYİCİ VE İŞ ADAMLARI DERNEĞİ NO:1/1-A - PK:4125 KARTEPE KOCAELİ;(262) 3715361;www.hsmyapi.com;hsmyapi.com;JTR - Mücevher İhracatçıları Birliği
MURAT SİLVER KUYUMCULUK SANAYİ VE TİCARET LİMİTED ŞİRKETİ;MOLLA FENARİ MAH. BİLEYCİLER SK. NO:6 FATİH İSTANBUL;(212) 5190410;www.muratsilver.com.tr;muratsilver.com.tr;JTR - Mücevher İhracatçıları Birliği
NADIR AY KUYUMCULUK VE HEDIYE ESYA SANAYİ VE TICARET LİMİTED ŞİRKETİ;YENİBOSNA MERKEZ MAHALLESİ KUYUMCULAR SOKAK KUYUMCUKENT VİZYONPARK SİTESİ NO:4 C2 BLOK KAT:4 / 410 3 BAHÇELİEVLER İSTANBUL;(212) 9990111;www.nadiray.com;nadiray.com;JTR - Mücevher İhracatçıları Birliği
NADİR DÖVİZ VE KIYMETLİ MADEN TİCARETİ YETKİLİ MÜESSESE ANONİM ŞİRKETİ;KAPALI ÇARŞI KAVAFLAR SOK. NO:60-62 EMİNÖNÜ/CAĞALOĞLU FATİH İSTANBUL;(212) 5131395;www.nadirdoviz.com.tr;nadirdoviz.com.tr;JTR - Mücevher İhracatçıları Birliği
NADİR METAL RAFİNERİ SAN. VE TİC. A.Ş.;YENİBOSNA MERKEZ MAH LADİN SOK NO:4 ATÖLYE BLOK ZEMİN KAT 015 KUYUMCUKENT BAHÇELİEVLER İSTANBUL;(212) 6030967;www.nadirmetal.com.tr;nadirmetal.com.tr;JTR - Mücevher İhracatçıları Birliği
NAKKAŞ HALICILIK KUYUMCULUK TURİZM TİCARET LİMİTED ŞİRKETİ;NAKİLBENT SK.NO:13 SULTANAHMET FATİH İSTANBUL;(212) 5165222;www.nakkasrug.com;nakkasrug.com;JTR - Mücevher İhracatçıları Birliği
NENA KUYUMCULUK VE KIYMETLİ MADENLER SAN. VE TİC. LTD. ŞTİ.;SULTANAHMET MAH. KLODFARER CAD. NO:6/1 FATİH İSTANBUL;(212) 5183674;www.nenatrade.com;nenatrade.com;JTR - Mücevher İhracatçıları Birliği
NİCHE İSTANBUL KUYUMCULUK SANAYİ VE TİCARET LİMİTED ŞİRKETİ;KUYUMCULAR SOK. İSTANBUL VİZYON PARK MERKEZ PLAZAC2 BLOK 7. KAT N0:710/711 YENİBOSNA MERKEZ MAH. YENİBOSNA BAHÇELİEVLER İSTANBUL;(212) 5510611;www.nicheistanbul.com;nicheistanbul.com;JTR - Mücevher İhracatçıları Birliği
NİKOL KUYUMCULUK SANAYİ VE TİCARET LİMİTED ŞİRKETİ;ALEMDAR MAH.MOLLA FENARİ SOK.YILMAZ APT17/101 GİRİŞ KAT CAĞALOĞLU FATİH İSTANBUL;(212) 5261146;www.nikol.tr;nikol.tr;JTR - Mücevher İhracatçıları Birliği
NOBEL İÇ VE DIŞ TİC. LTD. ŞTİ.;HALASKARGAZI CAD. NO.94 KAT 2 D.4 ŞİŞLİ İSTANBUL;(212) 3202734;www.nobelexport.com;nobelexport.com;JTR - Mücevher İhracatçıları Birliği
ODAK SANAT HOBI VE KRAFT SAN. DIS TIC.LTD.STI.;TALATPAŞA MAH. AYDOĞAN CAD. NO:31/B KAĞITHANE İSTANBUL;(212) 3204594;www.odakhobi.com;odakhobi.com;JTR - Mücevher İhracatçıları Birliği
OFİS DEPOT KUYUMCULUK BİLGİSAYAR SANAYİ İÇ VE DIŞ TİCARET LİMİTED ŞİRKETİ;MOLLAFENARİ MAH. GAZİ SİNAN PAŞA SOK. KUTLU İŞHANI NO.10 D.401 FATİH İSTANBUL;(212) 5173995;www.ofisdepot.com.tr;ofisdepot.com.tr;JTR - Mücevher İhracatçıları Birliği
OK GÜMÜŞ DERİ KUYUMCULUK GIDA TEKSTİL SANAYİ VE DIŞ TİCARET LİMİTED ŞİRKETİ;TOPÇULAR MAH. RAMI KIŞLA CAD.SEFERAĞA SAN. SIT. A BLOK. NO.330 EYÜP İSTANBUL;(212) 6135543;www.oksilver.biz;oksilver.biz;JTR - Mücevher İhracatçıları Birliği
OK KUYUMCULUK TURİZM SANAYİ VE TİCARET LİMİTED ŞİRKETİ;MAHMUTPASA KILICCILAR SOK. CUHACIHAN ALT KAT NO.21 FATİH İSTANBUL;(212) 5282103;www.bygold.com;bygold.com;JTR - Mücevher İhracatçıları Birliği
OLGUN MÜCEVHERAT SANAYİ TİCARET LİMİTED ŞİRKETİ;MERKEZ MAH. KUYUMCULAR SOK. İST.VİZYONPARK MERKEZ PLAZA C 1 BLOK KAT 3 NO:324 BAHÇELİEVLER İSTANBUL;(212) 5132223;www.olgunjewellery.com;olgunjewellery.com;JTR - Mücevher İhracatçıları Birliği
ON MÜCEVHERAT SANAYİ VE DIŞ TİCARET ANONİM ŞİRKETİ;KAZLIÇEŞME MAH. KENNEDY CAD. NO:52-IB KAZLIÇEŞME ZEYTİNBURNU İSTANBUL;(212) 5261010;www.storks.com.tr;storks.com.tr;JTR - Mücevher İhracatçıları Birliği
ONSA RAFİNERİ ANONİM ŞİRKETİ;OSMANGAZİ MAH.3117 SOK. NO:3 ESENYURT OSMANGAZİ MAH ESENYURT İSTANBUL;(212) 8867100;www.onsarafineri.com;onsarafineri.com;JTR - Mücevher İhracatçıları Birliği
ONUR KARDEŞLER KUYUMCULUK VE DAYANIKLI TÜKETİM MALLARI SANAYİ TİCARET LİMİTED ŞİRKETİ;MOLLAFENARİ MAH. BİLEYCİLER SOK. NO:5 FATİH İSTANBUL;(212) 5129080;www.silvermurat.com;silvermurat.com;JTR - Mücevher İhracatçıları Birliği
ORKOM MADENCİLİK A.Ş.;AHİ EVRAN ORGANİZE SANAYİ BÖL.MAH. NAHÇİVAN CAD. NO:11 SİNCAN ANKARA;(312) 2676080;www.mnggold.com;mnggold.com;JTR - Mücevher İhracatçıları Birliği
OROFİNE GOLD KIYMETLİ MADENLER ANONİM ŞİRKETİ;1.ORGANİZE SANAYİ BÖLGESİ MH. 9.CAD. NO:6 ARİFİYE/SAKARYA ARİFİYE SAKARYA;(264) 0000000;www.orofinegold.com;orofinegold.com;JTR - Mücevher İhracatçıları Birliği
ORYUM KUYUMCULUK TURİZM HEDİYELİK EŞYA SANAYİ VE TİCARET LİMİTED ŞİRKETİ;MOLLAFENARİ MAH. VEZİRHAN CAD. NO.27 EMİNÖNÜ/CAĞALOĞLU FATİH İSTANBUL;(212) 5263757;www.frankofontana.com.tr;frankofontana.com.tr;JTR - Mücevher İhracatçıları Birliği
OSET KUYUMCULUK SANAYİ VE TİCARET LİMİTED ŞİRKETİ;MERKEZ MAH. KUYUMCULAR SOK. KUYUMCUKENTVİZYONPARK SİTESİ C-2 ATÖLYE BLOK NO:4/409 YENİBOSNA YENİBOSNA BAHÇELİEVLER İSTANBUL;(212) 6031251;www.osetkuyumculuk.com;osetkuyumculuk.com;JTR - Mücevher İhracatçıları Birliği
OSMAN KAYA;TAHTAKALE MAH. TOMRUK SOK. ASRİİŞ HANI NO:21/202 TAHTAKALE FATİH İSTANBUL;(212) 5113421;www.karmabijuteri.com;karmabijuteri.com;JTR - Mücevher İhracatçıları Birliği
OSMANLI KIYMETLİ MADENLER TİCARETİ ANONİM ŞİRKETİ;YENİBOSNA MERKEZ MAH.LADİN SOK.KUYUMCUKENT ATÖLYE BLOĞU NO:4/1173 BAHÇELİEVLER İSTANBUL;;www.osmanlımetal.com;osmanlımetal.com;JTR - Mücevher İhracatçıları Birliği
ÖZ OSMANLI KUYUMCULUK SANAYİ VE TİCARET LİMİTED ŞİRKETİ;BILEYICILER SOK. NO.36/A FATİH İSTANBUL;(212) 5270395;www.ozosmanli.com;ozosmanli.com;JTR - Mücevher İhracatçıları Birliği
ÖZBAŞLAR KUYUMCULUK İMALAT İTHALAT İHRACAT TAAHHÜT SANAYİ VE TİCARET LİMİTED ŞİRKETİ;ÇUHACI HAN SOK NO:9KAPALIÇARŞI FATİH İSTANBUL;(212) 5145030;www.orsagold.com;orsagold.com;JTR - Mücevher İhracatçıları Birliği
ÖZBEYSTONE KUYUMCULUK SANAYİ VE TİCARET LİMİTED ŞİRKETİ;MOLLA FENARİ MAH.BİLEYCİLER SK.NO:13 FATİH FATİH İSTANBUL;(212) 6031026;http://www.ozbeystone.com;ozbeystone.com;JTR - Mücevher İhracatçıları Birliği
ÖZBOLAT KUYUMCULUK İTH. İHR. SAN. VE TİC. LTD. STİ.;M.NEZİHİ ÖZMEN MAH. KERESTECILER SİT. KASIM SOK. NO:4 GÜNGÖREN İSTANBUL;(212) 5055989;www.labeljewellery.com;labeljewellery.com;JTR - Mücevher İhracatçıları Birliği
ÖZCAN GÜMÜŞ SANAYİ VE TİCARET LİMİTED ŞİRKETİ;MOLLA FENARI MAH. KÜRKÇÜLERPAZARI SOK. NO:6 FATİH İSTANBUL;(212) 5225604;www.ozcangumus.com.tr;ozcangumus.com.tr;JTR - Mücevher İhracatçıları Birliği
ÖZCAN MÜCEVHERAT SANAYİ VE TİCARET LİMİTED ŞİRKETİ;KÜRKÇÜLER PAZARI SOK. NO. 4CÇEMBERLİTAŞ EMİNÖNÜ/CAĞALOĞLU FATİH İSTANBUL;(212) 5223600;www.ozcansilver.com;ozcansilver.com;JTR - Mücevher İhracatçıları Birliği
ÖZEN PROMOSYON VE REKLAM SAN. TİC. LTD. ŞTİ.;İKİTELLİ OSB MH ÇORAPCİLAR SAN SİT E BLOK NO:7 BAŞAKŞEHİR İSTANBUL;(212) 6595577;www.ozenpromosyon.com;ozenpromosyon.com;JTR - Mücevher İhracatçıları Birliği
ÖZNAME KUYUMCULUK SANAYİ VE TİCARET ANONİM ŞİRKETİ;BAĞLAR MAH YALÇIN KOREŞ CAD NO:22/2İÇ KAPI NO:52 BAĞCILAR İSTANBUL;(212) 6030586;www.gustogold.com;gustogold.com;JTR - Mücevher İhracatçıları Birliği
ÖZYIL TUZ İŞLETMECİLİĞİ GIDA NAKLİYAT MAKİNA İNŞAAT TİCARET VE SANAYİ LTD.ŞTİ.;ARABACI ALANI MAH. ESKİ KAZIMPAŞA CAD. NO.119/A SERDİVAN SAKARYA;(264) 2777607;www.marmaratuz.com;marmaratuz.com;JTR - Mücevher İhracatçıları Birliği
PARAM DIAMOND KUYUMCULUK TİC.LTD.ŞTİ.;MOLLAFENARİ MAH. ŞEREEFENDİ SOK. ŞENER CENTER NO:28 KAT:4 EMİNÖNÜ/CAĞALOĞLU FATİH İSTANBUL;(212) 5140672;www.paramdiamond.com;paramdiamond.com;JTR - Mücevher İhracatçıları Birliği
PİXRAL MEDYA DANIŞMANLIK ORGANİZASYON KUYUMCULUK VE TİCARET LİMİTED ŞİRKETİ;ATAKÖY 7-8-9-10. KISIM ÇOBANÇEŞME E5YANYOL ATAKÖY TOWERS B.N: 20/1/70 BAKIRKÖY İSTANBUL;(212) 0000000;www.pixral.com;pixral.com;JTR - Mücevher İhracatçıları Birliği
PLS DIŞ TICARET LIMITED SIRKETI;ALEMDAR MAH.SALKIM SÖĞÜT SK. NO:4/101 FATİH İSTANBUL;(212) 5224353;www.pls.ist;pls.ist;JTR - Mücevher İhracatçıları Birliği
PREMİER HEDİYELİK EŞYA VE PAZARLAMA SANAYİ DIŞ TİCARET ANONİM ŞİRKETİ;MOLLA FERAHİ MAH. KILIÇLAR SOK. NO.8 FATİH İSTANBUL;(212) 5131112;www.ishakoglugold.com;ishakoglugold.com;JTR - Mücevher İhracatçıları Birliği
PROJEBİR TASARIM VE DANIŞMANLIK LİMİTED ŞİRKETİ;SULTAN SELİM MAH. YAMAÇ SK. NO: 8 A KAĞITHANE İSTANBUL;(212) 0000000;http://projebir.com;projebir.com;JTR - Mücevher İhracatçıları Birliği
PROVA GLOBAL ITHALAT IHRACAT BAGLANTI ELEMANLAR SAN TİC LTD ŞTİ;KURTKÖY MH. SOYDAŞ SK. B BLOK NO:2 BA PENDİK İSTANBUL;(224) 9080372;www.provaglobal.com;provaglobal.com;JTR - Mücevher İhracatçıları Birliği
REGOLD KUYUMCULUK SANAYİ VE TİCARET ANONİM ŞİRKETİ;VEZİRHAN CAD. NO.66/A EMİNÖNÜ/CAĞALOĞLU FATİH İSTANBUL;(212) 5202385;www.regold.com.tr;regold.com.tr;JTR - Mücevher İhracatçıları Birliği
REİS MÜCEVHERAT VE KUYUMCULUK TİC.A.Ş.;TEŞVİKİYE MAH. AKKAVAK SOKAK AKINCI APT. N:30 PK:34360 ŞİŞLİ İSTANBUL;(212) 0000000;www.reiskuyumculuk.com;reiskuyumculuk.com;JTR - Mücevher İhracatçıları Birliği
REM CELIK END.MLZ.SAN.IC VE DIS.TIC.LTD.STI.;GURPINAR ADNAN KAHVECI MAH. KOROGLU CD NO:.43/1 BÜYÜKÇEKMECE İSTANBUL;02128753082;www.remcelik.com;remcelik.com;JTR - Mücevher İhracatçıları Birliği
REVAÇ GOLD KUYUMCULUK SANAYİ VE TİCARET LİMİTED ŞİRKETİ;YENİBOSNA MERKEZ MAHALLESİ LADİN SOKAK KUYUMCUKENTKOMPLEKSİ ATÖLYELER BLG. 1.KAT 3. SOKAK NO:12 BAHÇELİEVLER İSTANBUL;(212) 5192631;www.revacgold.com;revacgold.com;JTR - Mücevher İhracatçıları Birliği
RIFAT TALAY MÜCEVHERAT LİMİTED ŞİRKETİ;MOLLAFENARİ MAH. KÜRKÇÜLER PAZARI SOK. NO:5 RİFAT TALAY JEWELLERY 34120 İSTANBUL, FATİH, TÜRKİYE FATİH İSTANBUL;(212) 5289341;www.rifattalay.com;rifattalay.com;JTR - Mücevher İhracatçıları Birliği
SAAT VE SAAT SANAYI VE TICARET ANONİM ŞİRKETİ;BUYUKDERE CD.NOREMIN IS MERKZINO:237/B ŞİŞLİ İSTANBUL;02123284200;www.saatvesaat.com;saatvesaat.com;JTR - Mücevher İhracatçıları Birliği
SABEN AKSESUAR HEDIYELIK EŞYA SANAYİ VE TICARET LİMİTED ŞİRKETİ;ADNAN KAHVECİ CD. NO.110 K.3 TARABYA SARIYER İSTANBUL;(212) 2621187;www.shopmonreve.com;shopmonreve.com;JTR - Mücevher İhracatçıları Birliği
SADE GOLD KIYMETLİ MADENLER ANONİM ŞİRKETİ;MOLLA FENARİ MAH NUR-U OSMANİYE CAD A BLOK NO 22 FATİH İSTANBUL;;www.sadegold.com.tr;sadegold.com.tr;JTR - Mücevher İhracatçıları Birliği
SADE İŞ KUYUMCULUK İTHALAT İHRACAT SANAYİ VE TİCARET ANONİM ŞİRKETİ;NURUOSMANIYE SEREF EFENDİ SOK. NO.8/A EMİNÖNÜ/CAĞALOĞLU FATİH İSTANBUL;(212) 5267968;www.sadeis.com.tr;sadeis.com.tr;JTR - Mücevher İhracatçıları Birliği
SAĞCAN KIYMETLİ MADENLER ANONİM ŞİRKETİ;YENİBOSNA MERKEZ MAH. KUYUMCUKENT SK.KUYUMCUKENT NO: 4 M İÇ KAPI NO: 1226 BAHÇELİEVLER İSTANBUL;(212) 8122141;http://www.sagcankiymetli.com;sagcankiymetli.com;JTR - Mücevher İhracatçıları Birliği
SAİT KOÇ;HÜSEYİNAĞA CAMİ SK. AVCILAR HAN K:2/21ÇARŞIKAPI YEŞİLKÖY BAKIRKÖY İSTANBUL;(212) 5228150;www.koçkuyumculuk.com;koçkuyumculuk.com;JTR - Mücevher İhracatçıları Birliği
SAMI KUYUMCULUK TICARET LTD.STI.;YENİBOSNA KÖYALTI MEVKİİ 29 EKİM CAD. ATÖLYE BLOK K:3 11. SOK. NO:1 YENİBOSNA BAHÇELİEVLER İSTANBUL;(212) 6030180;www.sami.com.tr;sami.com.tr;JTR - Mücevher İhracatçıları Birliği
SAMİ SAAT VE MÜCEVHERAT TİCARET ANONİM ŞİRKETİ;ATAKÖY 1. KISIM MAHALLESİ RAUF ORBAY CADDESİ GALLERİA AVM BLOK NO:6 ATAKÖY BAKIRKÖY İSTANBUL;(212) 5598159;www.samiwatches.com;samiwatches.com;JTR - Mücevher İhracatçıları Birliği
SAMSUN SAR ALTIN KIYMETLİ MADENLER LİMİTED ŞİRKETİ;KALE MAHALLESİ SAKARYA CD. NO:29/2 İLKADIM SAMSUN;(362) 4351247;http://www.saraltin.com.tr;saraltin.com.tr;JTR - Mücevher İhracatçıları Birliği
SAMSUNG ELECTRONICS ISTANBUL P AZ.VE TIC.LTD.STI.;OTAKÇILAR CAD. NO: 78 FLATOFİS İŞ MERKEZİ KAT: 3 NO: B3 ? KAT: 4 NO: 59 / 1 EYÜP İSTANBUL;(212) 4670600;www.samsung.com;samsung.com;JTR - Mücevher İhracatçıları Birliği
SARIÇİÇEK HEDİYELİK EŞYA SANAYİ TİCARET LİMİTED ŞİRKETİ;SARIDEMİR MAH. UZUNÇARŞI CAD. NO:233/1 FATİH İSTANBUL;(212) 5273630;www.soagift.com;soagift.com;JTR - Mücevher İhracatçıları Birliği
SARKUYSAN ELEKTROLİTİK BAKIR SANAYİ VE TİCARET ANONİM ŞİRKETİ;EMEK MAH. ASİROGLU CAD. NO:147 DARICA KOCAELİ;(262) 6766600;www.sarkuysan.com;sarkuysan.com;JTR - Mücevher İhracatçıları Birliği
SAY RAMAT KUYUMCULUK SAN. VE TİC. LTD. ŞTİ.;ORHANGAZİ MAH. 15. YOL SK. ISISO SNAYİ SİTESİ NO:5 34510 ESENYURT İSTANBUL;(212) 6230030;www.saymetal.com.tr;saymetal.com.tr;JTR - Mücevher İhracatçıları Birliği
SAYAR KUYUMCULUK HIZM.SAN.VE TIC.A.S.;931 SOK. NO:6/201 KEMERALTI KONAK İZMİR;(212) 5129710;www.sayarjewellery.com;sayarjewellery.com;JTR - Mücevher İhracatçıları Birliği
SERİES 7 83 KUYUMCULUK İTHALAT İHRACAT VE DIŞ TİCARET LİMİTED ŞİRKETİ;TEŞVİKİYE MAH. AV. SÜREYYA AĞAOĞLU SK. GÜNAL APT.NO: 1 İÇ KAPI NO: 1 ŞİŞLİ İSTANBUL;;http://www.series783.com;series783.com;JTR - Mücevher İhracatçıları Birliği
SERRA KIYMETLİ MADENLER SANAYİ VE TİCARET LİMİTED ŞİRKETİ;MOLLA FENARİ MAH KILIÇÇILAR SOK NO:8 FATİH İSTANBUL;(212) 5272703;http://serrakiymetlimadenler.com;serrakiymetlimadenler.com;JTR - Mücevher İhracatçıları Birliği
SEYREKOĞLU KUYUMCULUK SANAYİ VE TİCARET ANONİM ŞİRKETİ;NURUOSMANIYE CAD. NO.74 EMİNÖNÜ/CAĞALOĞLU FATİH İSTANBUL;(212) 5200268;www.seyrekoglu.com;seyrekoglu.com;JTR - Mücevher İhracatçıları Birliği
SEZER ALTIN SAN. VE TİC. LTD. ŞTİ.;LADİN SOK. KUYUMCUKENT ATÖLYESİBLOĞU ZEMİN KAT 9. SOK. NO:15 YENİBOSNA BAHÇELİEVLER İSTANBUL;(212) 6032082;www.sezerkuyumculuk.com;sezerkuyumculuk.com;JTR - Mücevher İhracatçıları Birliği
SEZGİN MÜCEVHERAT SANAYİ VE TİCARET ANONİM ŞİRKETİ;EMİNSİNAN MAH. KARABABA TÜRBESİ SK. NO:1 ÇEMBERLİTAŞ FATİH İSTANBUL;(212) 5136800;www.sezginjewels.com;sezginjewels.com;JTR - Mücevher İhracatçıları Birliği
SHAHINY KUYUMCULUK SANAYİ VE TİCARET LİMİTED ŞİRKETİ;BİNBİRDİREK MAH. PİYER LOTİ CAD. AYBERK APT. NO:3/1 FATİH İSTANBUL;(212) 0000000;http://www.shahiny.com;shahiny.com;JTR - Mücevher İhracatçıları Birliği
SİMORO KUYUMCULUK SANAYİ VE DIŞ TİCARET LTD.ŞTİ.;MOLLAFENARİ MAH. NURUOSMANİYE CAD.NO.49 K:1 EMİNÖNÜ/CAĞALOĞLU FATİH İSTANBUL;(212) 5146888;www.simoro.com;simoro.com;JTR - Mücevher İhracatçıları Birliği
SİMYA MÜCEVHERAT SANAYİ VE TİCARET ANONİM ŞİRKETİ;MERKEZ MH.LADİN SOK.NO:4 KUYUMCUKENT AVM BLOĞUKAT.1 FİRUZE SK.NO:553 YENİBOSNA BAHÇELİEVLER İSTANBUL;(212) 6032400;www.simyajewelry.com;simyajewelry.com;JTR - Mücevher İhracatçıları Birliği
SİNA KUYUMCULUK VE KIYMETLİ MADENLER SANAYİ TİCARET ANONİM ŞİRKETİ;MOLLA FENARİ MAH.ŞEREFEFENDİ SOKAKN:59/1 MAHMUTPAŞA FATİH İSTANBUL;(212) 5275080;www.sinajewellery.com;sinajewellery.com;JTR - Mücevher İhracatçıları Birliği
SMART GÜNEŞ ENERJİSİ TEKNOLOJİLERİ ARAŞTIRMA GELİŞTİRME ÜRETİM SANAYİ VE TİCARET ANONİM ŞİRKETİ;ENERGY PLAZA FERAGAT SOKAK NO:2 İÇKAPI NO:6-RÜZGARLIBAHÇE MAH. KAVACIK BEYKOZ İSTANBUL;(262) 6737100;https://smartsolar.com.tr/;smartsolar.com.tr;JTR - Mücevher İhracatçıları Birliği
SOMORO KUYUMCULUK HEDİYELİK EŞYA SANAYİ VE TİCARET ANONİM ŞİRKETİ;NURUOSMANIYE VEZIRHAN CAD.NO.68/A EMİNÖNÜ/CAĞALOĞLU FATİH İSTANBUL;(212) 5111810;www.somoro.com;somoro.com;JTR - Mücevher İhracatçıları Birliği
SO-TEC KUYUMCULUK MAK.SAN.VE PAZARLAMA LTD.STI.;EMINSINAN M.GEDIKPASA HAMAM CD. NO.5 D.2-3 SULTANAHMET FATİH İSTANBUL;(212) 4588902;www.sotecmakina.com;sotecmakina.com;JTR - Mücevher İhracatçıları Birliği
SÖZER KUYUMCULUK SANAYİ VE TİCARET ANONİM ŞİRKETİ;YALÇIN KOREŞ CADDESİ NO:36 GÜNEŞLİ BAĞCILAR İSTANBUL;(212) 6558372;www.sozer.com.tr;sozer.com.tr;JTR - Mücevher İhracatçıları Birliği
SPARKEL PIRLANTA KUYUMCULUK SANAYİ VE TİCARET ANONİM ŞİRKETİ;MOLLA FENARİ MH. GAZİ SİNANPAŞA SK. 10/4 FATİH İSTANBUL;(212) 0000000;www.sparkeldiamonds.com;sparkeldiamonds.com;JTR - Mücevher İhracatçıları Birliği
STAR PIRLANTA SANAYİ VE TİCARET ANONİM ŞİRKETİ;BİNBİRDİREK MAH. PEYKHANE CAD.NO:4 GİRİŞ KAT ÇEMBERLİTAŞ EMİNÖNÜ/CAĞALOĞLU FATİH İSTANBUL;;www.starpirlanta.com.tr;starpirlanta.com.tr;JTR - Mücevher İhracatçıları Birliği
STARTAŞ KUYUMCULUK GEMOLOJİK ANALİZ VE BELGELEME İTHALAT İHRACAT LİMİTED ŞİRKETİ;EMİNÖNÜ MOLLA FENARİ MAHALLESİ ŞEREFEEFENDİ SK ŞEREF HAN N:42/106 FATİH İSTANBUL;(212) 5125820;www.startasdiamonds.com;startasdiamonds.com;JTR - Mücevher İhracatçıları Birliği
SUGAR MÜCEVHERAT SANAYİ VE TİCARET ANONİM ŞİRKETİ;MOLLAFENARİ MAH.NURUOSMANİYE CAD. NO:36/AERDEM İŞ HANI FATİH İSTANBUL;;www.sugarjewellery.com;sugarjewellery.com;JTR - Mücevher İhracatçıları Birliği
SURGOLD MASK SAĞLIK ÜRÜNLERİ KUYUMCULUK LİMİTED ŞİRKETİ;GÖKALP MAHÇ 39-2 SK HALİT EKŞİ OĞLU İŞ HANI SİTNO:2-4 ZEYTİNBURNU İSTANBUL;(212) 6655557;www.surgoldmask.com.tr;surgoldmask.com.tr;JTR - Mücevher İhracatçıları Birliği
SÜMERLİ GOLD KUYUMCULUK SANAYİ VE TİCARET LTD ŞTİ;YENİBOSNA MERKEZ MAH. LADİN SOK. KUYUMCUKENT ATÖLYE BLOĞU KAT:4 İÇ SOKAK:11 NO:3 BAHÇELİEVLER İSTANBUL;(212) 0000000;www.heliosgold.com;heliosgold.com;JTR - Mücevher İhracatçıları Birliği
SWAR KUYUMCULUK VE MÜCEVHERAT SANAYİ TİCARET LİMİTED ŞİRKETİ;ACIÇEŞME SOK. ZINCIRLIHAN K-2NO-112 FATİH İSTANBUL;(212) 5124029;www.swar.com.tr;swar.com.tr;JTR - Mücevher İhracatçıları Birliği
ŞAHİN ÇELİK;MOLLA FENARİ MAH. HÜSEYİNAĞA CAMİ SOK.NO:12 301 FATİH İSTANBUL;(212) 5131366;www.rabatmucevherat.com;rabatmucevherat.com;JTR - Mücevher İhracatçıları Birliği
ŞARA KUYUMCULUK SANAYİ VE TİCARET LİMİTED ŞİRKETİ;NURUOSMANİYE ŞEREFEFENDİ CAD. NO.37 EMİNÖNÜ/CAĞALOĞLU FATİH İSTANBUL;(212) 5276513;www.sara-gold.com;sara-gold.com;JTR - Mücevher İhracatçıları Birliği
ŞENER HEDİYELİK EŞYA SANAYİ VE TİCARET ANONİM ŞİRKETİ;MOLLAFENARİ MAH. N.OSMANİYE CAD. ŞEREFEFENDİ SOK. NO.28 EMİNÖNÜ/CAĞALOĞLU FATİH İSTANBUL;(212) 5110953;www.senerjewelry.com.tr;senerjewelry.com.tr;JTR - Mücevher İhracatçıları Birliği
ŞENGÜL KUYUMCULUK TURİZM TEKSTİL SANAYİ VE TİCARET LİMİTED ŞİRKETİ;MAHMUTPAŞA MAH. VEZİRHAN CAD. ÜSTKAT NO:54 MAHMUTPAŞA 34120 FATİH, İSTANBUL, TÜRKİYE FATİH İSTANBUL;(212) 6031582;www.mamus.com.tr;mamus.com.tr;JTR - Mücevher İhracatçıları Birliği
ŞİLE KUYUMCULUK İMALAT SANAYİ VE TİCARET LTD. ŞTİ.;MİMAR HAYRETTİN MH. SİNEKLİ MEDRESE SK. NO: 4 BEYAZIT FATİH İSTANBUL;(212) 5176945;www.silesilver.com;silesilver.com;JTR - Mücevher İhracatçıları Birliği
ŞURA KIYMETLİ MADENLER TİCARET ANONİM ŞİRKETİ;BEYAZIT MAHALLESİ MERCAN HANI ÇIKMAZI SK.NO:1 İÇ KAPI NO:1 FATİH İSTANBUL;(212) 5206515;http://www.surakiymetlimadenler.com;surakiymetlimadenler.com;JTR - Mücevher İhracatçıları Birliği
TAÇ KUYUMCULUK SANAYİ VE TİCARET LİMİTED ŞİRKETİ;MOLLAFENARİ MAH. VEZİRHAN CAD.NO.88 EMİNÖNÜ/CAĞALOĞLU FATİH İSTANBUL;;www.taczincir.com.tr;taczincir.com.tr;JTR - Mücevher İhracatçıları Birliği
TALAY DIŞ TİCARET ANONİM ŞİRKETİ;MİMAR KEMALETTİN MAH. YENİÇERİLER CAD. NO:69/301 FATİH İSTANBUL;(212) 6388795;www.talaysilver.com.tr;talaysilver.com.tr;JTR - Mücevher İhracatçıları Birliği
TAMŞAN KUYUMCULUK SANAYİ VE TİCARET LİMİTED ŞİRKETİ;MARMARA SANAYİ SİT. G BLOK NO.6/19 KÜÇÜKÇEKMECE İSTANBUL;(212) 4720937;www.tamsangold.com;tamsangold.com;JTR - Mücevher İhracatçıları Birliği
TAN-ALİZE KOZMETİK VE TEMİZLİK ÜRÜNLERİ SAN. VE TİC. A.Ş.;OMERLI MAH. URAN CAD. NO.32 ÇEKMEKÖY İSTANBUL;(216) 4357033;www.farmasi.com.tr;farmasi.com.tr;JTR - Mücevher İhracatçıları Birliği
TANİTA TASARIM ORGANİZASYON VE İNŞ. TAAH. LTD. ŞTİ.;KÜLTÜR MAH. NİSPETİYE CAD. AKMERKEZ AP. NO: 54/259 ETİLER BEŞİKTAŞ İSTANBUL;(212) 3582402;www.beegoddess.com.tr;beegoddess.com.tr;JTR - Mücevher İhracatçıları Birliği
TANYA ÇINAR;MOLLAFENARİ MAH. ADEM YAVUZ SOK.ALTUN CENTER NO.17/5 FATİH İSTANBUL;(212) 5276935;www.cinargumus.com;cinargumus.com;JTR - Mücevher İhracatçıları Birliği
TARİHİ GALATA KUYUMCULUK ANONİM ŞİRKETİ;MOLLA FENARİ MAHALLESİ ATİK ALİ PAŞA MEDRESESİ SOKAK NO: 19/2 FATİH İSTANBUL;;www.assosdiamond.com;assosdiamond.com;JTR - Mücevher İhracatçıları Birliği
TAYFUN SİLVER KUYUMCULUK HEDİYELİK EŞYA BİJUTERİ SANAYİ TİCARET LİMİTED ŞİRKETİ;EMİN SİNAN MAH. YENİÇERİLER CAD. NO: 9/AÇEMBERLİTAŞ FATİH İSTANBUL;(212) 0000000;www.tayfunsilver.com;tayfunsilver.com;JTR - Mücevher İhracatçıları Birliği
TCO TURKEY MÜCEVHERAT TİCARETİ LİMİTED ŞİRKETİ;AKAT MAH. GÜL SK. MAYA PARK TOVERS NO: 2 İÇ KAPI NO: 7 BEŞİKTAŞ İSTANBUL BEŞİKTAŞ İSTANBUL;(212) 6033311;http://www.tiffany.com;tiffany.com;JTR - Mücevher İhracatçıları Birliği
TEKİN KAZ;TAVUKPAZARI CAD. OKAY HAN NO.31-33 FATİH İSTANBUL;(212) 5128871;www.ta-biggold.com;ta-biggold.com;JTR - Mücevher İhracatçıları Birliği
TEKNİK DÖKÜM KAPLAMA MALZEMELERİ SANAYİ VE TİCARET ANONİM ŞİRKETİ;DELİKLİKAYA MH KISIKLI CD NO:69 ARNAVUTKÖY İSTANBUL;(212) 5185757;www.teknikdokum.com;teknikdokum.com;JTR - Mücevher İhracatçıları Birliği
TEKNOFİNAL DIŞ TİCARET LİMİTED ŞİRKETİ;İSMETPAŞA MAHALLESİ 93. SOKAK A BLOK APT. NO:2/A SULTANGAZİ İSTANBUL;(212) 5143788;www.teknofinal.com;teknofinal.com;JTR - Mücevher İhracatçıları Birliği
TEKTAŞ SAATÇİLİK VE AKSESUAR TİC. AŞ;ABDİ İPEKÇİ CAD. ALTIN SOK.AHMET KARA İŞ HANI NO:2 HARBİYE ŞİŞLİ İSTANBUL;(212) 2250640;www.tektassaatcilik.com.tr;tektassaatcilik.com.tr;JTR - Mücevher İhracatçıları Birliği
TEMM ULUSLARARASI TİCARET AŞ;KAPTAN SK. NO:17/1 K:10 OFİS:59 METROWİN TOWER YEŞİLBAĞLAR PENDİK İSTANBUL;(212) 7061861;www.temm.com.tr;temm.com.tr;JTR - Mücevher İhracatçıları Birliği
TİMON TOPLU TÜKETİM SANAYİ VE TİCARET ANONİM ŞİRKETİ;ZİYA GÖKALP MAH. İKİTELLİ ORG. SANAYİ BÖL. ESKİTURGUT ÖZAL CAD. NO:4 B BLOK 104-105 BAĞCILAR İSTANBUL;(212) 6590659;www.timon.com.tr;timon.com.tr;JTR - Mücevher İhracatçıları Birliği
TOHUM DESIGN SA MERKEZİ İSVİÇRE İSTANBUL MERKEZ ŞUBESİ;HARBİYE MAH.CUMHURİYET CAD.ERK APT.NO:38/3 HARBİYE ŞİŞLİ İSTANBUL;(212) 3474125;www.tohumdesign.com;tohumdesign.com;JTR - Mücevher İhracatçıları Birliği
TOKUÇ GRUP DIŞ TİCARET ANONİM ŞİRKETİ;GOLD PARK PLAZA KAT : 3 NO:47 NURUOSMANİYE CAD.34080 FATİH İSTANBUL;(212) 5262196;www.tokuc.com;tokuc.com;JTR - Mücevher İhracatçıları Birliği
TROY KIYMETLI MADEN TIC.A.S.;İSTANBUL DÜNYA TİC. MERK. A3 BLKKAT. 4 NO.193 BAKIRKÖY İSTANBUL;(212) 4656570;www.troypm.com;troypm.com;JTR - Mücevher İhracatçıları Birliği
TUANA MUCEVHERAT VE KUYUMCULUK SANAYİ TİCARET LİMİTED ŞİRKETİ;MOLLA FENARİ MAH ŞEREFFENDİ SOK.ŞEREFHAN NO.110 EMİNÖNÜ/CAĞALOĞLU FATİH İSTANBUL;(212) 5267565;www.tuanakuyumculuk.com;tuanakuyumculuk.com;JTR - Mücevher İhracatçıları Birliği
TÜRKCAN KUYUMCULUK SANAYİ ANONİM ŞİRKETİ;K.ÇARŞI ÇUHACI HAN SOK NO:11 EMİNÖNÜ/CAĞALOĞLU FATİH İSTANBUL;(212) 5124143;www.turkcangold.com;turkcangold.com;JTR - Mücevher İhracatçıları Birliği
UCYILDIZ BIJUTERI SAN.TIC.A.S.;ALACAHAMAM CAD. MARPUÇÇULAR İŞ MRK. NO.148 FATİH İSTANBUL;(212) 5194595;www.bijuland.com.tr;bijuland.com.tr;JTR - Mücevher İhracatçıları Birliği
UĞUR İNCİ KUYUMCULUK SANAYİ VE DIŞ TİCARET LİMİTED ŞİRKETİ;KUYUMCULAR SOK. İSTANBUL VİZYON PARK MRK PLZ C-2 BLK K.9 NO: 902 YENİBOSNA BAHÇELİEVLER İSTANBUL;(212) 5131198;www.ugurinci.com;ugurinci.com;JTR - Mücevher İhracatçıları Birliği
UĞURAS KIYMETLİ MADENLER SANAYİ VE DIŞ TİCARET ANONİM ŞİRKETİ;ATAKÖY 2-5-6.KISIM MAH. RAUF ORBAY CD. YALI ATAKÖY SİT. C BLOK NO:22 BAKIRKÖY İSTANBUL;(212) 5204253;http://www.uguras.com.tr;uguras.com.tr;JTR - Mücevher İhracatçıları Birliği
UNİ YAZI GEREÇLERİ KIRTASİYE SAN. VE TİC. A.Ş.;ÇOBANÇEŞME MAH. SANAYİ CAD. NİSH İSTA BLOK NO:44 DAİRE NO:67-68 BAHÇELİEVLER İSTANBUL;(212) 6036161;www.uniball.com.tr;uniball.com.tr;JTR - Mücevher İhracatçıları Birliği
URART EL SANATLARI PAZARLAMA TICARET VE SANAYI A.S.;BEYLERBEYI YALIBOYU CAD.KORULUK SOK. NO.1 ÜSKÜDAR İSTANBUL;(216) 3214886;www.urart.com.tr;urart.com.tr;JTR - Mücevher İhracatçıları Birliği
URHOY KUYUMCULUK SANAYİ VE DIŞ TİCARET LİMİTED ŞİRKETİ;MIMAR HATRETTIN M. ASMAKANDILSK. NO:1 KAT:2 KÖŞEHAN FATİH İSTANBUL;02125168619;www.urhoy.com.tr;urhoy.com.tr;JTR - Mücevher İhracatçıları Birliği
UZMAN KUYUMCULUK SANAYİ VE TİCARET LİMİTED ŞİRKETİ;YENİBOSNA DOĞU SANAYİ İŞLERİ MERKEZ MAH.KOSOVA CAD. BLOK NO:14 YENİBOSNA BAHÇELİEVLER İSTANBUL;(212) 5512332;www.uzmanjewellery.com;uzmanjewellery.com;JTR - Mücevher İhracatçıları Birliği
ÜÇLER GÜMÜŞ SANAYİ TİCARET VE PAZARLAMA LİMİTED ŞİRKETİ;KURKCULER PAZARI SOK. NO.10/26 EMİNÖNÜ/CAĞALOĞLU FATİH İSTANBUL;(212) 5280814;www.uclergumus.com;uclergumus.com;JTR - Mücevher İhracatçıları Birliği
ÜMİT KOÇ;FETHİBEY CD. LALELİ İŞ MERKEZİ NO:26/74 BEYAZIT FATİH İSTANBUL;(212) 5137097;www.leonardogold.com;leonardogold.com;JTR - Mücevher İhracatçıları Birliği
ÜNİVERSAL DEKOR SANAYİ VE DIŞ TİC. LTD. ŞTİ.;ABDURRAHMAN NAFİZ GÜRMAN MAH. MEHMET AKİF CAD. TURUNCLU SOK. NO. NO.25/2 MERTER GÜNGÖREN İSTANBUL;(212) 6385434;www.universaldecoration.com;universaldecoration.com;JTR - Mücevher İhracatçıları Birliği
VAV KUYUMCULUK VE MÜCEVHERAT ELEKTRONİK TURİZM İNŞAAT OTOMOTİV SANAYİ VE TİCARET LİMİTED ŞİRKETİ;MOLLAFENARMAH.ŞEREFEFENDİ SOK NO:13 FATİH 34080 FATİH, İSTANBUL, TÜRKİYE FATİH İSTANBUL;(212) 5221222;www.vavdiamond.com;vavdiamond.com;JTR - Mücevher İhracatçıları Birliği
VESTEL TİCARET ANONİM ŞİRKETİ;ORGANIZE SANAYI BOLGESI MANİSA MANİSA;(236) 2330131;www.vestel.com.tr;vestel.com.tr;JTR - Mücevher İhracatçıları Birliği
VİGOLD KUYUMCULUK SANAYİ VE TİCARET LİMİTED ŞİRKETİ;KUYUMCUKENT KOMPLEKSI ATÖLYEBLOGU K.5 5.SOK. NO.26/27 YENİBOSNA BAHÇELİEVLER İSTANBUL;;www.vigold.com.tr;vigold.com.tr;JTR - Mücevher İhracatçıları Birliği
VİVO MÜCEVHERAT İÇ VE DIŞ TİCARET LİMİTED ŞİRKETİ;BABIALİ CAD. VURAL HAN NO:36 KAT:2 FATİH İSTANBUL;(212) 5289350;www.vivopirlanta.com;vivopirlanta.com;JTR - Mücevher İhracatçıları Birliği
WORKSHOP ZADE JEWELLERY DIŞ TİCARET LİMİTED ŞİRKETİ;BEYAZIT MAH. MERCAN HANI ÇIKMAZI SK.SEFER.ÜL HAYIR HAN NO: 12/205 FATİH İSTANBUL;(212) 5223989;http://www.etsy.com;etsy.com;JTR - Mücevher İhracatçıları Birliği
YAMACIYAN KUYUMCULUK TURİZM MOBİLYA OTOMOTİV VE İNŞAAT SANAYİ TİCARET LİMİTED ŞİRKETİ;LADİN SOK. KUYUMCUKENT NO: 4 M İÇİ KAPI NO: Z011 YENİBOSNA MERKEZ MAH 34197 BAHÇELİEVLER, İSTANBUL, BAHÇELİEVLER İSTANBUL;(212) 5123410;www.yamachi.com.tr;yamachi.com.tr;JTR - Mücevher İhracatçıları Birliği
YAPIRAY DEMİRYOLU İNŞAAT SİSTEMLERİ SAN. VE TİC.A.Ş.;KISIKLI MAH. ALEMDAĞ CAD. MASALDAN İŞ MRK. NO.60 E BLK NO.5 ÜSKÜDAR İSTANBUL;(216) 5213000;www.yapiray.com.tr;yapiray.com.tr;JTR - Mücevher İhracatçıları Birliği
YAŞAR ERŞAHİN;MESIH MEHMET PASA SOK KISMETIS HANI NO.7/31 FATİH İSTANBUL;02125137505;www.ersahingold.com;ersahingold.com;JTR - Mücevher İhracatçıları Birliği
YENİ PAZARLAR E-TİCARET HİZ. LTD. ŞTİ;BALMUMCU MAH. BARBAROS BLV. NO:58/8 BEŞİKTAŞ İSTANBUL;(212) 0000000;www.turkishvendor.com;turkishvendor.com;JTR - Mücevher İhracatçıları Birliği
YILDIRIM KUYUMCULUK SANAYİ VE TİCARET LTD. ŞTİ.;TAŞDİREK ÇEŞME SOK.K.BİROL İŞH. NO:16 K.1 D:1 ÇEMBERLİTAŞ FATİH İSTANBUL;(212) 4721320;www.yildirimgold.com;yildirimgold.com;JTR - Mücevher İhracatçıları Birliği
YÖN KUYUMCULUK OTOMOTİV SANAYİ TİCARET LİMİTED ŞİRKETİ;YENİ BOSNA MERKEZ MH.LADİN SK.NO.4/5233 BAHÇELİEVLER İSTANBUL;(212) 6032656;http://www.yonkuyumculuk.com;yonkuyumculuk.com;JTR - Mücevher İhracatçıları Birliği
ZAFER SAAT VE KUYUMCULUK SANAYİ VE TİCARET LİMİTED ŞİRKETİ;KALPAKÇILAR CADDESİ NO:11 FATİH İSTANBUL;(212) 5193333;https://zafersaat.com/tr/;zafersaat.com;JTR - Mücevher İhracatçıları Birliği
ZAHİDLER OTOMOTİV KUYUMCULUK SANAYİ VE DIŞ TİCARET LİMİTED ŞİRKETİ;YENİBOSNA MERKEZ MAH. LADİN SOK.4. FABRİKA 4. KAT KUYUMCUKENT BAHÇELİEVLER İSTANBUL;;www.zahidlerjewelery.com;zahidlerjewelery.com;JTR - Mücevher İhracatçıları Birliği
ZEN PIRLANTA ANONİM ŞİRKETİ;M.FENARI MAH.SEREF EFENDI SOK. NO.35 EMİNÖNÜ/CAĞALOĞLU FATİH İSTANBUL;(212) 5200041;www.zenpirlanta.com;zenpirlanta.com;JTR - Mücevher İhracatçıları Birliği