Sıra No;İl;OSB Adı;Durum;Telefon;E-Posta;Web Sitesi;Adres;Firma Listesi
1;Adana;Adana Gıda İhtisas;KAMULAŞTIRMA YAPILIYOR;03226112004;info@agiosb.org;www.agiosb.org;Döşeme mah. 60041 sok. No:11 Yenikent Sabuncu İş Merkezi Kat:7 No:27 Seyhan - Adana;
2;Adana;Adana Hacı Sabancı;İŞLETMEDE (FAALİYETTE);(322) 394-5454;asistan@adanaorganize.org.tr;www.adanaorganize.org.tr;Çukurova Caddesi No.:4 (Ceyhan Yolu Üzeri 25 Km) Sarıçam - Adana;YAPILDI
3;Adana;Adana Karataş TDİ (Su Ürünleri);ALTYAPI HAZIRLANIYOR;3224580465;hassezer@gmail.com;www.adana.gov.tr/yikob;Adana Valiliği YİKOB, Döşeme mahallesi 60074 Sok. No:1 PK:01130 Seyhan - Adana;
4;Adana;Adana TDİ (Sera);ALTYAPI HAZIRLANIYOR;(850) 346-0101;hassezer@gmail.com;;Adana Ticaret Odası 2.Kat, Karasoku Mahallesi Abidinpasa Caddesi No:22 01010 Seyhan - Adana;
5;Adana;Ceyhan;İŞLETMEDE (FAALİYETTE);(322) 611-2004;bilgi@ceyhanosb.org;www.ceyhanosb.org;Ceyhan OSB, Sarımazı Mah. Tayseb Karşısı, 1025 Sk. No:3 Ceyhan - Adana;
6;Adana;Kozan;İŞLETMEDE (FAALİYETTE);(322) 516-4445;kozanosb@hotmail.com;www.kozanosb.org.tr;Kozan osb, Güneri Mahallesi, OSB 1. Sokak, No:8, Kozan - Adana;
7;Adıyaman;Adıyaman;İŞLETMEDE (FAALİYETTE);(416) 227-2727;adosab02@adiyamanosb.org.tr;www.adiyamanosb.org.tr;Türkiye Petrolleri Mahallesi Osb 1. Cadde No:6 - 02000 - Adıyaman;
8;Adıyaman;Adıyaman Gölbaşı;İŞLETMEDE (FAALİYETTE);(416) 781-6060;golbasi_osb@hotmail.com;;Gölbaşı Kaymakamlığı Şeflik Odası Kat 2, Hükümet Binası 02500 Gölbaşı - Adıyaman;
9;Adıyaman;Adıyaman Kahta;İŞLETMEDE (FAALİYETTE);(416) 726-1424;kahtaosb@gmail.com;www.kahtaosb.org.tr;Kahta Kaymakamlığı, Hürriyet Mah, Mustafa Kemal Cad, No:171/A, Kat : 3, Kahta - Adıyaman;
10;Adıyaman;Besni;İŞLETMEDE (FAALİYETTE);04163180882;besniosb@gmail.com;www.besniosb.org;Kaymakam Hasan Tütün Mah. Arif Atalay Bul. No:1/A KAT:1 Besni - Adıyaman;
11;Adıyaman;Örenli;PLANLAMA AŞAMASINDA;05071680748;kuyuluosb@gmail.com;;Alitaşı Mah. Atatürk Blv. Yeni Hükümet Binası 144/2 Kat:4 Merkez - Adıyaman;
12;Afyonkarahisar;Afyonkarahisar;İŞLETMEDE (FAALİYETTE);(272) 221-1465;bilgi@afyonosb.org.tr;www.afyonosb.org.tr;Osb Müdürlüğü 1.Cadde No:1-8 03030 Merkez - Afyonkarahisar;
13;Afyonkarahisar;Afyonkarahisar Bolvadin;İŞLETMEDE (FAALİYETTE);(272) 612-6386;bolvadinosb@hotmail.com;www.bolvadinosb.org.tr;Konak Mah. İstasyon Caddesi No:127-3 (Bolvadin Kaymakamlığı) - Bolvadin - Afyonkarahisar;
14;Afyonkarahisar;Afyonkarahisar Bolvadin TDİ(Besi);PLANLAMA AŞAMASINDA;(272) 612-5234;afyonkarahisarotb@gmail.com;www.afyonotb.org.tr;Bolvadin Belediyesi, Yenice Mahallesi Prof.Dr.Necmettin Erbakan Caddesi No 68 - Bolvadin - Afyonkarahisar;
15;Afyonkarahisar;Afyonkarahisar Çay Jeotermal Kaynaklı Sera TDİOSB;PLANLAMA AŞAMASINDA;(272) 213-7910;afyonkarahisarotb@gmail.com;www.afyonotb.org.tr;Afyonkarahisar İl Özel İdaresi, Dörtyol Mah. Kudüs Cad. No:1 Merkez - Afyonkarahisar;
16;Afyonkarahisar;Afyonkarahisar Dazkırı Dokuma ve Konfeksiyon;ALTYAPI HAZIRLANIYOR;(272) 421-2021;info@dazkiriosb.org.tr;dazkiriosb.org.tr;Kurtuluş Mh. Hükümet Cd. Hükümet Binası. No:28 Dazkırı-Afyonkarahisar;
17;Afyonkarahisar;Afyonkarahisar Emirdağ;İŞLETMEDE (FAALİYETTE);(272) 442-7272;emirdagosb@hotmail.com;www.emirdagosb.org.tr;Kuruca Köyü OSB Mahallesi, 2. Cadde No:2, Emirdağ - Afyonkarahisar;
18;Afyonkarahisar;Afyonkarahisar Merkez II;PLANLAMA AŞAMASINDA;(272) 311-7748;ina_nir@hotmail.com;www.afyon2osb.org.tr;Sinanpaşa Belediye Binası, 03850 Sinanpaşa - Afyonkarahisar;
19;Afyonkarahisar;Afyonkarahisar-Dinar;İŞLETMEDE (FAALİYETTE);(272) 353-0545;dinarosb@hotmail.com;www.dinarosb.org.tr;Adliye mahallesi, Adliye Caddesi, No:26 Hükümet Konağı Binası Kat:3 Dinar - Afyonkarahisar;
20;Afyonkarahisar;İscehisar Mermer İhtisas;İŞLETMEDE (FAALİYETTE);(272) 341-4878;info@iscehisarosb.org.tr;www.iscehisarosb.org.tr;İscehisar Mermer İhtisas Osb Müdürlüğü, 3. Cadde No: 6 İscehisar - Afyonkarahisar;
21;Afyonkarahisar;Sandıklı;İŞLETMEDE (FAALİYETTE);(272) 512-5701;cem_yavuz03@hotmail.com;;Sandıklı Osb, Hükümet Konağı Kat:3 Sandıklı - Afyonkarahisar;
22;Afyonkarahisar;Şuhut;İŞLETMEDE (FAALİYETTE);(272) 718-4180;info@suhutosb.org.tr;www.suhutosb.org.tr;Şuhut OSB, Belkaracaören Mevkii, 1.Cadde No:4 Merkez - Afyonkarahisar;
23;Ağrı;Ağrı;İŞLETMEDE (FAALİYETTE);04722157025;agriosb@yahoo.com;;Erzurum Cad. İl Özel İdaresi Ek Hizmet Binası Merkez - AĞRI;
24;Ağrı;Ağrı Diyadin (Sera) TDİ (Jeotermal);ALTYAPI HAZIRLANIYOR;(472) 511-3279;info@diyadintdiosb.org.tr;www.diyadintdiosb.org.tr;Atatürk Mah. İnönü Cad. Yibo Bahçesi No:211 Diyadin - Ağrı;
25;Aksaray;Aksaray;İŞLETMEDE (FAALİYETTE);4442268;info@aksarayosb.org.tr;www.aksarayosb.org.tr;Erenler Osb. Mah. Recep Tayyip Erdoğan Bulv. No:6 Taşpınar - Merkez - Aksaray;
26;Aksaray;Aksaray Eskil Tuz Gölü;İŞLETMEDE (FAALİYETTE);(382) 411-4005;eskil@etgo.com;www.aksarayeskilosb.org.tr;Aksaray Eskil Tuz Gölü OSB, Merkez Mah. Şehit Recep Bozdağ Cad. No:3/1 Eskil - Aksaray;
27;Aksaray;Aksaray Gülağaç Gülpınar;PLANLAMA AŞAMASINDA;(382) 434-2103;gulagacgulpinarosb@gmail.com;www.gulagacgulpinarosb.org;OSB, Meydan Mahallesi Hürriyet Caddesi No: 18/6 Gülağaç, Aksaray;
28;Aksaray;Aksaray Karkın TDİ (Jeo.Kayn.Sera);KAMULAŞTIRMA YAPILIYOR;05069344595;aksaraykargintdiosb@gmail.com;www.aksaraytdiosb.org.tr;Aksaray özel il idaresi, Yunus Emre, 15.Blv. No:2, 68200 Merkez - Aksaray;
29;Aksaray;Aksaray Ortaköy Yunus Emre;ALTYAPI HAZIRLANIYOR;(382) 351-8843;info@ortakoyyunusemreosb.org.tr;www.ortakoyyunusemreosb.org.tr;Ortaköy İlçesi İstiklal Mah. Şehit Mesut Çiftçi Cad. No:38 Ortaköy-Aksaray;
30;Aksaray;Aksaray Sarıyahşi;PLANLAMA AŞAMASINDA;03823112002;sariyahsiosb@outlook.com;;Şafaktepe Mahallesi, Cumhuriyet Bulvarı No:56 Sarıyahşi - Aksaray;
31;Aksaray;Aksaray Sultanhanı;KAMULAŞTIRMA YAPILIYOR;(382) 242-2011;bilgi@sultanhani.bel.tr;www.aksaraysultanhaniosb.org.tr;Sultanhanı Bld., Zafer Mahallesi Şehit Murat Caddesi No:1 68190 Sultanhanı / Aksaray;
32;Amasya;Amasya;İŞLETMEDE (FAALİYETTE);(358) 273-5363;info@amasyaosb.org.tr;www.amasyaosb.org.tr;Amasya - Çorum Karayolu 23.Km - Tahir Köse Cad. No:2 Pk 25 - Amasya;
33;Amasya;Amasya Merzifon;İŞLETMEDE (FAALİYETTE);(358) 513-5050;bilgi@merzifonosb.org.tr;www.merzifonosb.org.tr;Merzifon Osb, Ankara Asfaltı 2.Km Kümbet Hatun Osb Mah. 1.Bulvar No: 2/1 Merzifon - Amasya;
34;Amasya;Suluova;İŞLETMEDE (FAALİYETTE);(358) 417-2066;suluovaosb@hotmail.com;www.suluovaosb.org.tr;Suluova Osb, Kazanlı Mevkii, 2. Cadde, No:2, Suluova - Amasya;
35;Amasya;Suluova Besi;İŞLETMEDE (FAALİYETTE);(358) 417-4885;suluovatdibosb@hotmail.com;www.suluovabesiosb.org.tr;Suluova Tdiosb, Salucu Köyü Yolu, Çardaklı Mevkii - Cadde 1, No:1 - Suluova - Amasya;
36;Ankara;Anadolu;İŞLETMEDE (FAALİYETTE);(312) 553-8181;bilgi@anadoluosb.org.tr;www.anadoluosb.org.tr;Malıköy Anadolu Osb Mahallesi, (Eskişehir Yolu 40 Km) 29 Ekim Cad. No:6, 06909 Sincan - Ankara;
37;Ankara;Ankara Anadolu Geri Dönüşümcüleri İhtisas;KAMULAŞTIRMA YAPILIYOR;(312) 315-2222;agdihtisasosb@hotmail.com;;İvedikköy Mah. 1499. Sokak , Bulvar Anatolia İş Merkezi Kat:2 No:8/66-95 Yenimahalle - Ankara;
38;Ankara;Ankara Dökümcüler İhtisas;İŞLETMEDE (FAALİYETTE);(312) 267-3466;info@dokumculerosb.org.tr;www.dokumculerosb.org.tr;Malıköy Dökümcüler Osb Mah. Atatürk Bulvarı No:7 Sincan - Ankara;
39;Ankara;Ankara Sanayi Odası 2.ve 3.;İŞLETMEDE (FAALİYETTE);(312) 641-4141;bilgi@aso2osb.org.tr;www.aso2osb.org.tr;Aso 2. Ve 3.Osb Eskişehir Yolu 42. Km. Alcı Osb Mahallesi 2010 Cadde No:7 Sincan - Ankara;
40;Ankara;Ankara Sanayi Odası I.;İŞLETMEDE (FAALİYETTE);(312) 267-0000;aosb@aosb.org.tr;www.aosb.org.tr;Ayaş Yolu 25. Km. Asora Tic.Merkezi 1 Kat - 06935 Sincan - Ankara;
41;Ankara;Ankara Uzay ve Havacılık İhtisas;İŞLETMEDE (FAALİYETTE);(312) 811-2110;hab@hab.org.tr;www.hab.org.tr;Saray OSB Mahallesi, Hazerfen Ahmet Çelebi Blv. No:13 Kahramankazan 06980 Ankara;
42;Ankara;Ankara-Çubuk TDİ (Besi);İŞLETMEDE (FAALİYETTE);3128378810;cubukosb@gmail.com;www.cubuktdiosb.org;Çubuk Kaymakamlığı, Hükümet Cad. No:25 Kat:2/3 Çubuk - Ankara;
43;Ankara;Ankara-İvedik;İŞLETMEDE (FAALİYETTE);(312) 395-6262;ivedik@ivedikosb.org.tr;www.ivedikosb.org.tr;Melih Gökçek Bulvarı (1368 Cadde) No:61 06370 Yenimahalle - Ankara;
44;Ankara;Başkent;İŞLETMEDE (FAALİYETTE);(312) 640-1100;info@baskentosb.org;www.baskentosb.org;Şadi Türk Bulvarı 20 Cadde No:27 Malıköy - Sincan - Ankara;
45;Ankara;Beypazarı;KAMULAŞTIRMA YAPILIYOR;(312) 763-1004;info@beyosb.org.tr;www.beyosb.org.tr;Beypazarı Kaymakamlığı, Hacıkara Mah. Anafartalar Sokak, No:!, Kat:3, Beypazarı - Ankara;
46;Ankara;Elmadağ Mobilyacılar İhtisas;İŞLETMEDE (FAALİYETTE);(312) 349-3535;mobilyacilarosb@gmail.com;www.mobilyacilarosb.com;Diriliş Mah. Destegül Cad. No:13/68 (NEK TOWER) Mamak - Ankara;
47;Ankara;Ostim;İŞLETMEDE (FAALİYETTE);(312) 385-4043;ostim@ostim.org.tr;www.ostim.org.tr;Ostim Organize Sanayi Bölge Müdürlüğü 100. Yıl Bulvarı No: 101-A ( 06370) Ostim - Ankara;
48;Ankara;Polatlı;İŞLETMEDE (FAALİYETTE);(312) 626-5002;polatliosb@gmail.com;www.posb.org.tr;Polatlı Osb Bölgesi, 201.Cad. No:2 Pk:24 06900 Polatlı - Ankara;
49;Ankara;Polatlı Ticaret Odası;İŞLETMEDE (FAALİYETTE);(535) 248-6626;ptoosb@gmail.com;www.ptoosb.org.tr;Çekirdeksiz Mah. Polatlı Ticaret Odası OSB 2.Cadde No:7 Polatlı-Ankara;
50;Ankara;Şereflikoçhisar;İŞLETMEDE (FAALİYETTE);(312) 687-1771;bilgi@sereflikochisarosb.org.tr;www.sereflikochisarosb.org.tr;İstiklal Mah. Metin Şanal Bulvarı, Hükümet Konağı, Kat:1 06950 Şereflikoçhisar - Ankara;
51;Antalya;Antalya;İŞLETMEDE (FAALİYETTE);(242) 258-1100;antalyaosb@antalyaosb.org.tr;www.antalyaosb.org.tr;Antalya Osb Müdürlüğü, 1.Kısım Mah. 5.Cad. No:5 Döşemealtı - Antalya;YAPILDI
52;Antalya;Kaş Gıda İhtisas;PLANLAMA AŞAMASINDA;(242) 836-4403;kasgidaosb@gmail.com;www.kasgidaosb.org.tr;Kas Gıda OSB, Kalkan Mah. Şehitler Cad. No:5/10 Kaş - Antalya;
53;Antalya;Korkuteli;ALTYAPI HAZIRLANIYOR;02422581100;info@kormer.org.tr;info@korkuteliosb.org.tr;Korkuteli OSB, AOSB 1. Kısım Mah. 5.Cad. No:5 Döşemealtı - Antalya;
54;Antalya;Manavgat;PLANLAMA AŞAMASINDA;(242) 742-8380;manavgatosb@gmail.com;www.manavgatosb.org.tr;Manavgat OSB Aydınevler Mah. 5578 Sokak No:6 07600 Manavgat - Antalya;
55;Ardahan;Ardahan;ALTYAPI HAZIRLANIYOR;(478) 211-4444;ardahanosb@gmail.com;www.ardahanosb.org.tr;İl Özel İdaresi, Kaptanpaşa, Cumhuriyet Cd. No:21 Kat :5 75000 Merkez - Ardahan;
56;Artvin;Artvin Arhavi;KAMULAŞTIRMA YAPILIYOR;(466) 312-3535;arosb@outlook.com;www.arosb.com.tr;Arhavi OSB, Musazade Mahallesi Eyüp Çarmıklı Caddesi Tapu Blokları No:5 Arhavi - Artvin;
57;Aydın;Aydın;İŞLETMEDE (FAALİYETTE);(256) 259-1100;aosb@aydinosb.org.tr;www.aydinosb.org.tr;Umurlu Mahallesi Organize Sanayi Bölgesi No:63 Efeler - Aydın;
58;Aydın;Aydın ASTİM;İŞLETMEDE (FAALİYETTE);(256) 231-0010;info@astimosb.org.tr;www.astimosborg.tr;Ata OSB Mahallesi, Astim 2.Cadde No:2 09010 Efeler - Aydın;
59;Aydın;Aydın Efeler TDİ (Jeo.Isıtmalı.Sera);İŞLETMEDE (FAALİYETTE);(256) 213-4501;aydintdiosb@gmail.com;www.aydintdiosb.org;Efeler Kaymakamlığı üst katı, Efeler Mahallesi Hürriyet Bulvarı 2275 Sokak No:17 Efeler - Aydın;
60;Aydın;Aydın-Nazilli;İŞLETMEDE (FAALİYETTE);(256) 312-6969;info@nazilliosb.org.tr;www.nazilliosb.org.tr;Organize Sanayi Bölgesi, Osb 6. Cadde No.10 Nazilli - Aydın;
61;Aydın;Buharkent;İŞLETMEDE (FAALİYETTE);(256) 391-3005;buharkentosb@hotmail.com;;Buharkent Bld. Kamilpaşa Mahallesi - Atatürk Caddesi - No:73 - 09670 Buharkent - Aydın;
62;Aydın;Çine;İŞLETMEDE (FAALİYETTE);(256) 711-9293;cineosb@cineosb.org.tr;www.cineosb.org.tr;Çine Osb, Gökyaka Mah.,Selahaddin Gökozan Bul. No:9 Çine - Aydın;
63;Aydın;Ortaklar;İŞLETMEDE (FAALİYETTE);(256) 577-2101;info@ortaklarosb.org.tr;www.ortaklarosb.org.tr;Gümüşyeniköy Mah. Atatürk Bulv. No:10 Germencik - Aydın;
64;Aydın;Söke;İŞLETMEDE (FAALİYETTE);(256) 518-9844;info@sokeosb.org.tr;www.sokeosb.org.tr;Söke Osb Mah. Atatürk Bulvarı, No:2 (Novada Avm Arkası) Söke - Aydın;
65;Balıkesir;Balıkesir;İŞLETMEDE (FAALİYETTE);(266) 281-1010;balosb@balosb.org.tr;www.balosb.org.tr;Balıkesir OSB, Gaziosmanpaşa OSB Mahallesi 11. Cadde No: 2B ALTIEYLÜL - BALIKESİR;
66;Balıkesir;Balıkesir Ayvalık Gıda ve Gıda İşleme İhtisas;PLANLAMA AŞAMASINDA;(266) 312-1040;info@ayvalikosb.org;www.ayvalikosb.org.tr;Ayvalık Kaymakamlığı, Sakarya Mah. Gümrük Cad. 2. Sok. No:44 Ayvalık - Balıkesir;
67;Balıkesir;Balıkesir Bigadiç Jeotermal Kaynaklı TDI (Sera) OSB;KAMULAŞTIRMA YAPILIYOR;(266) 614-1001;bigadictdiosb@gmail.com;www.bigadictdiosb.org.tr;Bigadiç İlçe Tarım ve Orman Müdürlüğü Servi Mah., Atatürk Cd. No:203, 10440 Bigadiç/Balıkesir;
68;Balıkesir;Balıkesir Edremit TDİ(Jeo.Kayn.Sera);ALTYAPI HAZIRLANIYOR;(266) 374-3500;edremittdiosb@gmail.com;www.edremittdiosb.org.tr;Soğanyemez Mah. Yılmaz Akpınar Bulvarı No:14 Kat:5 Edremit - Balıkesir;
69;Balıkesir;Balıkesir Gönen TDİ (jeo.Kayn.Sera);ALTYAPI HAZIRLANIYOR;(266) 243-5800;gonentdiosb@gmail.com;www.gonentdiosb.org.tr;Karesi Mah. Dokumacılar Sok. No:7 Karesi - Balıkesir;
70;Balıkesir;Bandırma;İŞLETMEDE (FAALİYETTE);(266) 781-1100;bilgi@banosb.org;www.banosb.org;Bandırma-Gönen Karayolu - Buğdaylı Köyü, Taştepe Mevkii - Balıkesir;
71;Balıkesir;Burhaniye Zeytin ve Zeytin Ürünleri İşleme İhtisas ve Karma;İŞLETMEDE (FAALİYETTE);(266) 412-0766;burhaniyeosb@gmail.com;www.burhosb.org.tr;Kocacami Mah. Mithatpaşa Cad. No:5, Pk 10700 Burhaniye - Balıkesir;
72;Balıkesir;Dursunbey;İŞLETMEDE (FAALİYETTE);2666621010;dursunbeyosb@gmail.com;www.dursunbeyosb.org.tr;Dursunbey OSB, Mollaoğlu Mah. Kösten Sk. No:2 Dursunbey - Balıkesir;
73;Balıkesir;Gönen Deri ihtisas Ve Karma;İŞLETMEDE (FAALİYETTE);(266) 762-7537;info@gonenosb.org.tr;www.gonenosb.org.tr;Bostancı Mah, Taştepe Mevki, 10900 Gönen - Balıkesir;
74;Balıkesir;Marmara Yüksek Teknoloji ve Makine İhtisas;ALTYAPI HAZIRLANIYOR;(216) 527-1010;info@marmaraosb.org;marmaraosb.org;Beyköy Mah. Beyköy Sokak No:87 Bandırma - Balıkesir;
75;Bartın;Bartın Merkez I;İŞLETMEDE (FAALİYETTE);(378) 266-1010;bartinorganize@gmail.com;www.bartinosb.org.tr;Bartın Merkez I. Organize Sanayi Bölge Müdürlüğü, Kurtköy Mevkii, Pk.50 Merkez - Bartın;
76;Batman;Batman İli;İŞLETMEDE (FAALİYETTE);(488) 214-6425;bilgi@batmanosb.org.tr;www.batmanosb.org.tr;Bartın Merkez I. OSB Müdürlüğü, Kurt köy Mevkii, Pk.50 Merkez - Bartın;
77;Batman;Batman TDI(SERA) OSB;PLANLAMA AŞAMASINDA;(488) 218-0813;ciftciresat@gmail.com;;Batman İl Özel İdaresi, Gültepe Mahallesi, Demokrasi Blv. No:89/A Merkez - Batman;
78;Bayburt;Bayburt;İŞLETMEDE (FAALİYETTE);(458) 210-1100;bayburtosb@gmail.com;www.bayburtosb.org.tr;Bayburt Osb, Bayburt Doğaltaş Fabrikası, Doğaltaş Binası Kat:2 - Bayburt;
79;Bilecik;Bilecik 3.;KAMULAŞTIRMA YAPILIYOR;(228) 213-0403;bilecik3.osb@hotmail.com;www.bilecik3osb.org.tr;Hürriyet Mahallesi Dumlupınar 5. Sokak No:2-6 (Valilik Ek Hizmet Binası) Merkez - Bilecik;
80;Bilecik;Bilecik Bozüyük;İŞLETMEDE (FAALİYETTE);(228) 313-0178;bozuyukosb@hotmail.com;www.bozuyukosb.org.tr;Poyra Osb Mah. 12.Cadde No:3 Pk11300, Müdürlük İdari Binası, Bozüyük - Bilecik;
81;Bilecik;Bilecik I.;İŞLETMEDE (FAALİYETTE);(228) 216-0000;bilosb@bilosb.org;www.bilosb.org;Bilecik I. Osb Bölgesi, 2. Cadde, No:6 - Merkez - Bilecik;
82;Bilecik;Bilecik Kayı;İŞLETMEDE (FAALİYETTE);(228) 213-0403;bilorsa@hotmail.com;www.bilecik2osb.org.tr;Bilecik 2 OSB, Bahçelievler Mah. Atakent Cad. No:96/C Merkez - Bilecik;
83;Bilecik;Gölpazarı Gıda İhtisas;KAMULAŞTIRMA YAPILIYOR;2282130403;info@golpazariosb.org.tr;www.golpazariosb.org.tr;İstiklal Mah. Cumhuriyet Cad. No:89 Hükümet Konağı Kat:1 Gölpazarı - Bilecik;
84;Bilecik;Osmaneli;İŞLETMEDE (FAALİYETTE);(228) 462-0046;osmaneliosb@gmail.com;www.osmaneliosb.org.tr;Osmaneli Osb, Prof.Dr. Yunus Söylet Cad. Camikebir Mah. Hükümet Konağı No:26 Kat:1 Osmaneli - Bilecik;
85;Bilecik;Pazaryeri;İŞLETMEDE (FAALİYETTE);(228) 381-2020;bilgi@porsab.org.tr;www.porsab.org.tr;Çarı Mah. Zübeyde Hanım Cad. No:40 Pazaryeri - Bilecik;
86;Bilecik;Söğüt;İŞLETMEDE (FAALİYETTE);(228) 361-3005;hasim_11@hotmail.com;www.sogutosb.org.tr;Hükümet Konağı, Kayhan Mahallesi Ertuğrulgazi Caddesi No:2, Kat:3 Söğüt - Bilecik;
87;Bingöl;Bingöl;İŞLETMEDE (FAALİYETTE);(426) 214-5252;bilgi@bingolosb.org.tr;www.bingolosb.org.tr;Bingöl-Genç Karayolu 10.Km. Merkez Ardıçtepe Köy Mevkii 111-1 Ada Osb İdari Hizmet Binası Merkez - Bingöl;
88;Bitlis;Bitlis;İŞLETMEDE (FAALİYETTE);(434) 226-3740;bitlisosb2001@gmail.com;www.bitlisosb.org.tr;Beşminare Mah. Rahva Mevkii Osb Alanı, Osb İdari Binası - Merkez - Bitlis;
89;Bolu;Bolu karma ve tekstil ihtisas;İŞLETMEDE (FAALİYETTE);(374) 243-8152;osb@boluosb.org.tr;www.boluosb.org.tr;Bolu Organize Sanayi Bölgesi Müdürlüğü, D-100 Karayolu 7. Km 14030 Susuzkınık Köyü - Bolu;
90;Bolu;Gerede;İŞLETMEDE (FAALİYETTE);(374) 311-7733;geredeosb@gmail.com;www.geredeosb.org.tr;Gerede Organize Sanayi Bölge Müdürlüğü, Gerede - Ankara Yolu 4. Km. Gerede - Bolu;
91;Bolu;Gerede Deri İhtisas;İŞLETMEDE (FAALİYETTE);(374) 311-3607;geredederiosb@hotmail.com;www.geredederiosb.org;Gerede Deri İhtisas Osb, Yeni Tabakhaneler 2 No’Lu Sok. No:1 Gerede - Bolu;
92;Bolu;Yeniçağa;ALTYAPI HAZIRLANIYOR;(374) 341-4506;yenicagaosb@gmail.com;www.yenicagaosb.org.tr;Yeniçağa Belediye Başkanlığı, Asilbey Mahallesi, Hükümet Konağı, No:1 Yeniçağa - Bolu;
93;Burdur;Burdur;İŞLETMEDE (FAALİYETTE);(248) 252-9703;burorsan@hotmail.com;www.burorsan.org.tr;Kışla Mah. Şehit Ertan Palaz Cad. No:1 - 15040 - Merkez - Burdur;
94;Burdur;Burdur II.;İŞLETMEDE (FAALİYETTE);(248) 252-9383;posta@burdur2osb.org.tr;www.burdur2osb.org.tr;Burdur 2.OSB, Gökçebağ Köyü, Başakevler OSB Mevkii, 1.Cadde, No:3, - Burdur;
95;Burdur;Burdur-Bucak;İŞLETMEDE (FAALİYETTE);(248) 317-1430;bilgi@bucakosb.org.tr;www.bucakosb.org.tr;Bucak Osb. Çamlıca Osb Mahallesi 1757 Sk. No:5 Bucak - Burdur;
96;Bursa;Barakfakih;İŞLETMEDE (FAALİYETTE);(224) 384-5511;info@bosab.org.tr;www.bosab.com.tr;Barakfakih OSB Mah. 6.Cad. No:4 Kestel - Bursa;
97;Bursa;Bursa;İŞLETMEDE (FAALİYETTE);(224) 243-3800;bosb@bosb.org.tr;www.bosb.org.tr;Bursa Osb, Osb, Mavi Cadde, 2.Sokak, No:2, Pk 16140 Nilüfer - Bursa;
98;Bursa;Bursa Deri İhtisas ve Karma;İŞLETMEDE (FAALİYETTE);(224) 487-0000;bursaderi@bursaderiosb.com;www.bursaderiosb.com;Badırga Mah. Aziz Demirkan Cad. No.14 Nilüfer - Bursa;
99;Bursa;Bursa Teknoloji (BURSA TEKNOSAB);İŞLETMEDE (FAALİYETTE);(224) 684-3030;info@teknosab.org.tr;www.teknosab.org.tr;Taşpınar Mahallesi Taşpınar Sokak No:201 Karacabey - Bursa;
100;Bursa;Demirtaş;İŞLETMEDE (FAALİYETTE);(224) 261-0040;yonetim@dosab.org.tr;www.dosab.org.tr;Demirtaş Organize Sanayi Bölgesi, Gül Sokak - 16110 - No:11 Osmangazi - Bursa;
101;Bursa;Hasanağa;İŞLETMEDE (FAALİYETTE);(224) 484-2310;hosab@hosab.org.tr;www.hosab.org.tr;Hasanağa Osb Müdürlüğü, Hosab Cad. No:13 - Nilüfer - Bursa;
102;Bursa;İnegöl;İŞLETMEDE (FAALİYETTE);(224) 714-8600;info@inegolosb.org.tr;www.inegolosb.org.tr;Organize Sanayi Bölgesi Pk:177 16400 İnegöl - Bursa;
103;Bursa;İnegöl Mobilya Ağaç İşleri İhtisas;İŞLETMEDE (FAALİYETTE);(224) 715-2394;info@imosab.org.tr;www.imosab.org.tr;İnegöl Mobilya OSB Mdr.-Hamzabey OSB Mahallesi 1. Cadde No: 9 İnegöl - Bursa;
104;Bursa;Kayapa;İŞLETMEDE (FAALİYETTE);(224) 493-2326;info@kayapaosb.org.tr;www.kayapaosb.org.tr;Kayapa Sanayi Bölgesi, Kayapa Mahallesi Sanayi Bulvarı, No:16-1 16315 Nilüfer - Bursa;
105;Bursa;Kestel;İŞLETMEDE (FAALİYETTE);(224) 373-0651;kosab@kosab.org.tr;www.kosab.org.tr;Kestel Organize Sanayi Bölgesi, Bursa Cad. No.75 Kestel - Bursa;
106;Bursa;Mustafakemalpaşa;İŞLETMEDE (FAALİYETTE);(224) 632-6041;info@mkposb.org.tr;www.mkposb.org.tr;İzmir Yolu 7.Km. Güllüce Köyü Karşısı Paşalar Yolu Üzeri Mustafakemalpaşa - Bursa;
107;Bursa;Mustafakemalpaşa-mermerciler İhtisas;İŞLETMEDE (FAALİYETTE);(224) 618-0524;mermercilerosb2016@hotmail.com;www.mkpmermercilerosb.org.tr;Devecikonağı Cad. - No:71 Mustafakemalpaşa - Bursa;
108;Bursa;Nilüfer;İŞLETMEDE (FAALİYETTE);(224) 411-0900;info@nosab.org.tr;www.nosab.org.tr;Minareliçavuş Osb Mah. Atatürk Bulvarı No.2 16145 Nilüfer - Bursa;
109;Bursa;TOSAB Bursa Tekstil Boyahaneleri İhtisas;İŞLETMEDE (FAALİYETTE);(224) 211-2811;iletisim@tosab.org.tr;www.tosab.org.tr;İzmir Yolu, Badırga Mah. 11. Sk. No: 50 - Nilüfer - Bursa;
110;Bursa;Uludağ;İŞLETMEDE (FAALİYETTE);(224) 376-0146;info@uludagosb.org.tr;www.uludagosb.org.tr;Kurtuluş Mah. Atatürk Cad. No:218 16580 Gürsu - Bursa;
111;Bursa;Yenice;İŞLETMEDE (FAALİYETTE);(224) 714-8110;info@yeniceosb.org.tr;www.yeniceosb.org.tr;Yeniceköy Mahallesi, Hasan Gemici Caddesi, No:125 İnegöl - Bursa;
112;Bursa;Yenişehir;İŞLETMEDE (FAALİYETTE);(224) 773-5200;info@yosab.org.tr;www.yosab.org.tr;Tabakhane Mah. Şişecam Cad. No:5 16900 Yenişehir - Bursa;
113;Çanakkale;Biga;İŞLETMEDE (FAALİYETTE);(286) 324-3824;iletisim@bigaosb.org.tr;www.bigaosb.org.tr;Biga OSB Mevkii, Kahve Cad. No:63, Balıklıçeşme Köyü, - Biga - Çanakkale;
114;Çanakkale;Çanakkale;İŞLETMEDE (FAALİYETTE);(286) 213-5565;info@canakkaleosb.org;www.canakkaleosb.org;Çanakkale- Bursa Karayolu 6.Km 1.Cadde No.1 - Pk.75 - Çanakkale;
115;Çanakkale;Çanakkale Ayvacık TDİ (Jeo.Kayn.Sera);PLANLAMA AŞAMASINDA;(286) 712-1029;info@osbuk.org.tr;www.canakkaleayvaciktdiosb.org.tr;Ayvacık Tarım İl Müdürlüğü. Fatih Mah. Edremit Cad. No:11 (17860) Ayvacık - Çanakkale;
116;Çanakkale;Ezine Gıda İhtisas;İŞLETMEDE (FAALİYETTE);(286) 618-5828;osbezine2017@gmail.com;www.canakkaleezinegiosb.org;Seferşah Mah. Adnan Menderes Cad. Mavi Plaza 17600 No:4 - Kat : 3 - Daire : 2 - Ezine - Çanakkale;
117;Çankırı;Çankırı korgun;İŞLETMEDE (FAALİYETTE);(376) 343-1061;korgun@korgunosb.org.tr;www.korgunosb.org.tr;Çankırı - Kastamonu Yolu 20. Km. Korgun - Çankırı;
118;Çankırı;Çankırı Orta;ALTYAPI HAZIRLANIYOR;(376) 615-1006;ortaosb@hotmail.com;www.ortaosb.org;Cem Sultan Mah. Cumhuriyet Cad. 42/2 (Belediye Binası) Orta - Çankırı;
119;Çankırı;Çankırı Yakınkent;İŞLETMEDE (FAALİYETTE);(376) 213-2289;info@cankiriyakinkentosb.org;www.cankiriyakinkentosb.org;Kırkevler Mahallesi Kastamonu Yolu 2.km Özel İdare Ek Hizmet Binası 4. Kat Merkez - Çankırı;
120;Çankırı;Çerkeş;İŞLETMEDE (FAALİYETTE);03767661012;cerkesosb@gmail.com;www.cerkesosb.org.tr;Çerkeş Belediye Başkanlığı Hizmet Binası Murat Kurum Cad. No:28 Çerkeş - Çankırı;
121;Çankırı;Kurşunlu Çavundur;PLANLAMA AŞAMASINDA;(376) 465-1317;kursunlubelediyesi@gmail.com;;Kurşunlu Belediye Başkanlığı Kurşunlu - Çankırı;
122;Çankırı;Şabanözü(Çankırı);İŞLETMEDE (FAALİYETTE);(376) 518-1101;sabanozuosb@hotmail.com;www.sabanozuosb.org;Yeni Osb Mah. Orta Yolu 1 Km. Osb, İlhan Gürsel Cad. (Eski 5.Cad.) No:2 Şabanözü - Çankırı;
123;Çorum;Çorum;İŞLETMEDE (FAALİYETTE);(364) 254-9029;corumosb@corumosb.org.tr;www.corumosb.org.tr;Çorum-Ankara Karayolu 12.Km 19040 Merkez - Çorum;
124;Çorum;Çorum Merkez 2.;PLANLAMA AŞAMASINDA;;;;Karakeçili Mah. Gazi Cad. No:1 Merkez - Çorum;
125;Çorum;Çorum Sungurlu;İŞLETMEDE (FAALİYETTE);(364) 311-8001;sungurlu-osb@hotmail.com;www.sungurluosb.org.tr;Sungurluoğlu Mah. Muhsin Yazıcıoğlu Cad. No:54 Sungurlu - Çorum;
126;Çorum;İskilip;PLANLAMA AŞAMASINDA;(364) 511-6062;iskilip@iskilip.bel.tr;www.iskiliposb.org.tr;Çorum Valililiği Ana Bina, Karakeçili Mah, Gazi Cd. No:1 (19030) Z16 Merkez - Çorum;
127;Çorum;Osmancık;İŞLETMEDE (FAALİYETTE);(364) 611-0090;bilgi@osmancikosb.org.tr;www.osmancikosb.org.tr;Osmancık OSB. Eymir Mah. 5. Cad. NO:4 Osmancık - Çorum;
128;Denizli;Çivril;KAMULAŞTIRMA YAPILIYOR;02582421004;info@civrilosb.org.tr;www.civrilosb.org.tr;Kayalar mahallesi, 6013 Sokak No:1 Merkezefendi - Denizli;
129;Denizli;Denizli;İŞLETMEDE (FAALİYETTE);(258) 269-1002;dosb@dosb.org.tr;www.dosb.org.tr;Denizli Osb Mahallesi, Yaşar Öncan Caddesi No: 1 Honaz - Denizli;YAPILDI
130;Denizli;Denizli Çardak;İŞLETMEDE (FAALİYETTE);(258) 262-0230;info@cardakosb.org.tr;www.cardakosb.org.tr;Çardak OSB Mahallesi, 1. Cadde, No:29 Çardak - Denizli;
131;Denizli;Denizli Deri İhtisas ve Karma;İŞLETMEDE (FAALİYETTE);(258) 263-4058;denizlideriosb@gmail.com;www.denizlideriosb.org.tr;Kaklık Mah. Ahi Evran Cad. No:1 Honaz - Denizli;
132;Denizli;Denizli Makine İhtisas;ALTYAPI HAZIRLANIYOR;(258) 242-1004;info@demiosb.org.tr;www.demiosb.org.tr;Saraylar Mahallesi, Gazi Mustafa Kemal Bulvarı No:76-2-3 Merkezefendi - Denizli;
133;Denizli;Denizli-Sarayköy TDİ  (Jeotermal);İŞLETMEDE (FAALİYETTE);(258) 241-5002;organizesera@hotmail.com;;Sarayköy Tdi (Sera) Osb, Denizli Valiliği, 15 Mayıs Mah. Gazi Blv. No:83-B Kat:2 No:42 Pamukkale - Denizli;
134;Diyarbakır;Diyarbakır;İŞLETMEDE (FAALİYETTE);(412) 345-0021;info@diyarbakirosb.org.tr;www.diyarbakirosb.org.tr;Diyarbakır-Ergani Karayolu 22.Km. Yaytaş Mah.Osb 1.Cad.No:1 Yenişehir - Diyarbakır;
135;Diyarbakır;Diyarbakır Karacadağ;İŞLETMEDE (FAALİYETTE);8502592221;info@karacadagosb.org;www.karacadagosb.org;Fırat Mah. Urfa Bulvarı No:142 Karacadağ Kalkınma Ajansı Hizmet Binası Kat:2 Kayapınar-DİYARBAKIR;
136;Diyarbakır;Diyarbakır TDİ (Besi-Süt);İŞLETMEDE (FAALİYETTE);4122550922;tdi_osb@hotmail.com;www.diyarbakirbesiosb.org.tr;Diyarbakır TDİOSB, Şanlıurfa yolu üzeri, 25. km. Övündüler Köyü Mevkii Bağlar - Diyarbakır;
137;Diyarbakır;Diyarbakır Tekstil İhtisas ve Karma;İŞLETMEDE (FAALİYETTE);4122383038;info@dtiosb.org;www.dtiosb.org;Dökmetaş mah. Textil İhtisas OSB 1. cad. No:7/3-G Yenişehir - Diyarbakır;
138;Diyarbakır;Silvan Gıda ve Tarımsal Sanayi İhtisas;KAMULAŞTIRMA YAPILIYOR;(444) 610-0;stmdiyarbakiril@sanayi.gov.tr;;Diyarbakır Sanayi İl Müdürlüğü, Urfa Yolu Üzeri 1.km Eski Mitsubishi Plaza Üstü Bağlar-Diyarbakır;
139;Düzce;Akçakoca Demir Çelik İhtisas;ALTYAPI HAZIRLANIYOR;(380) 618-9000;info@akcakocaosb.org.tr;www.akcakocaosb.org.tr;Akçakoca OSB, Güven Keskin Cad.,MZM Onur Boru Fabrikası Yanı, Döngelli Köyü Akçakoca - Düzce;
140;Düzce;Çilimli;ALTYAPI HAZIRLANIYOR;(380) 681-7474;info@cilimliosb.org.tr;www.cilimliosb.org.tr;Çilimli Osb, Söğütlü Köyü 804.Sokak No:9 Çilimli - Düzce;
141;Düzce;Düzce;İŞLETMEDE (FAALİYETTE);(380) 523-9682;info@duzceosb.org.tr;www.duzceosb.org.tr;Düzce OSB, İstiklal OSB 1 Mah. 8.Cadde, No:9, Merkez - Düzce;
142;Düzce;Düzce Gümüşova;İŞLETMEDE (FAALİYETTE);(380) 523-6464;info@dgosb.org.tr;www.dgosb.org.tr;Düzce Gümüşova OSB. , Elmacık yolu üzeri, 1.cadde - Gümüşova - DÜZCE;
143;Düzce;Düzce II.;İŞLETMEDE (FAALİYETTE);(380) 552-6000;info@duzce2osb.org.tr;www.duzce2osb.org.tr;Cumhuriyet Mahallesi 1. Cadde No:2 Beyköy - Düzce;
144;Edirne;Edirne;İŞLETMEDE (FAALİYETTE);(284) 213-6559;info@edirneosb.org.tr;www.edirneosb.org.tr;Edirne Osb, 1. Cad. No 5 Domurcalı Köyü, Süloğlu - Edirne;
145;Edirne;İpsala;ALTYAPI HAZIRLANIYOR;02845023422;info@ipsalaosb.org.tr;www.ipsalaosb.org.tr;Saraç İlyas Mah. Pazar Meydanı Sok. No:12/P İpsala - Edirne;
146;Edirne;Keşan;ALTYAPI HAZIRLANIYOR;2847141137;kesantso@tobb.org.tr;www.kesanosb.org.tr;Keşan TSO, Yukari Zaferiye Mahallesi Pasayigit Caddesi No : 58 22900 Keşan - Edirne;
147;Edirne;Uzunköprü;KAMULAŞTIRMA YAPILIYOR;(284) 513-1064;uzunkoprutso@tobb.org.tr;www.uzunkopruosb.org;Uzunköprü Tso - Cumhuriyet Meydanı No:17 Uzunköprü - Edirne;
148;Edirne;Uzunköprü Atatürk;PLANLAMA AŞAMASINDA;(284) 513-1064;uzunkoprutso@tobb.org.tr;www.uzataosb.org.tr;Rızaefendi Mah. Cumhuriyet Meydanı No:17 Uzunköprü-Edirne;
149;Elâzığ;Elazığ;İŞLETMEDE (FAALİYETTE);(424) 255-5022;info@elazigosb.org.tr;www.elazigosb.org.tr;Elazığ Osb Müdürlüğü - Sosyal Tesisler İdare Binası 23180 Yazıkonak - Elazığ;
150;Elâzığ;Elazığ Hayvan Ürünleri;İŞLETMEDE (FAALİYETTE);(424) 248-4701;elazigorganize@hotmail.com;www.elazightdiosb.com;Yenimahalle, Kalkan Sokak No:5 Daire 13 Merkez - Elazığ;
151;Elâzığ;Elazığ TDİ (Besi);ALTYAPI HAZIRLANIYOR;(424) 218-3500;elazigtdibesiosb@gmail.com;www.elazigbesiosb.org.tr;Elazığ Besi OSB, Cumhuriyet Mah.Korgeneral Hulusi Sayın Cad.No 117 Merkez-Elazığ;
152;Elâzığ;Elazığ Teknova;İŞLETMEDE (FAALİYETTE);(424) 247-5327;elazig2osb@gmail.com;www.elazigteknovaosb.org.tr;Elazığ Ticaret Odası, Cumhuriyet Mah. Korgeneral Hulusi Sayın Cad. No:117, Elazığ;
153;Elâzığ;Kovancılar;KAMULAŞTIRMA YAPILIYOR;04242475327;;;İl Özel İdaresi, Kovancılar OSB, Çaydaçıra Mah. Emsal Sokak No:9 Merkez - Elazığ;
154;Erzincan;Erzincan;İŞLETMEDE (FAALİYETTE);(446) 251-1001;info@erzincanosb.com;www.erzincanosb.com;Organize Sanayi Bölgesi 14. Cad. No:16 - Erzincan;
155;Erzincan;Erzincan TDİ (Besi);ALTYAPI HAZIRLANIYOR;(446) 251-1001;info@erzincanosb.com;;Organize Sanayi Bölgesi 14. Cad. No:16 - Erzincan;
156;Erzurum;Erzurum Merkez I.;İŞLETMEDE (FAALİYETTE);444-6721;info@erzurumosb.org;www.erzurumosb.org;Organize Sanayi Yolu, 25700 Gez Köyü Osb - Aziziye - Erzurum;
157;Erzurum;Erzurum Merkez II;İŞLETMEDE (FAALİYETTE);(530) 933-8525;erzurumosb2@gmail.com;www.erzurum2osb.org.tr;Erzurum Merkez 2. osb, .Ilıca Mahallesi 1. Sanayi Cad. No:23 Aziziye - Erzurum;
158;Erzurum;Oltu;İŞLETMEDE (FAALİYETTE);(442) 816-3990;oltutso@tobb.org.tr;;Oltu Osb, Osman Ayyıldız Caddesi No:9-1 Oltu - Erzurum;
159;Eskişehir;Eskişehir;İŞLETMEDE (FAALİYETTE);(222) 236-1080;info@eosb.org.tr;www.eosb.org.tr;İsmail Kanatlı Bulvarı (2. Cadde) No:15 26250 Oduzpazarı - Eskişehir;
160;Eskişehir;Eskişehir-Beylikova Besi;İŞLETMEDE (FAALİYETTE);(222) 531-3030;bbesiosb@bbesiosb.org.tr;www.bbesiosb.org.tr;Beylikoba Tdiosb, 1.Cad No:12, Beylikova - Eskişehir;
161;Eskişehir;Sivrihisar;ALTYAPI HAZIRLANIYOR;(222) 711-3820;info@sivrihisarosb.org.tr;;SİVRİHİSAR OSB, Yeniköy Mevki Eskişehir Yolu 7. Km Sivrihisar - Eskişehir;
162;Gaziantep;Gaziantep;İŞLETMEDE (FAALİYETTE);(342) 337-1101;gaosb@gaosb.org;www.gaosb.org;Gaziantep 1.Osb Bölge Müdürlüğü 83120 Nolu Cad. No:7 Başpınar Şehitkamil - Gaziantep;YAPILDI
163;Gaziantep;Gaziantep Ayakkabı Terlik ve Yan Sanayi İhtisas;ALTYAPI HAZIRLANIYOR;3422210900/133;bilgi@ayakkabiosb.org;;Değirmiçem Mahallesi İstasyon Caddesi No:43 Şehitkamil - Gaziantep;
164;Gaziantep;Gaziantep Besi;İŞLETMEDE (FAALİYETTE);(342) 443-0001;gbosb27@gmail.com;www.gbosb.org.tr;Gaziantep Besi Tdiosb, Çayırbaşı Mevkii, Oğuzeli - Gaziantep;
165;Gaziantep;Gaziantep Oğuzeli;İŞLETMEDE (FAALİYETTE);(342) 477-1757;info@oguzeliosb.org.tr;www.oguzeliosb.org.tr;Gaziantep Oğuzeli Osb, Körkün Mah, Ebulfeyz Elçibey Blv. No:2 Oğuzeli - Gaziantep;
166;Gaziantep;İslahiye;İŞLETMEDE (FAALİYETTE);(530) 643-2547;islahiyeosb@outlook.com.tr;www.islahiyeosb.org;Islahiye OSB, Güllühüyük Mahallesi OSB 2 Nolu Cad. OSB Bölge Müdürlüğü - islahiye - Gaziantep;
167;Gaziantep;Nizip;İŞLETMEDE (FAALİYETTE);(342) 554-2021;niziposb@hotmail.com;www.niziposb.org;Nizip Osb, Karkamış Yolu Üzeri 5.Km 27700 Nizip - Gaziantep;
168;Gaziantep;Nizip 2.;KAMULAŞTIRMA YAPILIYOR;5055399727;iletisim@nizip2osb.org;www.nizip2osb.org;Nizip 2.OSB, İstasyon Mahallesi, İstasyon Cad.No: 2 Nizip - Gaziantep;
169;Gaziantep;Nurdağı;PLANLAMA AŞAMASINDA;(342) 671-3973;nurdagi@icisleri.gov.tr;www.nurdagiosb.org.tr;Tayyip Erdoğan Bulvarı Hükümet Konağı No:44 Kat:3 27840 Nurdağı - Gaziantep;
170;Giresun;Giresun;İŞLETMEDE (FAALİYETTE);(454) 216-4645;giresunosb@ttmail.com;www.giresunosb.com;Kayadibi Mahallesi, Organize Sanayi Bölgesi, Esma Serhat Hanım Cad. No:4 Merkez - Giresun;
171;Giresun;Giresun 2.;İŞLETMEDE (FAALİYETTE);(454) 316-2828;grs2osb@gmail.com;www.g2osb.org.tr;Giresun 2 Osb. İhsaniye Mah. Fatih Cad. No:83-2 Bulancak - Giresun;
172;Giresun;Giresun 3.;KAMULAŞTIRMA YAPILIYOR;04546116400;test@test.org.tr;www.giresun3osb.org.tr;Giresun 3.OSB, Merkez Mah. Kemal Şahan Cad. No:2/16 Espiye - Giresun;
173;Giresun;Giresun 4.;KAMULAŞTIRMA YAPILIYOR;4545136720;serdarodemis1981@gmail.com;;Görele Belediyesi İmar Birimi, Kumyalı Mahallesi, Cumhuriyet Meydanı, No:2 Görele - Giresun;
174;Giresun;Giresun Şebinkarahisar Karma OSB;KAMULAŞTIRMA YAPILIYOR;(454) 711-4005;sebinkarahisarkarmaosb@gmail.com;www.sebinkarahisarosb.org.tr;Bülbül Mah. Halil Rıfat Paşa Cad. No:47 Şebinkarahisar - Giresun;
175;Gümüşhane;Gümüşhane;İŞLETMEDE (FAALİYETTE);(456) 213-5492;info@gumushaneosb.org.tr;www.gumushaneosb.org.tr;Yoncalı Osb Harmancık Mevkii 1. Sokak No: 2 - Gümüşhane;
176;Gümüşhane;Kelkit;KAMULAŞTIRMA YAPILIYOR;(456) 317-1003;cetinkaya291@hotmail.com;www.kelkitosb.org.tr;Hükümet Konağı Kat:1 No:18 Kelkit - Gümüşhane;
177;Hakkâri;Hakkari Yüksekova;ALTYAPI HAZIRLANIYOR;(438) 211-6227;stmhakkariil@sanayi.gov.tr;www.hakkariyuksekovaosb.org.tr;Sanayi İl Müdürlüğü, Bulak Mah.İstiklal Cad.Hükümet Konağı No:17 Kat:2 - Merkez - Hakkari;
178;Hatay;Antakya;İŞLETMEDE (FAALİYETTE);(326) 451-2444;bilgi@antakyaosb.org.tr;www.antakyaosb.org.tr;Antakya OSB, Çakallı Mah. Antakya OSB 10. Cad. No:1 Belen - HATAY;
179;Hatay;Hatay Altınözü Enek;PLANLAMA AŞAMASINDA;(326) 214-0330;test@test.org.tr;;Kışlasaray Mah. Fevzi Çakmak Cad. (Hatay YİKOB) Binası) No:17 Antakya/Hatay;
180;Hatay;Hatay Altınözü Enek (Süt) TDİ;PLANLAMA AŞAMASINDA;(326) 214-0330;ekremozer72@gmail.com;;T.C. Hatay Valiliği - Kışlasaray Mah. Vilayet Cad. Hükümet Konağı 31100 Antakya - Hatay;
181;Hatay;Hatay Erzin;İŞLETMEDE (FAALİYETTE);(326) 214-0330;meryem_guc@hotmail.com;www.erzinosb.org;T.C. Hatay Valiliği - Kışlasaray Mah. Vilayet Cad. Hükümet Konağı 31100 Antakya - Hatay;
182;Hatay;Hatay Hassa;PLANLAMA AŞAMASINDA;(326) 214-0330;ekremozer72@gmail.com;;T.C. Hatay Valiliği - Kışlasaray Mah. Vilayet Cad. Hükümet Konağı 31100 Antakya - Hatay;
183;Hatay;Hatay İskenderun II.;İŞLETMEDE (FAALİYETTE);(326) 214-0330;ekremozer72@gmail.com;;T.C. Hatay Valiliği - Kışlasaray Mah. Vilayet Cad. Hükümet Konağı 31100 Antakya - Hatay;
184;Hatay;Hatay Kırıkhan;ALTYAPI HAZIRLANIYOR;(326) 214-0330;ekremozer72@gmail.com;;T.C. Hatay Valiliği - Kışlasaray Mah. Vilayet Cad. Hükümet Konağı 31100 Antakya - Hatay;
185;Hatay;Hatay Payas;İŞLETMEDE (FAALİYETTE);(326) 755-8058;hataypayasosb@gmail.com;www.payasosb.org.tr;Payas Organize Sanayi Bölgesi, Sanayi Cad. No:17 Payas - Hatay;
186;Hatay;İskenderun;İŞLETMEDE (FAALİYETTE);(326) 656-2121;bilgi@iskenderunosb.org.tr;www.iskenderunosb.org.tr;İskenderun OSB, Sarıseki Mah. Vali Utku Acun Mah. No:1/1 - İskenderun - Hatay;
187;Iğdır;Iğdır;İŞLETMEDE (FAALİYETTE);(476) 227-8308;igdirosb@gmail.com;www.igdirosb.org.tr;Iğdır Organize Sanayi Bölgesi 2. Cadde No:2 Çalpala Köyü/ IĞDIR;
188;Isparta;Isparta Deri İhtisas ve Karma;İŞLETMEDE (FAALİYETTE);(246) 242-3020;ispartaderiosb@hotmail.com;www.ispartaderikarmaosb.com.tr;Vatan osb Mahallesi 301 Cad. No:1-1 Pk:23 Merkez - Isparta;
189;Isparta;Isparta Süleyman Demirel;İŞLETMEDE (FAALİYETTE);(246) 556-5345;organizesanayi@hotmail.com;www.isdosb.com.tr;Güneykent Beldesi, Baladız Mahallesi Mevkii, 102 Cd No 4 Gönen - Isparta;
190;Isparta;Isparta-Yalvaç;PLANLAMA AŞAMASINDA;(246) 441-5035;info@yalvacosb.org.tr;www.yalvacosb.org.tr;Pazaryukarı Mah. Yeşil Çınar Blv. No:19 Belediye Sarayı Kat 2 Yalvaç - Isparta;
191;İstanbul;Beylikdüzü;İŞLETMEDE (FAALİYETTE);(212) 876-3170;yonetim@ibosb.com;www.ibosb.com;İstanbul Beylikdüzü Osb Mah. Hürriyet Bulvarı 34520 No:2-A Beylikdüzü - İstanbul;
192;İstanbul;Birlik;İŞLETMEDE (FAALİYETTE);(216) 593-0820;info@birlikosb.org.tr;www.birlikosb.org.tr;Aydınlı - Birlik Osb Mah. 1 Nolu Cadde No: 26 34953 Tuzla - İstanbul;
193;İstanbul;Biyoteknoloji İhtisas;ALTYAPI HAZIRLANIYOR;2166293035;info@biyosad.org.tr;www.biosb.org.tr;Biyoteknoloji İhtisas OSB, Aydınlı-Birlik OSB Mah. 1 No’lu Cadde No:1/7 Tuzla - İstanbul;
194;İstanbul;İstanbul Anadolu Yakası;İŞLETMEDE (FAALİYETTE);(216) 593-0000;info@iayosb.com;www.iayosb.com;Aydınlı İstanbul Ay Osb Mahallesi, 5. Sok. No : 2 Tuzla - İstanbul;
195;İstanbul;İstanbul Deri;İŞLETMEDE (FAALİYETTE);(216) 394-1480;info@ideriosb.org.tr;www.ideriosb.org.tr;Kumpas Cad. No : 19 Aydınlı - Orhanlı Mevkii 34957 Tuzla - İstanbul;
196;İstanbul;İstanbul Dudullu;İŞLETMEDE (FAALİYETTE);(216) 365-7403;info@dudulluosb.org.tr;www.dudulluosb.org.tr;Dudullu Organize Sanayi Bölgesi, 3.Cadde No:18-2 34776 Ümraniye - İstanbul;
197;İstanbul;İstanbul İkitelli;İŞLETMEDE (FAALİYETTE);444-3672;bolgemudurlugu@iosb.org.tr;www.iosb.org.tr;İstanbul İkitelli Osb Mh. Süleyman Demirel Bulvarı No:16 Başakşehir - İstanbul;
198;İstanbul;İstanbul Tuzla;İŞLETMEDE (FAALİYETTE);(216) 593-1641;itosb@itosb.org.tr;www.itosb.org.tr;Recep Bilal Hancı Caddesi No:2 Tuzla - İstanbul;YAPILDI
199;İstanbul;İstanbul Tuzla Kimya Sanayicileri;İŞLETMEDE (FAALİYETTE);(216) 593-0300;info@kosb.com.tr;www.kosb.com.tr;Aydınlı-Kosb Mah. Tuzla Kimya Sanayicileri Osb, Atom Cad. No:2 Tuzla - İstanbul;
200;İzmir;Aliağa Kimya İhtisas ve Karma;İŞLETMEDE (FAALİYETTE);(232) 621-5050;info@alosbi.org.tr;www.alosbi.org.tr;ALİAĞA OSB - ÇORAKLAR MAH. 5028 SOK. NO:6 ALOSBİ ALİAĞA - İZMİR;
201;İzmir;Bağyurdu (BAYOSB);İŞLETMEDE (FAALİYETTE);(232) 880-7032;info@bayosb.org;www.bayosb.org;Halilbeyli Osb Mahallesi, İzmir-Ankara Caddesi No:5, Kemalpaşa - İzmir;
202;İzmir;Bergama;İŞLETMEDE (FAALİYETTE);(232) 631-5005;bosbi@bosbi.org.tr;www.bosbi.org.tr;Bergama OSB Mahallesi, Atatürk Cad. No:2 Bergama - İzmir;
203;İzmir;Buca Ege;İŞLETMEDE (FAALİYETTE);(232) 440-5727;info@begos.org.tr;www.begos.org.tr;Buca Ege Osb, Adatepe Mah. 2-20 Sk., No:22 Buca - İzmir;
204;İzmir;Dikili TDİ (Jeo.Kayn.Sera);ALTYAPI HAZIRLANIYOR;(232) 402-7070;info@dikilitdiosb.org.tr;www.dikilitdiosb.org.tr;İzmir Ticaret Odası, Atatürk Caddesi No: 190 K:5 Alsancak - İZMİR;
205;İzmir;İTOB;İŞLETMEDE (FAALİYETTE);(232) 799-0019;info@itob.org.tr;www.itob.org.tr;İtob Osb Müdürlüğü, 10030 Sokak. No:5 Tekeli Menderes - İzmir;
206;İzmir;İzmir Aliağa Bağyurdu ( ÖZEL );PLANLAMA AŞAMASINDA;(224) 999-1200;matli@matli.com.tr;www.aliagabagyurduosb.org.tr;MATLI A.Ş. Panayır Mah. 602.sok No:14 Matlı Plaza Osmangazi - Bursa;
207;İzmir;İzmir Atatürk;İŞLETMEDE (FAALİYETTE);(232) 376-7176;iaosb@iaosb.org.tr;www.iaosb.org.tr;M. Kemal Atatürk Bulvarı No : 42 35620 Çiğli - İzmir;YAPILDI
208;İzmir;İzmir Bayındır TDİ(Sera);ALTYAPI HAZIRLANIYOR;02325817077;info@bayindirtdiosb.org.tr;www.bayindirtdiosb.org.tr;Bayındır TDİOSB, Mithatpaşa Mah. Hükümet önü caddesi. No:7/8 Bayındır - İZMİR;
209;İzmir;İzmir Kemalpaşa;İŞLETMEDE (FAALİYETTE);(232) 877-2236;info@kosbi.org.tr;www.kosbi.org.tr;Kemalpaşa OSB Mah. Gazi Bulvarı No:189 Pk:35730 Kemalpaşa - İzmir;
210;İzmir;İzmir Kınık Bitkisel Üretim (Tohum,Fide,Tıbbi ve Aromatik Bitkiler vb.) TDİ;PLANLAMA AŞAMASINDA;02326873449;izmirtdiosb@gmail.com;kiniktdiosb.org.tr/;Kınık OSB Mah. Adnan Ebiz Sok. No:2/1 35990 Kınık - İzmir;
211;İzmir;İzmir Pancar;İŞLETMEDE (FAALİYETTE);(232) 864-2280;iposb@iposb.com.tr;www.iposb.com.tr;Fevzi Çakmak Mah. Bekir Saydam Cad. No:65 Pancar – Torbalı - İzmir;
212;İzmir;Kınık;İŞLETMEDE (FAALİYETTE);(232) 687-3330;info@kinikosb.org.tr;www.kinikosb.org.tr;Kınık Osb Müdürlüğü, Fatih Mah. Atatürk Cad. No:89 Kat:4-12 Kınık - İzmir;
213;İzmir;Menemen Plastik İhtisas;İŞLETMEDE (FAALİYETTE);(232) 832-3091;impiosb@impiosb.org.tr;www.impiosb.org.tr;Atatürk Plastik Osb Mah. Atatürk Blv. No:1 (35660) Menemen - İzmir;
214;İzmir;Ödemiş;İŞLETMEDE (FAALİYETTE);(232) 544-8080;bilgi@odemisosb.org.tr;www.odemisosb.org.tr;"ÖDEMİŞ OSB ; Kaymakçı Mh.,Ödemiş Osb caddesi No:6 Ödemiş - İZMİR";
215;İzmir;Tire;İŞLETMEDE (FAALİYETTE);(232) 513-5010;info@tosbi.org.tr;www.tosbi.org.tr;İbni Melek Osb Mh. - Tosbi Yol 1. Sok No: 17 35900 Tire - İzmir;
216;İzmir;Torbalı Karma ve Mobilya;İŞLETMEDE (FAALİYETTE);(232) 446-5608;info@torbaliosb.org.tr;www.torbaliosb.org.tr;Torbalı Organize Sanayi Bölgesi, Yeniköy Osb Mah, 501 Sokak No:4 (Yeniköy Ahmetli Yolu) Torbalı - İzmir;
217;Kahramanmaraş;Afşin;PLANLAMA AŞAMASINDA;(344) 511-4660;afsinosb@afsin.bel.tr;;Efsus Tutan Mah. A. Nazım Kaynak 4. sokak. No:5 Afşin - Kahramanmaraş;
218;Kahramanmaraş;Elbistan;İŞLETMEDE (FAALİYETTE);(344) 413-1331;muhasebe.yunus@gmail.com;www.elbistanosb.org.tr;Çiçek OSB Mh. 5.cd No:3, (Elbistan İlçe Merkezine yaklaşık 5 km uzaklıktadır. Elbistan –Nurhak karayoluna cephelidir. );
219;Kahramanmaraş;Erkenez;İŞLETMEDE (FAALİYETTE);03442344546;finans@erkenezosb.org;www.erkenezosb.org;Erkenez OSB, Vadi Mah. Batı Çevre Yolu Bulvarı No:130/1A Onikişubat - Kahramanmaraş;
220;Kahramanmaraş;Kahramanmaraş;İŞLETMEDE (FAALİYETTE);(344) 257-9482;info@kmosb.org;www.kmosb.org;Organize Sanayi Bölgesi 5. Cadde No:9 46050 Onikişubat - Kahramanmaraş;
221;Kahramanmaraş;Kahramanmaraş Elbistan TDİ (Besi);PLANLAMA AŞAMASINDA;3444151000;info@elbistantdibosb.com;;"Elbistan TSO; Güneşli Mah. Karabağ Cad. No:12 46300 Elbistan - Kahramanmaraş";
222;Kahramanmaraş;Kahramanmaraş Gıda İhtisas;PLANLAMA AŞAMASINDA;(344) 228-4600;orer@msn.com;www.kagiosb.org.tr;İsmetpaşa Mah. Azerbaycan Bulv. No: 25 Dulkadiroğlu - Kahramanmaraş;
223;Kahramanmaraş;Kahramanmaraş Tomsuklu;ALTYAPI HAZIRLANIYOR;(344) 221-6464;info@ktiosb.org;www.tomsukluosb.org;Ticaret Borsası Binası, Barbaros Mah., Batı Çevre Yolu 2.km No:80 Onikişubat - Kahramanmaraş;
224;Kahramanmaraş;Türkoğlu;İŞLETMEDE (FAALİYETTE);(344) 618-1785;info@turkogluosb.org;www.turkogluosb.org;Adana Yolu 26 km. Osb Mah. 1.Cadde No:2 Türkoğlu - Kahramanmaraş;
225;Karabük;Eskipazar;ALTYAPI HAZIRLANIYOR;(370) 412-2078;eskipazar@hotmail.com;www.kemosb.org.tr;Yeşil Mahalle, Atatürk Bülvarı (Valilik Konağı 1. Kat, No 113) - Karabük;
226;Karabük;Karabük;İŞLETMEDE (FAALİYETTE);(370) 412-7679;evrakkayit@karorsan.org.tr;www.karorsan.org.tr;Karabük Osb, Kale Köyü, Osb, Karanfil Sokak No:2 Merkez - Karabük;
227;Karaman;Karaman;İŞLETMEDE (FAALİYETTE);(338) 224-1497;info@karamanosb.org.tr;www.karamanosb.org.tr;Karaman Osb Müdürlüğü 5. Cad. No:32 70100 - Karaman;
228;Karaman;Karaman 2.;PLANLAMA AŞAMASINDA;4446100;ozelkalem@karaman.bel.tr;www.karaman.bel.tr;Karaman Belediyesi, Kirişçi Mahallesi Atatürk Bulvarı No:79;
229;Kars;Kars;İŞLETMEDE (FAALİYETTE);(474) 212-2868;bilgi@karsosb.org.tr;www.karsosb.org.tr;Kars Osb, Cumhuriyet Mah. Şehit Yusufbey Cad. No:20 Merkez - Kars;
230;Kars;Kars İhtisas Besi;İŞLETMEDE (FAALİYETTE);(474) 212-2868;Kars_tdi@hotmail.com;www.karsbesiosb.org.tr;Cumhuriyet Mah. Şehit Yusuf Bey Cad. No:20 Merkez - Kars;
231;Kastamonu;Kastamonu;İŞLETMEDE (FAALİYETTE);(366) 212-7532;osb@kastamonuosb.org.tr;www.kastamonuosb.org.tr;Kastamonu Osb, İnebolu Yolu 18. Km Gelindağı Mevkii, Halime Çavuş Bulvarı, No:3, Aksinir Köyü - Kastamonu;
232;Kastamonu;Kastamonu Araç-İhsangazi;PLANLAMA AŞAMASINDA;03662141074;kaiosb@kastamonuaracihsangaziosb.org.tr;www.kastamonuaracihsangaziosb.org.tr;Hepkebirler Mah. Mah. Mutaflar Çarşısı TSO Binası No:13 Merkez - Kastamonu;
233;Kastamonu;Kastamonu Devrekani TDİ (Besi);ALTYAPI HAZIRLANIYOR;3666383300;devrekanibesiosb@gmail.com;;Kurtşeyh M. Meydan Cad.Belediye Pasajı No:2/Z02 Devrekani - Kastamonu;
234;Kastamonu;Kastamonu Seydiler;İŞLETMEDE (FAALİYETTE);(366) 668-4445;seydilerosb@gmail.com;www.seydilerosb.org.tr;Kastamonu Seydiler Osb, OSB Bölgesi No:1 Seydiler - Kastamonu;
235;Kastamonu;Kastamonu Taşköprü;İŞLETMEDE (FAALİYETTE);(366) 417-1058;kastamonutaskopruosb@gmail.com;www.taskopruosb.gov.tr;Taşköprü Bld. Harmancık Mah. - Muzafferettin Gazi Cad. No:2 Taşköprü - Kastamonu;
236;Kastamonu;Tosya;İŞLETMEDE (FAALİYETTE);(366) 313-0606;info@tosyaosb.com;www.tosyaosb.com;Menderes Cad. No:19-A Tosya - Kastamonu;
237;Kayseri;Erciyes;PLANLAMA AŞAMASINDA;03522451050;erciyesosb@erciyesosb.org.tr;www.erciyesosb.org.tr;Kayseri Sanayi Odası, Alsancak Mahallesi, Kocasinan Bulvarı No:161 Kocasinan - Kayseri;
238;Kayseri;Kayseri;İŞLETMEDE (FAALİYETTE);(352) 321-1100;info@kayseriosb.org;www.kayseriosb.org;Kayseri Osb, 6.Cadde. 22-A 38070 - Melikgazi - Kayseri;
239;Kayseri;Kayseri İncesu;İŞLETMEDE (FAALİYETTE);(352) 698-6590;info@incesuosb.org.tr;www.incesuosb.org.tr;Sultansazı Osb Mahallesi, Osb 1. Cadde No:3 İncesu - Kayseri;
240;Kayseri;Kayseri Kocasinan TDİ(Jeo.Kayn.Sera);ALTYAPI HAZIRLANIYOR;03523366888;genelsekreterlik@kayseritb.org.tr;www.kayseritdiosb.org;Kocasinan OSB, Sanayi Mahallesi, Kocasinan Blv. No:70, 38010 Kocasinan-Kayseri;
241;Kayseri;Kayseri Mimarsinan;İŞLETMEDE (FAALİYETTE);(352) 294-2021;mimarsinanosb@mimarsinanosb.org.tr;www.mimarsinanosb.org.tr;Kayseri Mimar Sinan Osb Mh. 9.Cd. No:18 Melikgazi - Kayseri;
242;Kırıkkale;Balışeyh;KAMULAŞTIRMA YAPILIYOR;(318) 333-5500;muhammet.tumer@meb.gov.tr;;Kırıkkale Valilik Binası, Fabrikalar Mah. Ulubatlı Hasan Cad. (B) Blok Kat:3 Oda :321 Kırıkkale;
243;Kırıkkale;Keskin;İŞLETMEDE (FAALİYETTE);(318) 529-2030;info@keskinosb.org.tr;www.keskinosb.org.tr;Keskin Osb Müdürlüğü, Cankurtaran Cad. No:1 Keskin - Kırıkkale;
244;Kırıkkale;Kırıkkale I;İŞLETMEDE (FAALİYETTE);(318) 321-3130;info@kirikkaleosb.org.tr;www.kirikkaleosb.org.tr;Kırıkkale 1. Osb, Kızılırmak Cd. No:2-1 Yahşiyan - Kırıkkale;
245;Kırıkkale;Kırıkkale Silah Sanayi İhtisas;İŞLETMEDE (FAALİYETTE);(318) 210-1040;info@silahosb.org.tr;www.silahosb.org.tr;Kırıkkale-Kırşehir Yolu Üzeri Silah OSB, 1. Sokak No:2 - Kırıkkale;
246;Kırklareli;Büyükkarıştıran;İŞLETMEDE (FAALİYETTE);(288) 436-2002;buyukkaristiranosb@gmail.com;www.buyukkaristiranosb.org.tr;Yeni Mahalle, Kervan Sok No:8-2 Büyükkarıştıran-Lüleburgaz - Kırklareli;
247;Kırklareli;Evrensekiz;İŞLETMEDE (FAALİYETTE);(288) 443-8080;evrensekizosb@hotmail.com;www.evrensekizosb.org.tr;Evrensekiz Beldesi, Gündoğu Mahallesi, Derman Sokak, No:1 Lüleburgaz - Kırklareli;
248;Kırklareli;Kırklareli;İŞLETMEDE (FAALİYETTE);(288) 263-4258;info@kirklareliosb.org.tr;www.kirklareliosb.org.tr;Kırklareli Osb, 1.Cad. No:4/1, Kızılcıkdere Köyü Mevkii (39100) Merkez - Kırklareli;
249;Kırklareli;Kırklareli Kavaklı TDİ (Süt);PLANLAMA AŞAMASINDA;02882141214;info@osbuk.org.tr;;Kırklareli İl Özel İdaresi, Karakaş Mahallesi 100.Yıl Caddesi No:25, Merkez - Kırklareli;
250;Kırklareli;Pagder-Aslan Plastikçiler İhtisas ( ÖZEL );ALTYAPI HAZIRLANIYOR;(212) 438-5841;paosb@paosb.org;www.paosb.org;Oruç Reis Mah. Vadi Cad. İstanbul Ticaret Sarayı Kat :5 No:338 Giyimkent Esenler / İstanbul;
251;Kırşehir;Kaman;İŞLETMEDE (FAALİYETTE);(386) 712-2500;osbkaman@gmail.com;;Kaman Kaymakamlığı, Atatürk Cad. No. 23/1 (3. Kat) Kaman - KIRŞEHİR;
252;Kırşehir;Kırşehir;İŞLETMEDE (FAALİYETTE);(386) 212-3451;info@kirsehirosb.gov.tr;www.kirsehirosb.gov.tr;Terme Caddesi No: 25 Osb - Kırşehir;
253;Kırşehir;Mucur;PLANLAMA AŞAMASINDA;(386) 812-4245;kaymakamlikmucur@hotmail.com;www.mucurosb.com.tr;Mucur OSB, Milli Egemenlik Cad. No 10 Mucur - Kırşehir;
254;Kilis;Kilis;İŞLETMEDE (FAALİYETTE);(348) 834-1114;info@kilisosb.org.tr;www.kilisosb.org.tr;Kilis Osb. Osb 18 Nolu Cad. No:10 Merkez - Kilis;
255;Kilis;Kilis Polateli Şahinbey;İŞLETMEDE (FAALİYETTE);05451277900;kilistso@tobb.org.tr;www.kilispolateliosb.org.tr;Yeşilpınar Mah. Güldüzü Mevkii, 31 Nolu Sokak, No:4/1, 79000 Polateli - Kilis;
256;Kocaeli;Asım Kibar;İŞLETMEDE (FAALİYETTE);(262) 324-8062;info@akosb.com.tr;www.akosb.com.tr;Asım Kibar OSB, 1. Cad No:3 Pk:41310 İzmit - Kocaeli;
257;Kocaeli;Gebze;İŞLETMEDE (FAALİYETTE);(262) 648-4848;info@gosb.com.tr;www.gosb.com.tr;Gosb Yönetim Merkezi Ve Sosyal Tesisleri Şahabettin Bilgisu Caddesi No:605 Gebze - Kocaeli;YAPILDI
258;Kocaeli;Global Karma;İŞLETMEDE (FAALİYETTE);(262) 754-1111;info@globalosb.org.tr;www.globalosb.org.tr;Global Karma OSB Mah. Refik Oral Cad. No:11 Dilovası - Kocaeli;
259;Kocaeli;Kandıra Gıda İhtisas;İŞLETMEDE (FAALİYETTE);(262) 313-0015;info@kandiragiosb.org.tr;www.kandiragiosb.org.tr;Kocakaymas Mahallesi, Eski Kandıra Caddesi No:30-1 Kandıra - Kocaeli;
260;Kocaeli;Kocaeli Alikahya;İŞLETMEDE (FAALİYETTE);(262) 365-1818;info@kaosb.org.tr;www.kaosb.org.tr;Kocaeli Alikahya Osb, Alikahya Osb Mahallesi 106. Sokak No: 3 - 41310 İzmit - Kocaeli;
261;Kocaeli;Kocaeli Arslanbey;İŞLETMEDE (FAALİYETTE);(262) 351-2393;info@arslanbeyosb.org;www.arslanbeyosb.org;Arslanbey Osb Mah. 1. Cad. - No: 2 Kartepe - Kocaeli;
262;Kocaeli;Kocaeli Gebze Dilovası;İŞLETMEDE (FAALİYETTE);(262) 754-9168;info@dosb.com.tr;www.dosb.com.tr;Kocaeli Gebze Dilovası Osb 1. Kısım, Tuna Cad. No:4 Dilovası - Kocaeli;
263;Kocaeli;Kocaeli Gebze Güzeller;İŞLETMEDE (FAALİYETTE);(262) 751-2150;info@ggosb.com.tr;www.ggosb.com.tr;Gebze Güzeller Osb, İnönü Mah, Aşık Veysel Sok. No:1 41400 Gebze - Kocaeli;
264;Kocaeli;Kocaeli Gebze Plastikçiler;İŞLETMEDE (FAALİYETTE);(262) 751-1033;geposb@geposb.com.tr;www.geposb.com.tr;Gebze Plastikçiler Osb, İnönü Mah. Gebze Plastikçiler Osb Mah. Atatürk Bulvarı No:1 Gebze - Kocaeli;
265;Kocaeli;Kocaeli Gebze V(kimya) İhtisas;İŞLETMEDE (FAALİYETTE);(262) 754-0777;gebkim@gebkim.org.tr;www.gebkim.org.tr;Gebkim Osb Yönetim Merkezi, Şafak Türkay Cad., No:2-1 41455 Çerkeşli Köyü, Dilovası - Kocaeli;
266;Kocaeli;Kocaeli Gebze VI(İMES)Makine İhtisas;İŞLETMEDE (FAALİYETTE);(262) 722-9191;yonetim@imesosb.org;www.imesdilovasi.org;Kocaeli - Gebze Vı. (İmes) OSB Müdürlüğü, Çerkeşli OSB Mah. İMES-1 Bulvarı No:2 Dilovası - KOCAELİ;
267;Kocaeli;Kocaeli Kobi;İŞLETMEDE (FAALİYETTE);(262) 502-8311;info@kocaelikobiosb.org.tr;www.kocaelikobiosb.org.tr;Kocaeli Kobi Osb, Köseler Mah. 3. Cad. No:17 Dilovası - Kocaeli;
268;Kocaeli;Makine İhtisas;İŞLETMEDE (FAALİYETTE);(262) 722-9022;info@makineosb.org.tr;www.makineosb.org.tr;Demirciler Köyü , 6. Cadde No:8 (41455) Dilovası - Kocaeli;
269;Kocaeli;TOSB Otomotiv Tedarik Sanayi İhtisas;İŞLETMEDE (FAALİYETTE);(262) 679-1000;info@tosb.com.tr;www.tosb.com.tr;Tosb Osb Mdr. 1.Cadde No:10, Pk: 41420, Şekerpınar - Çayırova - Kocaeli;
270;Konya;Akşehir;İŞLETMEDE (FAALİYETTE);(332) 812-9346;info@aksehirosb.org.tr;www.aksehirosb.org.tr;Hükümet Caddesi No:10 42550 - Akşehir - Konya;
271;Konya;Akşehir Gıda İhtisas;PLANLAMA AŞAMASINDA;(332) 812-9346;info@aksehirgidaihtisasosb.org.tr;www.aksehirgidaihtisasosb.org.tr;Selçuk mah. 32810 Sk. No:10 Akşehir - Konya;
272;Konya;Beyşehir;İŞLETMEDE (FAALİYETTE);(332) 512-9341;beysehirosb@hotmail.com;www.beysehirosb.org;Beyşehir Yeni Belediye İş Merkezi K:2 N:202 Beyşehir - Konya;
273;Konya;Çumra;İŞLETMEDE (FAALİYETTE);0332 447 46 12;bilgi@cumraosb.org.tr;www.cumraosb.org.tr;Çumra OSB, İstiklal OSB Mahallesi 77762. Sokak No:4 Çumra - KONYA;
274;Konya;Karapınar;İŞLETMEDE (FAALİYETTE);05393020550;info@karapinarosb.org.tr;www.karapinarosb.org.tr;Karapınar OSB, İpekçi Mahallesi Anadolu Cad. No:1 Karapınar - KONYA;
275;Konya;Konya;İŞLETMEDE (FAALİYETTE);(332) 999-1444;info@kos.org.tr;www.kos.org.tr;Büyük Kayacık Mah. Evrenköy Caddesi No:12 42250 Selçuklu - Konya;YAPILDI
276;Konya;Konya Birinci;İŞLETMEDE (FAALİYETTE);(332) 251-9300;kosb@kosb.org.tr;www.kosb.org.tr;"Konya 1. Osb Bölge Müdürlüğü ; Horozluhan Mah. İstikamet Cd. No:37 42060 Selçuklu - Konya";
277;Konya;Konya Ereğli;İŞLETMEDE (FAALİYETTE);(332) 717-0056;konyaeregliosb@hotmail.com;www.konyaeregliosb.org;Kargacı Mah. Organize Sanayi Bölgesi, Konya Yolu 10. Km 1.Cad. No:6 Ereğli - Konya;
278;Konya;Konya-Ilgın;PLANLAMA AŞAMASINDA;(544) 325-9910;ilginosb@gmail.com;www.ilginosb.org;(Ilgın Bld. Bşk.) Ayvatdede Mah. Muhsin Yazıcıoğlu Cad. No:71 Ilgın - Konya;
279;Konya;Kulu;ALTYAPI HAZIRLANIYOR;(332) 641-6530;kuluimar@kulu.bel.tr;www.kuluosb.org.tr;Kulu Belediye Başkanlığı, Camikebir Mah. Cumhuriyet Meydanı No:1-1-201 - Kulu - Konya;
280;Konya;Sarayönü;ALTYAPI HAZIRLANIYOR;444-0570;mscakici@sarayonuosb.org.tr;www.sarayonuosb.org.tr;Doğu İstasyon mah. Nezir Büyükcengiz Caddesi No:1 Sarayönü - Konya;
281;Konya;Seydişehir;İŞLETMEDE (FAALİYETTE);(332) 582-3428;seydisehir@seydisehirosb.org;www.seydisehirosb.org;Seydişehir Belediye Binası, Hacı Seyitali Mahallesi, Mevlana Cad. No:3 42002 Seydişehir - Konya;
282;Kütahya;Gediz;İŞLETMEDE (FAALİYETTE);(274) 457-5150;gedizosb@gmail.com;www.gedizosb.org.tr;Gediz Uşak Karayolu 5. Km Gediz - Kütahya;
283;Kütahya;Kütahya;İŞLETMEDE (FAALİYETTE);(274) 266-2146;kutahyaosb@kutahyaosb.org.tr;www.kutahyaosb.org.tr;"Kütahya 1. Organize Sanayi Bölgesi ; Nafi Güral Caddesi, No:3, Merkez - Kütahya";
284;Kütahya;Kütahya 30 Ağustos;İŞLETMEDE (FAALİYETTE);(274) 220-0018;info@30agustososb.org.tr;www.30agustososb.org.tr;Kütahya Merkez 2. Osb Müdürlüğü Hizmet Binası, (Kütahya Eskişehir Yolu 7Km.) Çalca Osb Mahallesi - 2.Cadde - No:7 Merkez - Kütahya;
285;Kütahya;Kütahya Altıntaş Zafer;İŞLETMEDE (FAALİYETTE);02742236333;info@zaferosb.com.tr;www.zaferosb.com.tr;Zafer OSB, (İl özel İdaresi), Yenidoğan Mahallesi, Dumlupınar Bulvarı, No:111 Merkez - Kütahya;
286;Kütahya;Kütahya Seramik;İŞLETMEDE (FAALİYETTE);(274) 225-1200;info@kutahyaseramikosb.com.tr;www.kutahyaseramikosb.com.tr;Çalca Mah. Ramazan Özen Cad. No:41 Merkez / Kütahya;
287;Kütahya;Kütahya Simav TDİ(Jeo. Kayn. Sera);ALTYAPI HAZIRLANIYOR;(274) 271-3482;bilgi@simavtdiosb.org.tr;www.simavtdiosb.org.tr;Fatih Mahallesi Kışla Caddesi No:87(Simav Kaymakamlığı) Simav/KÜTAHYA;
288;Kütahya;Kütahya Tavşanlı;İŞLETMEDE (FAALİYETTE);(274) 615-3745;info@tavsanliosb.org;www.tavsanliosb.org.tr;Çobanköy Mevkii 8.Cad. No:2 Organize Sanayi Bölge Müdürlüğü Binası Tavşanlı - Kütahya;
289;Malatya;Darende;İŞLETMEDE (FAALİYETTE);(422) 238-5537;yalinozalit@hotmail.com;www.darendeosb.org.tr;Sn. Ahmet Levent Aksoğan, Malatya II.Osb Müdürlüğü - 2. Osb Mah. 1. Cad. No:1 Yeşilyurt- Malatya;
290;Malatya;Malatya (Besi) TDİ;ALTYAPI HAZIRLANIYOR;4227514212;malatya@tuketbir.org.tr;www.ybosb.org.tr;Yazıhan Hükümet Konağı, (TDİOSB) Yeni Mahalle, 6.Sokak, No:10, İç Kapı :01 / Yazıhan - MALATYA;
291;Malatya;Malatya II.;İŞLETMEDE (FAALİYETTE);(422) 244-0003;bilgi@malatyaosb.org.tr;www.malatyaosb.org.tr;Malatya Iı.Osb Müdürlüğü - 2. Osb Mah. 1. Cad. No:1 Yeşilyurt- Malatya;
292;Malatya;Malatya Merkez I.;İŞLETMEDE (FAALİYETTE);(422) 237-5150;bilgi@malorsa.org.tr;www.malorsa.org.tr;Kayseri Malatya Yolu, I.Osb Girişi, 44900 - Malatya;
293;Malatya;Malatya Yazıhan (Sera) TDİ;PLANLAMA AŞAMASINDA;(422) 751-4054;info@yazihan.bel.tr;;Malatya Sera Tdiosb, Yazıhan Belediyesi, Gayret Mah. No:2 Yazıhan - Malatya;
294;Manisa;Akhisar;İŞLETMEDE (FAALİYETTE);(236) 412-8719;info@akhisarosb.org.tr;www.akhisarosb.org.tr;Akhisar OSB Bölgesi, Kayalıoğlu Mah, 10.Cd., No:16 (45230) Akhisar - Manisa;
295;Manisa;Akhisar Zeytin ve Zeytinyağı ve Türevleri İhtisas;İŞLETMEDE (FAALİYETTE);5303713845;zeytinosb@gmail.com;www.akhisarzeytinosb.org.tr;Süleymanlı OSB Mah. Hasanpaşalı Cad. No:7 Akhisar - Manisa;
296;Manisa;Demirci;PLANLAMA AŞAMASINDA;2364621301;demirci@icisleri.gov.tr;www.demirciosb.org.tr;Demirci Kaymakamlığı,Secaattin Mahallesi, Üniversite Caddesi, No:35 Demirci - Manisa;
297;Manisa;Kula Deri İhtisas ve Karma;ALTYAPI HAZIRLANIYOR;(236) 816-3643;kulaosb@hotmail.com;www.kulaosb.org;Cami Cedit Mh.Yunus Emre Cd.100 Yıl, Kat:2 No:97 Kula - Manisa;
298;Manisa;Manisa;İŞLETMEDE (FAALİYETTE);(236) 233-1816;mosb@mosb.org.tr;www.mosb.org.tr;Cumhuriyet Blv. No:14, Keçiliköy OSB Mahallesi, 45030 Yunusemre - Manisa;
299;Manisa;Manisa Salihli Jeotermal Kaynaklı Sera TDİOSB;KAMULAŞTIRMA YAPILIYOR;(236) 714-5342;bilgi@salihliotb.org.tr;www.salihliotb.org.tr;Salihli Ticaret ve Sanayi Odası, Eski Cami Mahallesi 15. Sokak No:2 Salihli - Manisa;
300;Manisa;Manisa Turgutlu I.;İŞLETMEDE (FAALİYETTE);(236) 314-6969;turgutlu@turgutluosb.org.tr;www.turgutluosb.org.tr;"Selvilitepe Osb Mah.; Tic. Ve San. Odası Blv.. No:13 Turgutlu - Manisa";
301;Manisa;Muradiye;İŞLETMEDE (FAALİYETTE);(266) 412-0766;info@muosb.org.tr;www.muosb.org.tr;Muradiye Mahallesi 3 OSB Sokak No:1 Yunusemre / MANİSA;
302;Manisa;Salihli;İŞLETMEDE (FAALİYETTE);(236) 713-9709;salihliosb@salihliosb.org.tr;www.salihliosb.org.tr;Salihli OSB Mahallesi, Organize sanayi Bulvarı, No : 1 (45300) Salihli - Manisa;
303;Manisa;Soma;İŞLETMEDE (FAALİYETTE);(236) 613-1028;bilgi@somaosb.org.tr;www.somaosb.org.tr;Kurtuluş Mah. Cengiz Topel Mey. No:8 Soma - Manisa;
304;Mardin;Mardin;İŞLETMEDE (FAALİYETTE);(482) 215-1114;osbmardin@hotmail.com;www.mardinosb.org.tr;Mardin Osb Müdürlüğü, Ofis Osb Mah. 24. Sk. No:2 47100 - Artuklu - Mardin;
305;Mardin;Mardin 2’nci;İŞLETMEDE (FAALİYETTE);(482) 213-1323;info@mardin2osb.org.tr;www.mardin2osb.org.tr;13 Mart Mahallesi Vali Mustafa Yaman Caddesi Artuklu İş Merkezi Kat:6 No:12 Artuklu - Mardin;
306;Mardin;Mardin Midyat;PLANLAMA AŞAMASINDA;(482) 212-1653;mardin.midyat.osb@gmail.com;;Cumhuriyet Bulvarı No:54 Kaymakamlık Hizmet Binası,47510 Midyat - MARDİN;
307;Mersin;Anamur;KAMULAŞTIRMA YAPILIYOR;03248141115;anamurosb@gmail.com;www.anamurosb.org.tr;Anamur Belediyesi, Yeşilyurt Mahallesi, 29 Ekim Caddesi No:9 Anamur - Mersin;
308;Mersin;Mersin;İŞLETMEDE (FAALİYETTE);(324) 676-4242;info@mtosb.org.tr;www.mtosb.org.tr;Nacarlı Osb Mah. 3 Cad. No:2 Pk:1 Akdeniz - Mersin;
309;Mersin;Mersin Erdemli;KAMULAŞTIRMA YAPILIYOR;4445609/2233;bilgi@erdemli.bel.tr;;Merkez Mahallesi Hal Caddesi No:18 (imar ve şehircilik müdürlüğü) Mersin - Erdemli;
310;Mersin;Mut;İŞLETMEDE (FAALİYETTE);(324) 774-2773;iletisim@mutosb.org;www.mutosb.org;Mut OSB, Meydan Mah, Kıyı Soka, No:2 MUT-MERSİN;
311;Mersin;Silifke;İŞLETMEDE (FAALİYETTE);(324) 714-0005;info@silifkeosb.org.tr;www.silifkeosb.org.tr;Silifke OSB 1. Cad No:13 Silifke - Mersin;
312;Mersin;Tarsus;İŞLETMEDE (FAALİYETTE);(324) 616-3346;bilgi@tarsusosb.org.tr;www.tarsusosb.org.tr;Tarsus TSO Binası Kat 4, Şehitkerim Mahallesi, 3416 Sokak No:39-201, Tarsus - Mersin;
313;Mersin;TÜİOSB Gıda İhtisas ve Karma;ALTYAPI HAZIRLANIYOR;(324) 342-1033;info@tuiosb.org.tr;www.tuiosb.org;Tarsus Tarımsal Ürün İşleme İhtisas Osb, Yeni Mahalle 5302 Sk. Port Plus Large No:3-12 Akdeniz - Mersin;
314;Muğla;Milas;İŞLETMEDE (FAALİYETTE);(252) 512-3747;info@milasosb.org.tr;www.milasosb.org.tr;MİTSO Binası, Hayıtlı Mahallesi, 23 Nisan Bulvarı, No: 172 Milas - Muğla;
315;Muğla;Muğla Seydikemer TDİ (Süt);PLANLAMA AŞAMASINDA;05365678953;tttokmak@hotmail.com;;Cumhuriyet Mah, Demokrasi Meydanı, Eski kaymakamlık hizmet binası, Kat:2: - No:22 Seydikemer - Muğla;
316;Muş;Muş;İŞLETMEDE (FAALİYETTE);(436) 212-9874;musorganizesanayi@gmail.com;www.musosb.com;Muş Osb, Bitlis Yolu, Eski Tekel Binası - Muş;
317;Nevşehir;Nevşehir;İŞLETMEDE (FAALİYETTE);(384) 213-1036;muhasebe@nevsehirosb.org;www.nevsehirosb.org;Nevşehir Aksaray Karayolu 10. Km. Merkez - Nevşehir;
318;Nevşehir;Nevşehir Acıgöl;İŞLETMEDE (FAALİYETTE);(384) 311-2002;mcicek46@hotmail.com;www.acigolosb.org;Yukarı Mah. Belediye Cad. No:51 (50140) Acıgöl - Nevşehir;
319;Nevşehir;Nevşehir Avanos Kapadokya;KAMULAŞTIRMA YAPILIYOR;03842131036;nevsehirtso@tobb.org.tr;www.avanoskapadokyaosb.org;Kapucubaşı Mahallesi, Millet Caddesi, No:69 Merkez - Nevşehir;
320;Nevşehir;Nevşehir Kozaklı TDİ (Jeo.Kayn.Sera);PLANLAMA AŞAMASINDA;3842131036;nevsehirtdiosb@gmail.com;www.nevsehirtdiosb.org.tr;Kozaklı TDİOSB, Kapucubaşı Mah. Millet Cad. No:69 Merkez - Nevşehir;
321;Niğde;Niğde;İŞLETMEDE (FAALİYETTE);(388) 225-0171;info@nigdeosb.com;www.nigdeosb.com;Niğde Osb, Niğde - Bor Karayolu 7. Km. -8. Cadde No: 7 - Niğde;
322;Niğde;Niğde Bor Karma ve Deri İhtisas;İŞLETMEDE (FAALİYETTE);388315-0001;borkarmaosb@gmail.com;www.borosb.org.tr;Niğde Bor Osb, Ankara Asfaltı 9. Km. 51700 Bor - Niğde;
323;Niğde;Niğde II.;PLANLAMA AŞAMASINDA;3882803375;stmniinfo@n2osb.org.tr;;Aşağı Kayabaşı Mah. Feridun Zeren Cad. Niğde Valiliği Hizmet Binası 51200 Merkez- Niğde;
324;Niğde;Niğde-Bor  TDİ (Besi);ALTYAPI HAZIRLANIYOR;3883117115;nigde@icisleri.gov.tr;;Belediye Binası, Soku Başı Mahallesi, Şeyh Ahmet Kuddusi Cad no:31 / Kat:2 Bor - Niğde;
325;Ordu;Fatsa;İŞLETMEDE (FAALİYETTE);4240099;fatsaosb@hotmail.com;www.fatsaosb.com.tr;Fatsa Organize Sanayi, Osb Mahallesi, 101. Sokak, No:79 - Fatsa - Ordu;
326;Ordu;Ordu;İŞLETMEDE (FAALİYETTE);(452) 234-7575;info@orduosb.com;www.orduosb.com;Ordu Osb, Karapınar Mahallesi, Organize Sanayi Bölge Müdürlüğü 1162 Nolu Sok No:1 Altınordu - Ordu;
327;Ordu;Ordu 2’nci;PLANLAMA AŞAMASINDA;(452) 666-2060;orduosb2@hotmail.com;www.ordu2osb.org.tr;Bahçelievler mahallesi, 295 sokak, Ordu TSO, Hizmet Binası (Kat 1) Altınordu - Ordu;
328;Ordu;Ordu Ünye;İŞLETMEDE (FAALİYETTE);(452) 323-1753;unyeosb@hotmail.com;www.unyeosb.org.tr;Ordu Ünye Osb, Liseler Mah. Devlet Sahilyolu No:357 52300 Ünye - Ordu;
329;Osmaniye;Düziçi Karma;PLANLAMA AŞAMASINDA;3288761700;info@osbuk.org.tr;www.duziciosb.org;Düziçi Kaymakamlığı, Hürriyet Mah. Uzman Jandarma Çavuş Ali Gökçe No:1/A Düziçi - Osmaniye;
330;Osmaniye;Kadirli;İŞLETMEDE (FAALİYETTE);(328) 739-2009;kadirliosb@hotmail.com;www.kadirliosb.org;Kadirli OSB, Yusufizzettin Köyü - Cadde : 1 No: 14 (80750) Kadirli - Osmaniye;
331;Osmaniye;Osmaniye;İŞLETMEDE (FAALİYETTE);(328) 826-8592;oosb@oosb.org.tr;www.oosb.org.tr;Büyüktüysüz Mah. E.Ayhan Tosyalı Cad.No:20 Toprakkale - Osmaniye;
332;Osmaniye;Sumbas Karma;PLANLAMA AŞAMASINDA;(328) 784-8366;sumbasosb@sumbasosb.org.tr;www.sumbasosb.org.tr;Sumbas OSB, Yeni Kaymakamlık Binası, Hükümet Cad. Kat :2 Sumbas - Osmaniye;
333;Rize;Rize;İŞLETMEDE (FAALİYETTE);(464) 300-0001;info@rizeosb.com.tr;www.rizeosb.com.tr;Organize Sanayi Bölgesi, 2 Nolu Cadde, No:6, Aksu Osb Mahallesi, Kalkandere - Rize;
334;Rize;Rize Ardeşen;KAMULAŞTIRMA YAPILIYOR;(464) 715-3524;mustafaon64@hotmail.com;;Ardeşen Ticaret Ve Sanayi Odası - Rize;
335;Sakarya;Ferizli;İŞLETMEDE (FAALİYETTE);(264) 781-3010;info@ferizliosb.org.tr;www.ferizliosb.org.tr;Ferizli Osb Mahallesi, Adapazarı-Karasu Karayolu Üzeri, 1. Cad., No:2 54110 Ferizli - Sakarya;
336;Sakarya;Karasu;İŞLETMEDE (FAALİYETTE);(264) 718-8323;karasuosb@hotmail.com;www.karasuosb.org.tr;Kabakoz OSB Mah. OSB Küme Evleri No:8/1 Karasu - SAKARYA;
337;Sakarya;Kaynarca Mobilya İhtisas;İŞLETMEDE (FAALİYETTE);(264) 871-4141;kamosb@kamosb.org.tr;www.kamosb.org.tr;Hükümet Konağı, Kat:3 Kaynarca - Sakarya;
338;Sakarya;Sakarya I;İŞLETMEDE (FAALİYETTE);(264) 276-6750;sosb@sosb.org.tr;www.sosb.org.tr;Sakarya 1. Osb Müdürlüğü, Sakarya Mah. Şeh.Kom.Onb.Zekeriya Gözyuman Cad. No:121 54580 Arifiye-Sakarya;
339;Sakarya;Sakarya II;İŞLETMEDE (FAALİYETTE);(264) 654-5833;s2osb@s2osb.org.tr;www.s2osb.org.tr;Sakarya 2.Osb Müdürlüğü, Kargalıhanbaba Osb Mah., 1.Yol, No:11 Hendek - Sakarya;
340;Sakarya;Sakarya III;İŞLETMEDE (FAALİYETTE);(264) 681-4710;sakarya3osb@hotmail.com;www.s3osb.org.tr;Sakarya 3.Osb Müdürlüğü, Soğucak Mah. Küme Evler No:48 Söğütlü - Sakarya;
341;Sakarya;Sakarya Kaynarca Doğu Marmara Makine İmalatçıları İhtisas;İŞLETMEDE (FAALİYETTE);(264) 871-2500;info@domiosb.org.tr;www.domiosb.org.tr;Merkez Mahalle, Hüsnü Aydın Cad. Kaynarca Kültür Merkezi 54650 No:7-108 Kat:2 Kaynarca - Sakarya;
342;Sakarya;Sakarya Otomotiv ve Metal İhtisas;ALTYAPI HAZIRLANIYOR;(264) 888-3000;1@1;www.somiosb.org.tr;SATSO, Şehit Onbaşı Zekeriya Gözyuman Caddesi, No:27 Arifiye - Sakarya;
343;Sakarya;Sakarya Söğütlü;KAMULAŞTIRMA YAPILIYOR;(264) 888-3000;sogutluosb@gmail.com;www.sogutluosb.org.tr;SÖĞÜTLÜ OSB, SATSO Hanlı Merkez, Sakarya Mah. Şehit Onbaşı Zekeriya Gözyuman Cad 27-A Arifiye - SAKARYA;
344;Samsun;Çarşamba;İŞLETMEDE (FAALİYETTE);(362) 502-0055;carsambaosb@gmail.com;www.carsambaosb.com;ÇARŞAMBA OSB, Üçköprü Mah. 3.cadde Kapı No:10 Çarşamba - Samsun;
345;Samsun;Samsun Bafra;İŞLETMEDE (FAALİYETTE);(362) 542-4236;info@bafraosb.org;www.bafraosb.org;Doğankaya Mah. Organize Sanayi Bölgesi 4.Cad. No:6 Bafra - Samsun;
346;Samsun;Samsun Bafra (Sera) TDİ;İŞLETMEDE (FAALİYETTE);(362) 543-1075;info@bafraseraosb.org;www.seraosb.org;(Bafra Tic.San.Od.), Hacı Nabi Mah. Tekel cad No:53 - Bafra - Samsun;
347;Samsun;Samsun Gıda İhtisas;İŞLETMEDE (FAALİYETTE);03625032211;samsungidaosb@gmail.com;www.samsungidaosb.org.tr;Samsun Gıda OSB, Çiftlikosb Mahallesi 2. Cadde No:42 55300 Tekkeköy - Samsun;
348;Samsun;Samsun Havza;İŞLETMEDE (FAALİYETTE);(362) 714-5500;havzaosb@gmail.com;www.havzaosb.org.tr;Bekdiğin mahallesi, Havza osb cad. No 21 Havza-Samsun;
349;Samsun;Samsun Kavak;İŞLETMEDE (FAALİYETTE);(362) 741-5034;info@kavakosb.org.tr;www.kavakosb.org.tr;Kavak OSB, Yeni Cami OSB Mah. 1. Cadde No:4 Kavak - Samsun;
350;Samsun;Samsun Merkez;İŞLETMEDE (FAALİYETTE);(362) 266-5800;info@samsunosb.org.tr;www.samsunosb.org.tr;Samsun Merkez Osb Müdürlüğü - Vali Mah. Erdoğan Cebeci Bulvarı No. 48 Tekkeköy - Samsun;
351;Samsun;Samsun Yeni;İŞLETMEDE (FAALİYETTE);03624316475;samsunyeniosb@gmail.com;www.samsunyeniosb.org.tr;Samsun Gıda OSB, Çiftlikosb Mahallesi 2. Cadde No:42 55300 Tekkeköy - Samsun;
352;Samsun;Terme Karma;ALTYAPI HAZIRLANIYOR;03628761002;termebelediyesi@hs01.kep.tr;;Cumhuriyet Meydanı, 55600 Terme - Samsun;
353;Samsun;Vezirköprü Karma;ALTYAPI HAZIRLANIYOR;03626471001;info@osbuk.org.tr;www.vezirkopruosb.org;Fazıl Ahmet Paşa Mah.Köprülüler Cad. 41/20 Atatürk İş Merkezi 55900 Vezirköprü - SAMSUN;
354;Samsun;Yakakent Su Ürünleri İşleme İhtisas OSB;KAMULAŞTIRMA YAPILIYOR;(362) 611-2104;yakakentosb@gmail.com;;Merkez Mah. Cumhuriyet Meydanı, Hükümet Konağı No:1/101 Yakakent - Samsun;
355;Siirt;Siirt;İŞLETMEDE (FAALİYETTE);(484) 223-3801;osbsiirt56@gmail.com;www.siirtosb.org;Siirt Osb, 1289 Nolu Parsel, Dolu Harman Köyü Merkez - Siirt;
356;Sinop;Boyabat;İŞLETMEDE (FAALİYETTE);(368) 315-8164;boyabatorganizesanayi@hotmail.com;www.boyabatosb.com.tr;Camikebir Mah. Adnan Menderes Blv. Yeni Kaymakamlık Binası Kat:3 No:11 Boyabat - Sinop;
357;Sinop;Sinop;İŞLETMEDE (FAALİYETTE);(368) 284-7166;sinoposb@hotmail.com;www.sinoposb.org.tr;Sinop Osb, Merkez Demirci Köyü Mevkii Sinop Osb Merkez - Sinop;
358;Sivas;Demirağ;İŞLETMEDE (FAALİYETTE);3465025455;info@demiragosb.org.tr;www.demiragosb.org.tr;Demirağ Osb, Sivas-Erzincan Karayolu 23.Km Doğanca Köyü, 1. Sokak, No:2 Merkez - Sivas;
359;Sivas;Sivas Gemerek;İŞLETMEDE (FAALİYETTE);(346) 614-1001;sivasgemerekosb@gmail.com;www.gemerekosb.org.tr;Bahçeli Mah. Uzunbayır Sok. No:2 Seyrantepe Gemerek - Sivas;
360;Sivas;Sivas Merkez I;İŞLETMEDE (FAALİYETTE);(346) 218-1400;sivas@sivasosb.org.tr;www.sivasosb.org.tr;Sivas Osb, Sivas-Erzincan Karayolu 7.Km Osb Iı.Kısım 5.Cad. 10.Sokak No:2 Merkez - Sivas;
361;Sivas;Sivas Şarkışla;İŞLETMEDE (FAALİYETTE);(346) 512-1004;hancerlizade@gmail.com;www.sarkislaosb.org.tr;Şarkışla Osb Müdürlügü, Hükümet Konagı Kat : 3 58400 Şarkışla - Sivas;
362;Sivas;Şarkışla TDİ;ALTYAPI HAZIRLANIYOR;(346) 512-1004;hancerlizade@gmail.com;;Hükümet Binası, Kayalıyokuş Mahh. Cumhuriyet Cad. 3.Kat Şarkışla-SİVAS;
363;Şanlıurfa;Birecik;İŞLETMEDE (FAALİYETTE);(414) 652-1165;info@birecikosb.org.tr;www.birecikosb.org.tr;Birecik OSB, Kocaali Mahallesi Hacı Sadettin BİLGİN Sokak No:8 Birecik - Şanlıurfa;
364;Şanlıurfa;Siverek;İŞLETMEDE (FAALİYETTE);(414) 552-1023;info@siverekorganize.org;www.siverekosb.org;Siverek Kaymakamlığı, Camikebir Mh. Atatürk Bulvarı, No:101 Siverek - Şanlıurfa;
365;Şanlıurfa;Şanlıurfa;İŞLETMEDE (FAALİYETTE);(414) 369-1640;info@suosb.org.tr;www.suosb.org.tr;"Şanlıurfa OSB; Şanlıurfa Gaziantep Karayolu 15 Km - Eyyübiye - Şanlıurfa";
366;Şanlıurfa;Şanlıurfa Gıda İhtisas;İŞLETMEDE (FAALİYETTE);(414) 314-5999;bilgi@sugiosb.org;www.sugiosb.org;Şanlıurfa-Gaziantep Karayolu 18.km Koçören Mah. 601. cadde, No:4 Eyyübiye - Şanlıurfa;
367;Şanlıurfa;Şanlıurfa TDİ;İŞLETMEDE (FAALİYETTE);(532) 362-6475;info@urfatdiosb.org;www.urfatdiosb.org;Çalışkanlar Mah. 1 Cad. 60/1 Eyyübiye - Şanlıurfa;
368;Şanlıurfa;Şanlıurfa Viranşehir;İŞLETMEDE (FAALİYETTE);(414) 533-1023;viransehirosb.63@hotmail.com;www.viransehirosb.org.tr;Akçataş Mah. Organize Sanayi Bölgesi, Dr. Yalçın Yılmaz Cad. No:1 Viranşehir - Şanlıurfa;
369;Şırnak;Şırnak;İŞLETMEDE (FAALİYETTE);(486) 216-5905;sirnaktso@gmail.com;www.sirnakosb.org.tr;Tso Hizmet Odası, Vakıfkent Mah., Şht.Üstğm. M.Esin Cad., No:16 - Şırnak;
370;Şırnak;Şırnak Cizre;İŞLETMEDE (FAALİYETTE);(486) 502-3434;cizreosb@hotmail.com;www.cizreosb.org;"Cizre Osb; Nusaybin Yolu 17 Km, Kurucu Köyü - Cizre - Şırnak";
371;Şırnak;Şırnak Silopi TDİ (Sera);ALTYAPI HAZIRLANIYOR;(486) 216-1039;bilgi@sirnakozelidare.gov.tr;www.sirnakozelidare.gov.tr;Şırnak il özel idaresi. Cumhuriyet mah. Atatürk cad. no:40 Merkez - Şırnak;
372;Tekirdağ;Çerkezköy;İŞLETMEDE (FAALİYETTE);(282) 758-1156;cosb@cosb.org.tr;www.cosb.org.tr;Çosb İsmetpaşa Mah. Fatih Bulvarı No:6 59510 Kapaklı - Tekirdağ;
373;Tekirdağ;Çorlu 1;İŞLETMEDE (FAALİYETTE);(282) 673-7808;info@corlu1osb.org.tr;www.corlu1osb.org.tr;Çorlu Ticaret Ve Sanayi Odası, Zafer Mahallesi Şehitler Caddesi No:6 - Çorlu - Tekirdağ;
374;Tekirdağ;Çorlu deri İhtisas ve karma;İŞLETMEDE (FAALİYETTE);(282) 651-2709;bilgi@corluderiosb.org.tr;www.corluderiosb.org.tr;Marmaracık Osb Mah. Mimar Sinan Cad. No:8 Ergene - Tekirdağ;
375;Tekirdağ;Ergene-1;İŞLETMEDE (FAALİYETTE);(282) 672-2304;info@ergene1osb.org;www.ergene1osb.org;Ergene 1 OSB, Vakıflar Osb Mahallesi, Sanayi Caddesi, Arıtma Sokak, 4-1 Ergene - Tekirdağ;
376;Tekirdağ;Ergene-2;İŞLETMEDE (FAALİYETTE);(282) 655-5033;bilgi@ergene2osb.org.tr;www.ergene2osb.org.tr;Ulaş Osb Mah. 206 Sok. No:2 Ergene 2 Osb (Kits Brode Tekstil San. Ve Tic. A.Ş. Firması Yanı) - Ergene - Tekirdağ;
377;Tekirdağ;Hayrabolu;İŞLETMEDE (FAALİYETTE);(282) 315-1515;info@hayraboluosb.org.tr;www.hayraboluosb.org.tr;Hisar Mahallesi Şair Mehmet Mahvi Sok. No:2 Kat:3 Hayrabolu - Tekirdağ;
378;Tekirdağ;Kapaklı;İŞLETMEDE (FAALİYETTE);(282) 758-3813;bilgi@kapakliosb.org.tr;www.kapakliosb.org.tr;(Kapaklı Belediyesi Karaağaç Ek Hizmet Binası), Mimar Sinan Mah. Baran sok. No:5 Kat:3 Kapaklı - Tekirdağ;
379;Tekirdağ;Malkara;İŞLETMEDE (FAALİYETTE);(282) 427-9101;info@malkaraosb.org.tr;www.malkaraosb.org.tr;Malkara Osb Müdürlüğü, Çavuşköy Mah. Ergenekon Cad. No:6 Malkara - Tekirdağ;
380;Tekirdağ;Marmaraereğlisi;İŞLETMEDE (FAALİYETTE);(282) 613-0464;info@marsab.org.tr;www.marsab.org.tr;Marmaraereğlisi OSB Müdürlüğü, Cedid Ali Paşa Mah. Sahil Cad. No:13/A Marmaraereğlisi - Tekirdağ;
381;Tekirdağ;Muratlı;İŞLETMEDE (FAALİYETTE);(282) 361-7070;info@muratliosb.org;www.muratliosb.org;Muratlı Osb, İstiklal-Kurtpınar Osb Mah. 10.Sok. No:4 (Arıtma Tesisi) Pk:59700 Muratlı - Tekirdağ;
382;Tekirdağ;Pakop Plastik İhtisas;PLANLAMA AŞAMASINDA;(212) 447-4851;pakop@pakop.org.tr;www.pakop.org.tr;Mahmutbey Mah. Taşocağı Yolu Cad. No:7 Zemin Kat Bağcılar - İstanbul;
383;Tekirdağ;Veliköy;İŞLETMEDE (FAALİYETTE);(282) 747-6601;info@vosb.org.tr;www.vosb.org.tr;Veliköy Mah. Sanayi Bulvarı No:54-A Çerkezköy - Tekirdağ;
384;Tekirdağ;Velimeşe;İŞLETMEDE (FAALİYETTE);(282) 673-8150;info@velimeseosb.org.tr;www.velimeseosb.org.tr;Velimeşe Osb Mah. 3. Yanyol Cad. No:1-2 Ergene - Tekirdağ;
385;Tekirdağ;Yalıboyu;İŞLETMEDE (FAALİYETTE);(282) 673-6559;bilgi@yaliboyuosb.org.tr;www.yaliboyuosb.org.tr;Çerkezköy Tso Binası (1.Kat Oda 1-2) Gazi Osman Paşa Mahallesi Fevzi Paşa Caddesi No : 5-1 Çerkezköy - Tekirdağ;
386;Tokat;Erbaa Toprak Sanayi İhtisas ve Karma;İŞLETMEDE (FAALİYETTE);(356) 716-1815;erbaaorganizesanayi@gmail.com;www.erbaaosb.org.tr;İsmetpaşa Mah.Dr.Sermet Durmuşoğlu Cad.Hükümet Konağı Kat:2 Erbaa-Tokat;
387;Tokat;Niksar;İŞLETMEDE (FAALİYETTE);(356) 527-8151;niksar.osb@gmail.com;;Niksar Belediyesi, Yusufşah Mahallesi, F.S.M Cad. No:151 - Niksar - Tokat;
388;Tokat;Tokat Merkez;İŞLETMEDE (FAALİYETTE);(356) 232-9756;o.s.b.tokat@gmail.com;;Tokat-Merkez Osb Müdürlüğü İdari Binası, Kat:1, Merkez - Tokat;
389;Tokat;Tokat-Turhal;İŞLETMEDE (FAALİYETTE);(356) 275-5570;turhalosb@hotmail.com;www.turhalosb.org;Cumhuriyet Mahallesi Turgut Özal Caddesi 3/A (Turhal İlçe Özel İdare Müdürlüğü hizmet binası 2.kat) Turhal - TOKAT;
390;Tokat;Zile;İŞLETMEDE (FAALİYETTE);(356) 317-1086;bilgi@zileosb.org.tr;www.zileosb.org.tr;Bahçelievler Mah. Maden cad.Yeni Hükümet Konağı Kat: 3 No:02 Zile - Tokat;
391;Trabzon;Araklı Hazır Giyim/Tekstil İhtisas;KAMULAŞTIRMA YAPILIYOR;(462) 721-6228;araklibelediyesi@arakli.bel.tr;;Kalecik Mah. Kumlama Mevkii, Araklı-Trabzon;
392;Trabzon;Şinik (Akçaabat);İŞLETMEDE (FAALİYETTE);(462) 321-4680;sinikosb@gmail.com;www.sinikosb.com;Şinik Osb Mahallesi, 1 No'Lu Cadde No:7 (61300) Akçaabat - Trabzon;
393;Trabzon;Trabzon Arsin;İŞLETMEDE (FAALİYETTE);(462) 711-3710;info@tosbol.org.tr;www.tosbol.org.tr;Arsin Osb Müdürlüğü, Yeşilyalı Mah. 9. nolu Cadde No: 2-1 - 61900 Arsin - Trabzon;
394;Trabzon;Trabzon Beşikdüzü;İŞLETMEDE (FAALİYETTE);(462) 248-5001;info@besosb.com;www.besosb.com;Trabzon Beşikdüzü Osb Müdürlüğü 4. Nolu Cadde No: 4 Beşikdüzü - Trabzon;
395;Trabzon;Vakfıkebir (Trabzon);ALTYAPI HAZIRLANIYOR;(462) 321-4680;vakfikebirosb@hotmail.com;www.vakfikebirosb.org.tr;OSB, Çarşı Mahallesi, Gülbahar Hatun Caddesi No:158 Vakfıkebir - Trabzon;
396;Tunceli;Tunceli;İŞLETMEDE (FAALİYETTE);(428) 213-1057;tunceliosb1@gmail.com;www.tunceliosb.org.tr;Özel İdare Binası, A Blok, Yenimahalle - Tunceli;
397;Uşak;Banaz;İŞLETMEDE (FAALİYETTE);02763151035;banazosb@gmail.com;www.banazosb.org.tr;Banaz Osb Başkanlığı, Banaz Belediyesi, Cumhuriyet Mahallesi Milli Egemenlik Caddesi No:1 Banaz - Uşak;
398;Uşak;Uşak;İŞLETMEDE (FAALİYETTE);(276) 266-7171;bilgi@uosb.org.tr;www.uosb.org.tr;Uşak Osb Müdürlüğü, Uşak - İzmir Karayolu, 18.Km. 111.Cd, No:365 - Uşak;
399;Uşak;Uşak Banaz TDİ(Jeo.Kayn.Sera);PLANLAMA AŞAMASINDA;02762231270;bilgi@usakilozelidaresi.gov.tr;;Uşak İl Özel İdaresi, Ünalan Mahallesi Atatürk Bulvarı No:102, 64100 Merkez - Uşak;
400;Uşak;Uşak Deri (karma);İŞLETMEDE (FAALİYETTE);(276) 234-0001;info@ukosb.org.tr;www.ukosb.org.tr;Uşak Deri OSB 64000 Karma OSB - Uşak Merkez - Uşak;
401;Uşak;Uşak Karahallı;İŞLETMEDE (FAALİYETTE);(276) 517-1027;bilgi@karahalliosb.org.tr;www.karahalliosb.org.tr;Konak Mahallesi, Cemil Özer Sokak, No:2 Kat:2 - Daire:203 - (64700) - Karahallı - Uşak;
402;Van;Erciş;İŞLETMEDE (FAALİYETTE);(432) 351-6231;ercisosb@gmail.com;www.ercisosb.org.tr;Ticaret Ve Sanayi Odası Hizmet Binası - Haşmet Bedii, Kürüm Caddesi No: 20 Erciş - Van;
403;Van;Van;İŞLETMEDE (FAALİYETTE);(432) 226-0066;vanosb@vanosb.org.tr;www.vanosb.org.tr;Van OSB Müdürlüğü, Erciş Yolu Üzeri 11.Km (Kampüs Binası Karşısı) - Tuşba - Van;
404;Van;Van TDİ (Besi);PLANLAMA AŞAMASINDA;(432) 210-0055;vantso@vantso.org.tr;vanbesiosb.org.tr;Vali mithatbey Mah. İskele Cad. Van TSO Hizmet Binası No:51 Kat:3 İpekyolu - Van;
405;Yalova;Yalova Avrasya Giyim ve Gemi İhtisas;İŞLETMEDE (FAALİYETTE);(226) 812-0011;info@avrasyaosb.com.tr;www.avrasyaosb.com.tr;Avrasya Giyim Osb, Yalova Ptt Merkezi Pk:6 77100 - Yalova;
406;Yalova;Yalova Çiçekçilik TDİOSB;PLANLAMA AŞAMASINDA;(226) 814-1224;info@yalovacicekcilikosb.org.tr;www.yalovacicekcilikosb.org.tr;Yalova Çiçekçilik Tdiosb, Rüstem Paşa, Dere Sk. No:9 Merkez - Yalova;
407;Yalova;Yalova Kalıp İmalatı İhtisas;KAMULAŞTIRMA YAPILIYOR;(224) 261-5892;ukub@ukub.org.tr;www.ukub.org.tr;Ulusal Kalıp Üreticileri Birliği - Alaaddin Bey Mah.Pazar Cd. Sera Plaza 29-D-4 Nilüfer - Bursa;
408;Yalova;Yalova Kompozit ve Kimya İhtisas;İŞLETMEDE (FAALİYETTE);02263532395;info@yalkimosb.org.tr;www.yalkimosb.org.tr;Merkez Mahallesi, Ali Raif Dinçkök Caddesi No:2, Taşköprü - Çiftlikköy - Yalova;
409;Yalova;Yalova Makina İhtisas;İŞLETMEDE (FAALİYETTE);(226) 808-0990;info@yalovaimesosb.org;www.yalovaosb.org;Yalova Makine İhtisas OSB, Merkez Mevkii Mustafa Varank Cad. No:4 1/ Laledere Köyü/ Çiftlikköy - Yalova;
410;Yozgat;Bozok;ALTYAPI HAZIRLANIYOR;03542121048;bozokosb@gmail.com;www.bozokosb.org;Bozok Osb, Yozgat Valiliği Hizmet Binası Kat:3 - Yozgat;
411;Yozgat;Fuat Oktay;İŞLETMEDE (FAALİYETTE);(354) 645-2000;bogazliyanosb@hotmail.com;fuatoktayosb.org;Boğazlıyan Belediyesi, Çarşı, 66400 Boğazlıyan - Yozgat;
412;Yozgat;Kaleseramik ( ÖZEL );İŞLETMEDE (FAALİYETTE);(354) 516-1717;kaleseramikosb@kale.com.tr;www.kaleseramikosb.org.tr;Kaleseramik OSB, Karacaşar Mahallesi Köprübaşı Mevkii No:1 Yerköy - Yozgat;
413;Yozgat;Yozgat;İŞLETMEDE (FAALİYETTE);(354) 558-1191;osbyozgat@gmail.com;www.yozgatosb.org.tr;Yozgat Osb Müdürlüğü - Yerköy - Yozgat;
414;Yozgat;Yozgat Yerköy (Jeo.Kayn.Sera) TDİOSB;PLANLAMA AŞAMASINDA;(354) 516-1188;yerkoytdiosb@gmail.com;www.yerkoytdiosb.org.tr;Haşim Kılıç Mah. Hükümet Cad. Kaymakamlık Binası Kat:3 Yerköy - Yozgat;
415;Zonguldak;Çaycuma (Sera) TDİ;İŞLETMEDE (FAALİYETTE);(372) 638-6456;ozzokur@hotmail.com;www.caycumaseraosb.org.tr;Çaycuma TDIOSB, Velioğlu OSB Mah. OSB 4 Nolu Sok. No:10/1 Çaycuma - Zonguldak;
416;Zonguldak;Zonguldak Alaplı;İŞLETMEDE (FAALİYETTE);(372) 378-0404;bilgi@alapliosb.org.tr;www.alapliosb.org.tr;Alaplı OSB, Alaplı Hükümet Konağı Kat:2 Alaplı - Zonguldak;
417;Zonguldak;Zonguldak Çaycuma;İŞLETMEDE (FAALİYETTE);(372) 638-6456;caycumaosb@gmail.com;www.cayorsan.org.tr;Velioğlu Mah. Samyeli Cad. No: 183 (67900) Çaycuma - Zonguldak;
418;Zonguldak;Zonguldak Ereğli;İŞLETMEDE (FAALİYETTE);(372) 323-1594;info@zeosb.org.tr;www.zeosb.org.tr;Hamzafakıhlı Mah. Organize Sanayi Bölgesi 2 Nolu Yol Cd. No:6 Karadeniz Ereğli - Zonguldak;
419;Zonguldak;Zonguldak Gökçebey;PLANLAMA AŞAMASINDA;;gokcebeyosb@gmail.com;www.zonguldakgokcebeyosb.org.tr;Velioğlu OSB Mahallesi, OSB 4 Nolu sokak No:10 Çaycuma - Zonguldak;